process/memory/lib_memory_proc_MB,01_general/step,02_timing/dataload_time_s,_step,_runtime,memory/used_memory_sys_percent,disk/time/disk_read_time_sys_s,bandwidth/net_recv_sys_bandwidth_Mbits,memory/available_memory_sys_MB,_timestamp,disk/counter/disk_write_sys_count,cpu/interrupts/soft_interrupts_count,02_timing/dataload_cuda_move_time_s,02_timing/opt_step_time_s,process/voluntary_proc_ctx_switches,cpu/load/avg_sys_load_one_min_percent,memory/total_memory_sys_MB,cpu/interrupts/interrupts_count,01_general/step_based_sps,disk/time/disk_write_time_sys_s,disk/counter/disk_read_sys_count,process/memory/dirty_pages_proc_count,02_timing/backward_time_s,cpu/load/avg_sys_load_five_min_percent,cpu/load/avg_sys_load_fifteen_min_percent,process/memory/data_resident_set_proc_MB,01_general/locally_processed_samples,02_timing/loss_calc_time_s,process/memory/virtual_memory_size_proc_MB,01_general/dataset_iteration_count,bandwidth/disk_read_sys_bandwidth_MBs,cpu/logical_core_count,bandwidth/net_sent_sys_bandwidth_Mbits,cpu/interrupts/ctx_switches_count,process/involuntary_proc_ctx_switches,process/memory/shared_memory_proc_MB,process/memory/text_resident_set_proc_MB,bandwidth/disk_write_sys_bandwidth_MBs,memory/used_memory_sys_MB,process/memory/resident_set_size_proc_MB,02_timing/forward_time_s,01_general/minibatch_loss,02_timing/step_time_s,01_general/lr,disk/time/disk_busy_time_sys_s
,,,0,1,,,,,1696238279.0,,,,,,,2151704.162304,,,,,,,,,,,,,,,256.0,,,,,,,,,,,,,
5915.312128,,,1,1,3.4,0.0,0.1605418732843592,2079569.145856,1696238279.0,0.0,101.0,,,400.0,1.7968749999999998,,159.0,,0.0,0.0,0.0,,1.9375,2.08984375,0.0,,,22129.115136,,0.0,,0.727160250203276,207.0,597.0,213.139456,2.854912,0.0,44593.549312,473.870336,,,,,0.0
6458.642432,,,2,2,3.4,0.5630000000091968,0.33591447914983497,2078954.098688,1696238280.0,35.0,9826.0,,,420.0,1.7968749999999998,,21766.0,,0.0,957.0,0.0,,1.9375,2.08984375,0.0,,,23156.641792,,461.30542771055906,,0.2794602602608761,27884.0,651.0,217.071616,2.854912,0.11351020275731065,45208.559616,961.204224,,,,,0.7440000000060536
7180.423168,,,3,3,3.4,0.5630000000091968,0.04176147011023168,2078289.38752,1696238281.0,97.0,22228.0,,,420.0,1.875,,44321.0,,0.003000000026077032,957.0,0.0,,1.94921875,2.09375,0.0,,,23878.422528,,0.0,,0.009843436252621036,59275.0,751.0,218.97216,2.854912,0.40278233162235755,45873.278976,1742.512128,,,,,0.8080000000045402
7691.399168,,,4,4,3.4,1.279000000009546,0.020988418879182836,2077777.854464,1696238282.0,1079.0,32813.0,,,420.0,1.875,,66941.0,,0.06499999994412065,2250.0,0.0,,1.94921875,2.09375,0.0,,,24389.398528,,388.96402158794723,,0.05229706633521373,87133.0,850.0,219.365376,2.854912,5.018746931697314,46384.80384,2252.341248,,,,,1.5760000000009313
8745.55392,,,5,5,3.5,1.8460000000050059,0.0005209946580665368,2077347.643392,1696238283.0,1108.0,45115.0,,,422.0,1.875,,91153.0,,0.06599999987520278,3552.0,0.0,,1.94921875,2.09375,0.0,,,25443.897344,,457.321406023677,,0.0009946261644691807,117080.0,949.0,219.561984,2.854912,0.0747706231278088,46815.002624,2606.51008,,,,,2.368000000002212
8348.418048,,,6,6,3.4,3.3440000000118744,0.01630994821334213,2078095.691776,1696238284.0,1147.0,62518.0,,,429.0,1.875,,150100.0,,0.06799999997019768,6676.0,0.0,,1.94921875,2.09375,0.0,,,33722.994688,,1197.3932936836086,,0.0601266595993674,155357.0,991.0,219.963392,2.854912,0.10100016790376151,46066.946048,1824.03072,,,,,4.372000000003027
9057.378304,,,7,7,3.4,3.460000000006403,0.0005227073798945768,2077598.3104,1696238285.0,1173.0,81531.0,,,451.0,1.875,,192348.0,,0.06799999997019768,6908.0,0.0,,1.94921875,2.09375,0.0,,,35306.467328,,57.35310099219382,,0.001187971316832095,222055.0,1051.0,461.651968,2.854912,0.10137355718609423,46553.86624,2580.918272,,,,,4.528000000005704
8709.005312,,,8,8,3.4,5.032000000006519,0.008724754043061087,2077738.754048,1696238286.0,1192.0,94314.0,,,458.0,1.8789062499999998,,230058.0,,0.06999999983236194,10052.0,0.0,,1.94921875,2.09375,0.0,,,36232.957952,,813.9138436453171,,0.04260430167449724,263666.0,1097.0,503.537664,2.854912,0.04855515465532197,46413.37344,2187.415552,,,,,5.952000000004773
8709.005312,,,9,9,3.4,5.032000000006519,0.0005220305643347414,2077581.053952,1696238287.0,1250.0,103310.0,,,458.0,1.8789062499999998,,255908.0,,0.07099999999627471,10052.0,0.0,,1.94921875,2.09375,0.0,,,36232.957952,,0.0,,0.0011231566676890023,303365.0,1097.0,503.537664,2.854912,0.3806710110822848,46571.122688,2187.415552,,,,,6.032000000006519
8709.005312,,,10,10,3.4,5.032000000006519,0.009559658219146987,2077488.381952,1696238288.0,1269.0,113896.0,,,458.0,1.8789062499999998,,283689.0,,0.07099999999627471,10052.0,0.0,,1.94921875,2.09375,0.0,,,36232.957952,,0.0,,0.043841478914096024,344050.0,1097.0,503.537664,2.854912,0.048621309742920185,46633.857024,2187.415552,,,,,6.063999999998487
8709.005312,,,11,11,3.5,5.032000000006519,0.0010443787026423593,2077220.999168,1696238289.0,1291.0,124301.0,,,465.0,1.8789062499999998,,311932.0,,0.07199999992735684,10052.0,0.0,,1.94921875,2.09375,0.0,,,36281.888768,,3.0462944437789794,,0.0025634750038880444,385535.0,1097.0,503.619584,2.854912,0.1721642465083509,46900.445184,2187.513856,,,,,6.108000000007451
10158.026752,,,12,12,3.5,5.05800000000454,0.009516222870208901,2076151.902208,1696238290.0,1338.0,135027.0,0.2795420070178807,,472.0,1.88671875,,339514.0,,0.07299999985843897,10092.0,0.0,,1.94921875,2.08984375,0.0,,,82863.616,,7.347063760155337,,0.04431115285438201,426024.0,1186.0,862.109696,2.854912,0.0487636992239048,47929.61024,3638.849536,,,,,6.168000000005122
,0.0,3.587578804930672,13,13,,,,,1696238291.0,,,,5.6568533182144165e-06,,,,,3.0752697008357135,,,,0.33224125392735004,,,,16.0,0.00028006103821098804,,0.0,,,,,,,,,,,1.003147924086079,2.237272262573242,5.202795707853511,0.0001,
,1.0,0.005767448805272579,14,13,,,,,1696238291.0,,,0.002691243076696992,7.2640832513570786e-06,,,,,58.568602020941874,,,,0.04902890603989363,,,,32.0,0.0013074190355837345,,0.0,,,,,,,,,,,0.21438163402490318,2.0980303287506104,0.27318391506560147,0.0001,
10285.162496,,,15,13,3.5,5.05800000000454,0.0023165581160257487,2076091.203584,1696238291.0,1359.0,146547.0,0.0020061060786247253,,502.0,1.88671875,,368579.0,,0.07499999995343387,10092.0,0.0,,1.94921875,2.08984375,0.0,,,96392.94976,,0.0,,0.009075830435949629,467901.0,1244.0,903.553024,2.854912,0.07108342170064819,48005.255168,3770.462208,,,,,6.220000000001164
,2.0,0.00351173197850585,16,14,,,,,1696238292.0,,,,7.543014362454414e-06,,,,,72.68918351432728,,,,0.053178983042016625,,,,48.0,0.001180029008537531,,0.0,,,,,,,,,,,0.16023088712245226,2.183196544647217,0.22011528024449944,0.0001,
,3.0,0.003729844931513071,17,14,,,,,1696238292.0,,,0.0027036748360842466,4.81889583170414e-06,,,,,72.81949641401887,,,,0.05137331993319094,,,,64.0,0.0009963479824364185,,0.0,,,,,,,,,,,0.16091337008401752,2.017974376678467,0.2197213766630739,0.0001,
10285.236224,,,18,14,3.5,5.05800000000454,0.010900918110230036,2075740.520448,1696238292.0,1452.0,158092.0,0.001747206086292863,,532.0,1.88671875,,395041.0,,0.075999999884516,10092.0,0.0,,1.94921875,2.08984375,0.0,,,96377.573376,,0.0,,0.06448130037962782,503671.0,1330.0,903.647232,2.854912,0.3296184800054993,48386.68288,3770.843136,,,,,6.30800000000454
,4.0,0.003445314010605216,19,15,,,,,1696238293.0,,,,5.307840183377266e-06,,,,,72.98718355159014,,,,0.04709543497301638,,,,80.0,0.0009894338436424732,,0.0,,,,,,,,,,,0.16593387280590832,2.505225896835327,0.21921656955964863,0.0001,
10285.236224,,,20,15,3.5,5.05800000000454,0.0005198154219560876,2075971.063808,1696238293.0,1474.0,168465.0,,,592.0,1.88671875,,417095.0,,0.07699999981559813,10092.0,0.0,,1.94921875,2.08984375,0.0,,,96377.573376,,0.0,,0.0013074145449296366,534007.0,1352.0,903.647232,2.854912,0.06048761848808453,48125.816832,3770.847232,,,,,6.364000000001397
,5.0,1.1662306878715754,21,16,,,,,1696238294.0,,,0.0027452309150248766,7.194001227617264e-06,,,,,11.596626526996328,,,,0.0474986950866878,,,,96.0,0.001113401958718896,,0.0,,,,,,,,,,,0.16211637808009982,2.394075632095337,1.3797115879133344,0.0001,
10285.682688,,,22,16,3.5,5.05800000000454,0.012103480989877027,2075907.76832,1696238294.0,1515.0,188476.0,0.002752983011305332,,612.0,1.88671875,,451564.0,,0.0779999999795109,10092.0,0.0,,1.94921875,2.08984375,0.0,,,96378.01984,,0.0,,0.07625113761004625,582580.0,1401.0,906.313728,2.854912,0.42408948311197703,48204.353536,3773.779968,,,,,6.444000000003143
,6.0,0.044543383875861764,23,17,,,,,1696238295.0,,,,8.1709586083889e-06,,,,,61.485608287726855,,,,0.04880283214151859,,,,112.0,0.001494311960414052,,0.0,,,,,,,,,,,0.16262181499041617,2.3240275382995605,0.2602234969381243,0.0001,
10285.682688,,,24,17,3.5,5.05800000000454,0.05193562891199541,2075734.4256,1696238295.0,1540.0,203940.0,,,618.0,2.140625,,486189.0,,0.07899999991059303,10092.0,0.0,,2.00390625,2.109375,0.0,,,96378.01984,,0.0,,0.017849414015673366,635561.0,1430.0,906.313728,2.854912,0.1113019344231244,48362.47552,3773.784064,,,,,6.5
,7.0,0.6762036019936204,25,18,,,,,1696238296.0,,,0.0030178180895745754,6.284797564148903e-06,,,,,17.94996416963182,,,,0.04953287588432431,,,,128.0,0.001250498928129673,,0.0,,,,,,,,,,,0.16135560208931565,2.154738664627075,0.8913666817825288,0.0001,
,8.0,0.0594960090238601,26,18,,,,,1696238296.0,,,0.0016900068148970604,5.65708614885807e-06,,,,,58.660412290045095,,,,0.050029374891892076,,,,144.0,0.0010207230225205421,,0.0,,,,,,,,,,,0.1605145800858736,2.0161542892456055,0.27275635092519224,0.0001,
10285.682688,,,27,18,3.5,5.05800000000454,0.010381297698864722,2075882.835968,1696238296.0,1667.0,220281.0,,,639.0,2.140625,,523304.0,,0.0849999999627471,10092.0,0.0,,2.00390625,2.109375,0.0,,,96378.01984,,0.0,,0.0650213699053394,690717.0,1507.0,903.778304,2.854912,2.546372728426453,48214.05696,3771.24864,,,,,6.580000000001746
,9.0,0.6349619410466403,28,19,,,,,1696238297.0,,,0.002238885033875704,3.3529940992593765e-06,,,,,18.94897297079081,,,,0.04496808513067663,,,,160.0,0.0011649439111351967,,0.0,,,,,,,,,,,0.1610357309691608,2.5930817127227783,0.8443729390855879,0.0001,
10285.682688,,,29,19,3.5,5.05800000000454,0.0010428190178501243,2075815.706624,1696238297.0,1713.0,231245.0,,,648.0,2.140625,,551800.0,,0.08599999989382923,10092.0,0.0,,2.00390625,2.109375,0.0,,,96378.01984,,0.0,,0.002749250135429726,732184.0,1546.0,903.806976,2.854912,0.3599937690105217,48281.186304,3771.277312,,,,,6.619999999995343
,10.0,0.026841545943170786,30,20,,,,,1696238298.0,,,0.0015587061643600464,5.237990990281105e-06,,,,,66.3436765724461,,,,0.051586753921583295,,,,176.0,0.0011829622089862823,,0.0,,,,,,,,,,,0.1599932189565152,2.187269687652588,0.24116842518560588,0.0001,
10285.682688,,,31,20,3.5,5.754000000000815,0.010196293121154677,2075629.113344,1696238298.0,1764.0,242573.0,,,665.0,2.140625,,582218.0,,0.08799999998882413,11504.0,0.0,,2.00390625,2.109375,0.0,,,96378.01984,,366.5628063449884,,0.05628163662006559,774507.0,1583.0,903.84384,2.854912,0.15211252387364446,48467.775488,3771.314176,,,,,7.292000000001281
,11.0,0.6450190078467131,32,21,,,,,1696238299.0,,,0.003610975807532668,7.193069905042648e-06,,,,,18.562697702001888,,,,0.050794410053640604,,,,192.0,0.0012543399352580309,,0.0,,,,,,,,,,,0.16125775501132011,2.148423910140991,0.8619436817243695,0.0001,
,12.0,0.020336020970717072,33,21,,,,,1696238299.0,,,0.002803618088364601,4.400033503770828e-06,,,,,68.42466128245316,,,,0.049027438974007964,,,,208.0,0.0010045201051980257,,0.0,,,,,,,,,,,0.16065782285295427,2.4135091304779053,0.2338338210247457,0.0001,
10285.682688,,,34,21,3.5,6.536000000007334,0.0015654805924462016,2075860.488192,1696238299.0,1791.0,259781.0,,,687.0,2.140625,,616088.0,,0.08999999985098839,13013.0,0.0,,2.00390625,2.109375,0.0,,,96378.01984,,409.0859493367809,,0.0043169313366263175,818803.0,1664.0,903.712768,2.854912,0.07691412860556815,48236.384256,3771.183104,,,,,8.036000000007334
10285.682688,,,35,22,3.5,8.071000000010827,0.01178903082767966,2075814.670336,1696238300.0,1825.0,271942.0,0.0020691019017249346,4.678964614868164e-06,699.0,2.125,,648722.0,,0.09100000001490116,16036.0,0.0,0.05083652515895665,2.0,2.10546875,0.0,,0.0011636868584901094,96378.01984,,828.1256246012321,,0.07062334114666634,860755.0,1693.0,903.74144,2.854912,0.09526232440643748,48282.210304,3771.211776,0.16054607811383903,,,,9.427999999999884
,13.0,0.6667975201271474,36,23,,,,,1696238301.0,,,,,,,,,18.1525762148478,,,,,,,,224.0,,,0.0,,,,,,,,,,,,2.1585190296173096,0.881417591124773,0.0001,
,14.0,0.003303257981315255,37,23,,,,,1696238301.0,,,0.002002822933718562,2.862885594367981e-06,,,,,73.50451087204921,,,,0.05145175103098154,,,,240.0,0.0010254718363285065,,0.0,,,,,,,,,,,0.15988754900172353,2.292917490005493,0.21767371566966176,0.0001,
10285.682688,,,38,23,3.5,8.834000000002561,0.0017892192492050874,2075699.044352,1696238301.0,1850.0,282431.0,,,709.0,2.125,,677829.0,,0.09199999994598329,17548.0,0.0,,2.0,2.10546875,0.0,,,96378.01984,,393.5415928782681,,0.004275125646193028,901281.0,1741.0,903.385088,2.854912,0.07296215431549691,48397.828096,3770.855424,,,,,10.148000000001048
,15.0,0.673273712862283,39,24,,,,,1696238302.0,,,0.003030250081792474,3.7017744034528732e-06,,,,,18.026789702842613,,,,0.04924275912344456,,,,256.0,0.0009481578599661589,,0.0,,,,,,,,,,,0.1610693249385804,2.0063204765319824,0.88756790664047,0.0001,
10285.682688,,,40,24,3.5,9.630000000004657,0.013001770561427253,2075886.145536,1696238302.0,1932.0,295520.0,0.0020596738904714584,4.81889583170414e-06,727.0,2.125,,709045.0,,0.09499999997206032,19118.0,0.0,0.048180341022089124,2.0,2.10546875,0.0,,0.0009647798724472523,96378.01984,,406.6176095796505,,0.07903811890095541,945906.0,1810.0,903.84384,2.854912,0.29945962321581177,48210.726912,3771.363328,0.16004895116202533,,,,10.923999999999069
,16.0,0.003573052817955613,41,25,,,,,1696238303.0,,,,,,,,,74.47693302417454,,,,,,,,272.0,,,0.0,,,,,,,,,,,,2.275460720062256,0.21483161766082048,0.0001,
10285.682688,,,42,26,3.5,9.630000000004657,0.0018495163798071966,2075851.03872,1696238304.0,1950.0,308729.0,0.002146275946870446,5.797017365694046e-06,738.0,2.125,,739363.0,,0.09599999990314245,19118.0,0.0,0.05103515088558197,2.0,2.10546875,0.0,,0.0012975020799785852,96378.01984,,0.0,,0.003746456255074508,990621.0,1839.0,903.806976,2.854912,0.04451485610412664,48245.850112,3771.326464,0.1603126002009958,,,,10.972000000008848
,17.0,0.6802584871184081,43,26,,,,,1696238304.0,,,,,,,,,17.875980204985602,,,,,,,,288.0,,,0.0,,,,,,,,,,,,2.194312334060669,0.8950558132492006,0.0001,
,18.0,0.00393755198456347,44,26,,,,,1696238304.0,,,0.0020091780461370945,4.190020263195038e-06,,,,,75.40356199966072,,,,0.04526462918147445,,,,304.0,0.0009466221090406179,,0.0,,,,,,,,,,,0.1600293959490955,2.2332329750061035,0.2121915672905743,0.0001,
10285.682688,,,45,27,3.5,9.825000000011642,0.010656640272539071,2075647.336448,1696238305.0,2029.0,321475.0,,,747.0,2.125,,764748.0,,0.09799999999813735,19444.0,0.0,,2.0,2.10546875,0.0,,,96378.01984,,140.40404997748814,,0.0648173543092206,1024655.0,1895.0,903.84384,2.854912,2.2504800407875636,48449.548288,3771.363328,,,,,11.29200000000128
,19.0,0.6537644669879228,46,27,,,,,1696238305.0,,,0.003033183980733156,4.749977961182594e-06,,,,,18.426401267114752,,,,0.04878655914217234,,,,320.0,0.0012527341023087502,,0.0,,,,,,,,,,,0.1614776139613241,2.4697933197021484,0.8683193081524223,0.0001,
10285.682688,,,47,28,3.5,10.354000000006636,0.0015629979469353975,2075898.912768,1696238306.0,3048.0,334788.0,0.00230823690071702,3.841938450932503e-06,770.0,2.14453125,,789932.0,,0.1699999999254942,20610.0,0.0,0.04733757278881967,2.0078125,2.109375,0.0,,0.0006631382275372744,96378.01984,,440.7707253550799,,0.004310085243642658,1056143.0,1958.0,903.84384,2.854912,8.269301136081594,48197.95968,3771.37152,0.1599745717830956,,,,12.076000000000931
,20.0,0.0033295881003141403,48,28,,,,,1696238306.0,,,,,,,,,74.90042348958688,,,,,,,,336.0,,,0.0,,,,,,,,,,,,2.069671630859375,0.21361694973893464,0.0001,
10285.682688,,,49,29,3.5,12.577000000004773,0.011592475428079113,2075849.089024,1696238307.0,3062.0,347222.0,0.0031495378352701664,,779.0,2.14453125,,817851.0,,0.1699999999254942,25010.0,0.0,,2.0078125,2.109375,0.0,,0.0010396488942205906,96378.01984,,1558.342683675931,,0.0704964939256295,1087208.0,1990.0,903.806976,2.854912,0.042540032364535414,48247.791616,3771.334656,0.1613740399479866,,,,14.635999999998603
,21.0,0.6734234520699829,50,29,,,,,1696238307.0,,,,4.260102286934853e-06,,,,,18.066277380397825,,,,0.04663700005039573,,,,352.0,,,0.0,,,,,,,,,,,,2.346205472946167,0.8856279389001429,0.0001,
,22.0,0.003331683110445738,51,29,,,,,1696238307.0,,,0.0022369299549609423,3.910856321454048e-06,,,,,74.6343287935781,,,,0.0487619040068239,,,,368.0,0.0006474240217357874,,0.0,,,,,,,,,,,0.15939670894294977,2.130983352661133,0.2143785608932376,0.0001,
10285.682688,,,52,30,3.5,13.214000000007218,0.0010444695837355765,2075741.007872,1696238308.0,4064.0,357500.0,,,791.0,2.14453125,,841037.0,,0.22999999998137355,26173.0,0.0,,2.0078125,2.109375,0.0,,,96378.01984,,341.47394789973464,,0.0027536016273055366,1116590.0,2047.0,903.778304,2.854912,5.744709306945916,48355.864576,3771.305984,,,,,15.347999999998137
,23.0,0.6709436860401183,53,30,,,,,1696238308.0,,,0.003129353979602456,4.748813807964325e-06,,,,,18.169312514907322,,,,0.04592644004151225,,,,384.0,0.0008642089087516069,,0.0,,,,,,,,,,,0.15973725309595466,2.232769250869751,0.8806056908797473,0.0001,
10285.682688,,,54,31,3.5,13.802000000010594,0.012044116088021419,2075904.299008,1696238309.0,4100.0,369921.0,0.0022664018906652927,4.749977961182594e-06,807.0,2.14453125,,865322.0,,0.23099999991245568,27168.0,0.0,0.0522118981461972,2.0078125,2.109375,0.0,,0.000694706104695797,96378.01984,,468.9202910623285,,0.07080672458994793,1146783.0,2102.0,903.84384,2.854912,0.48075040262972707,48192.565248,3771.37152,0.15912991692312062,,,,16.148000000001048
,24.0,0.003631718922406435,55,31,,,,,1696238309.0,,,,,,,,,73.41490611557779,,,,,,,,400.0,,,0.0,,,,,,,,,,,,2.322310209274292,0.21793939196504653,0.0001,
10285.682688,,,56,32,3.5,17.679000000003725,0.060976586118287004,2075834.318848,1696238310.0,4153.0,381834.0,0.002247406169772148,,825.0,2.14453125,,895881.0,,0.2319999998435378,34629.0,0.0,,2.0078125,2.109375,0.0,,,96378.01984,,2231.6193050142024,,0.05059556637906021,1178498.0,2140.0,903.806976,2.854912,0.4469870307020314,48277.929984,3771.334656,,,,,19.888000000006286
,25.0,0.6350417688954622,57,32,,,,,1696238310.0,,,,5.726935341954231e-06,,,,,18.900499071643157,,,,0.04500126000493765,,,,416.0,0.000853734090924263,,0.0,,,,,,,,,,,0.1633885968476534,2.455672025680542,0.8465384929440916,0.0001,
,26.0,0.003946701064705849,58,32,,,,,1696238310.0,,,0.0022807889617979527,4.8889778554439545e-06,,,,,74.95188486011442,,,,0.04657086101360619,,,,432.0,0.000699175987392664,,0.0,,,,,,,,,,,0.15996786602772772,2.262965440750122,0.21347028203308582,0.0001,
10285.682688,,,59,33,3.5,19.662000000011176,0.06366857529404049,2075681.30048,1696238311.0,4186.0,392528.0,,,885.0,2.09765625,,922438.0,,0.23499999986961484,38977.0,0.0,,2.0,2.10546875,0.0,,,96378.01984,,1176.5233038148497,,0.08577835915546964,1211289.0,2199.0,906.313728,2.854912,0.09122660198271602,48415.563776,3773.841408,,,,,21.88400000000547
,27.0,0.709185129031539,60,33,,,,,1696238311.0,,,0.002269336022436619,3.911089152097702e-06,,,,,17.371707736348664,,,,0.048775105038657784,,,,448.0,0.0008907490409910679,,0.0,,,,,,,,,,,0.15991359995678067,2.1846415996551514,0.9210378301795572,0.0001,
10285.682688,,,61,34,3.5,20.438000000009197,0.0023154987781417845,2075914.4448,1696238312.0,4208.0,404192.0,0.002349513117223978,,903.0,2.09765625,,946837.0,,0.23499999986961484,40541.0,0.0,,2.0,2.10546875,0.0,,,96378.023936,,406.6548733926866,,0.005788746941945616,1241431.0,2256.0,903.84384,2.854912,0.06090079559204432,48182.411264,3771.37152,,,,,22.612000000008265
,28.0,0.0035614590160548687,62,34,,,,,1696238312.0,,,,5.587004125118256e-06,,,,,71.41139467095933,,,,0.05445539206266403,,,,464.0,0.0006561540067195892,,0.0,,,,,,,,,,,0.16302577406167984,2.269782543182373,0.22405387926846743,0.0001,
,29.0,0.004121862119063735,63,34,,,,,1696238312.0,,,0.0022657730150967836,4.260102286934853e-06,,,,,74.39779499539284,,,,0.04910733690485358,,,,480.0,0.0007631501648575068,,0.0,,,,,,,,,,,0.15879775490611792,2.3250129222869873,0.21506013721227646,0.0001,
10285.682688,,,64,35,3.5,22.08400000000256,0.011822999753949834,2075995.439104,1696238313.0,4217.0,416160.0,0.0036409380845725536,3.7709251046180725e-06,965.0,2.09765625,,973121.0,,0.23499999986961484,43857.0,0.0,0.04805246205069125,2.0,2.10546875,0.0,,0.0006791320629417896,96378.01984,,882.0448440176209,,0.07110396309905335,1271938.0,2341.0,903.806976,2.854912,0.036417365837412716,48124.440576,3771.334656,0.15962397097609937,,,,24.09200000000419
,30.0,0.00298226997256279,65,35,,,,,1696238313.0,,,,,,,,,74.42464721528033,,,,,,,,496.0,,,0.0,,,,,,,,,,,,2.372455596923828,0.21498254407197237,0.0001,
,31.0,0.003445524023845792,66,35,,,,,1696238313.0,,,0.0013231330085545778,4.259869456291199e-06,,,,,58.370636819645995,,,,0.04150426387786865,,,,504.0,0.0006829730700701475,,0.0,,,,,,,,,,,0.09009505808353424,2.2092854976654053,0.1370552119333297,0.0001,
10285.756416,,,67,36,3.5,23.018000000010943,0.0010443447235976614,2076498.464768,1696238314.0,4272.0,432393.0,,,991.0,2.09765625,,1011757.0,,0.238999999826774,45433.0,0.0,,2.0,2.10546875,0.0,,,96370.335744,,700.7545493648603,,0.0027532724505786098,1317074.0,2400.0,898.883584,2.854912,0.860793222606136,47636.832256,3766.505472,,,,,25.27599999999802
10285.756416,,,68,37,3.5,23.20800000001327,0.010752010613839366,2076344.50432,1696238315.0,4291.0,445438.0,,,991.0,2.09765625,,1045110.0,,0.238999999826774,45798.0,0.0,,2.0,2.10546875,0.0,,,96370.335744,,104.6603243236939,,0.07690059357356863,1364017.0,2400.0,898.883584,2.854912,0.048573790853091915,47790.7968,3766.505472,,,,,25.5
10285.809664,,,69,38,3.5,24.002000000007683,0.0,2076263.899136,1696238316.0,4333.0,459131.0,,,991.0,2.2421875,,1075732.0,,0.2409999999217689,47362.0,0.0,,2.03125,2.11328125,0.0,,,96370.335744,,407.29576053518537,,0.0011234975094218465,1404018.0,2400.0,898.883584,2.854912,0.15190952961568543,47840.657408,3766.505472,,,,,26.252000000007683
10285.809664,,,70,39,3.5,24.085000000006403,0.010710485048277417,2076253.851648,1696238317.0,4352.0,473157.0,0.0022274309303611517,5.797017365694046e-06,1003.0,2.2421875,,1112106.0,,0.24199999985285103,47493.0,0.0,0.05823657102882862,2.03125,2.11328125,0.0,,0.000954583054408431,96393.396224,,37.556730795392625,,0.04910223845290079,1462366.0,2434.0,906.715136,2.854912,0.04856473981413057,47819.96032,3774.799872,0.18947299988940358,,,,26.372000000003027
,0.0,3.114564023911953,71,39,,,,,1696238317.0,,,,,,,,,4.754177234738783,,,,,,,,520.0,,,1.0,,,,,,,,,,,,2.237272262573242,3.3654614058323205,0.0001,
,1.0,0.0031270491890609264,72,39,,,,,1696238317.0,,,0.002160104922950268,3.911089152097702e-06,,,,,75.2607054037679,,,,0.04524633102118969,,,,536.0,0.0010422340128570795,,1.0,,,,,,,,,,,0.1610147098544985,2.0980303287506104,0.21259434008970857,0.0001,
10285.809664,,,73,40,3.5,24.621000000013737,0.0010443626960497158,2076177.883136,1696238318.0,4397.0,485731.0,,,1019.0,2.2421875,,1142891.0,,0.2430000000167638,48420.0,0.0,,2.03125,2.11328125,0.0,,,96393.396224,,456.0297703441207,,0.0027533198419829588,1507187.0,2479.0,904.200192,2.854912,0.17418703921985193,47911.297024,3772.284928,,,,,27.148000000001048
,2.0,0.6540429228916764,74,40,,,,,1696238318.0,,,0.002668685046955943,7.194001227617264e-06,,,,,18.357394452923486,,,,0.054604782024398446,,,,552.0,0.0007241792045533657,,1.0,,,,,,,,,,,0.15953562199138105,2.183196544647217,0.8715833851601928,0.0001,
10285.973504,,,75,41,3.5,25.429000000003725,0.012711332096413942,2076210.09408,1696238319.0,4438.0,498187.0,0.0023767498787492514,4.889210686087608e-06,1040.0,2.2421875,,1174741.0,,0.24499999987892807,49799.0,0.0,0.05042243911884725,2.03125,2.11328125,0.0,,0.0009421519935131073,96378.18368,,680.7133280280805,,0.06702554735601866,1550214.0,2551.0,904.237056,2.854912,0.1358409787195876,47878.684672,3772.583936,0.16153725795447826,,,,28.236000000004424
,3.0,0.003693109145388007,76,41,,,,,1696238319.0,,,,,,,,,73.06716880780833,,,,,,,,568.0,,,1.0,,,,,,,,,,,,2.017974376678467,0.21897659730166197,0.0001,
10285.973504,,,77,42,3.5,26.79000000000815,0.001044937270479616,2076184.236032,1696238320.0,4452.0,509375.0,0.0017666220664978027,4.749046638607979e-06,1048.0,2.2421875,,1206115.0,,0.24499999987892807,52702.0,0.0,0.053319992031902075,2.03125,2.11328125,0.0,,0.0008416508790105581,96378.18368,,995.3092122580838,,0.0027548346291201516,1593994.0,2577.0,904.06912,2.854912,0.042557444967323776,47905.349632,3772.416,0.15960043505765498,,,,29.851999999998952
,4.0,0.6956126268487424,78,42,,,,,1696238320.0,,,,,,,,,17.560301715244815,,,,,,,,584.0,,,1.0,,,,,,,,,,,,2.505225896835327,0.9111460759304464,0.0001,
,5.0,0.004596569109708071,79,42,,,,,1696238320.0,,,0.0022527130786329508,6.146030500531197e-06,,,,,73.69615667712876,,,,0.047558828024193645,,,,600.0,0.0009276249911636114,,1.0,,,,,,,,,,,0.16176577704027295,2.394075632095337,0.21710765827447176,0.0001,
10285.973504,,,80,43,3.5,27.25700000001234,0.010311605524782625,2076200.738816,1696238321.0,4505.0,521688.0,,,1066.0,2.3125,,1236460.0,,0.2459999998100102,53545.0,0.0,,2.05078125,2.12109375,0.0,,,96378.18368,,404.6377361056291,,0.06618925266841916,1635990.0,2631.0,906.706944,2.854912,0.17246774428234896,47888.416768,3775.053824,,,,,30.49199999999837
,6.0,0.7067646589130163,81,43,,,,,1696238321.0,,,0.0020050581078976393,3.2829120755195618e-06,,,,,17.3801133166422,,,,0.05120339780114591,,,,616.0,0.0008829270955175161,,1.0,,,,,,,,,,,0.15973306191153824,2.3240275382995605,0.9205923867411911,0.0001,
10286.256128,,,82,44,3.5,27.92400000001362,0.0017934524527536873,2076167.913472,1696238322.0,4539.0,534059.0,0.0025236259680241346,5.726935341954231e-06,1081.0,2.3125,,1267648.0,,0.24899999983608723,54869.0,0.0,0.04874968319199979,2.05078125,2.12109375,0.0,,0.001363920047879219,96378.466304,,344.5460228897322,,0.004602665584436603,1677973.0,2688.0,904.237056,2.854912,0.09548150674758758,47920.76288,3772.74368,0.16280710301361978,,,,31.144000000000233
,7.0,0.005410213954746723,83,44,,,,,1696238322.0,,,,,,,,,72.44399264105958,,,,,,,,632.0,,,1.0,,,,,,,,,,,,2.154738664627075,0.2208602731116116,0.0001,
10286.256128,,,84,45,3.5,27.92400000001362,0.010914468687582831,2076146.106368,1696238323.0,4553.0,544981.0,0.00271373288705945,,1091.0,2.3125,,1294261.0,,0.24899999983608723,54869.0,0.0,,2.05078125,2.12109375,0.0,,,96393.842688,,0.0,,0.06988908693793286,1717955.0,2720.0,904.208384,2.854912,0.042642575008031446,47957.876736,3772.715008,,,,,31.176000000006752
,8.0,0.6682283480186015,85,45,,,,,1696238323.0,,,,6.216112524271011e-06,,,,,18.123447483874987,,,,0.05075627705082297,,,,648.0,0.0010817628353834152,,1.0,,,,,,,,,,,0.16004790388979018,2.0161542892456055,0.8828342407941818,0.0001,
,9.0,0.0031919318716973066,86,45,,,,,1696238323.0,,,0.0023386171087622643,4.3299514800310135e-06,,,,,75.28118317830074,,,,0.04402027605101466,,,,664.0,0.0011294649448245764,,1.0,,,,,,,,,,,0.1618518908508122,2.5930817127227783,0.21253651077859104,0.0001,
10286.256128,,,87,46,3.5,27.92400000001362,0.0010459065127750814,2076136.61184,1696238324.0,4639.0,558736.0,,,1105.0,2.3125,,1323473.0,,0.25199999986216426,54869.0,0.0,,2.05078125,2.12109375,0.0,,,96378.466304,,0.0,,0.002757389894797974,1756536.0,2783.0,904.003584,2.854912,0.5639020795880589,47952.437248,3772.510208,,,,,31.24800000000687
,10.0,0.7432291428558528,88,47,,,,,1696238325.0,,,0.0026931290049105883,6.634974852204323e-06,,,,,16.674882575387166,,,,0.05177846597507596,,,,680.0,0.0008736380841583014,,1.0,,,,,,,,,,,0.16094598593190312,2.187269687652588,0.959526996826753,0.0001,
10286.256128,,,89,47,3.5,27.953000000008615,0.011075590178340637,2076279.76704,1696238325.0,4676.0,572829.0,0.002022169064730406,,1123.0,2.3125,,1351865.0,,0.25199999986216426,54913.0,0.0,,2.05078125,2.12109375,0.0,,,96378.466304,,11.430706739717069,,0.06999741280225485,1796827.0,2830.0,904.200192,2.854912,0.13192399503913801,47808.872448,3772.706816,,,,,31.343999999997322
,11.0,0.0038066008128225803,90,47,,,,,1696238325.0,,,,6.285961717367172e-06,,,,,72.90273233204105,,,,0.05066869710572064,,,,696.0,0.001065421150997281,,1.0,,,,,,,,,,,0.16190133802592754,2.148423910140991,0.21947051212191582,0.0001,
10286.256128,,,91,48,3.5,27.953000000008615,0.051986527404717604,2076172.996608,1696238326.0,4698.0,585010.0,,,1133.0,2.25390625,,1379740.0,,0.25300000002607703,54913.0,0.0,,2.04296875,2.1171875,0.0,,,96393.842688,,0.0,,0.017339389542761954,1837169.0,2861.0,904.200192,2.854912,0.06075113694148067,47916.064768,3772.706816,,,,,31.38400000000547
,12.0,0.6642762701958418,92,48,,,,,1696238326.0,,,0.0016346920747309923,5.237990990281105e-06,,,,,18.268100258952693,,,,0.048481215024366975,,,,712.0,0.001185965957120061,,1.0,,,,,,,,,,,0.1602602901402861,2.4135091304779053,0.8758436713833362,0.0001,
,13.0,0.0031294941436499357,93,49,,,,,1696238327.0,,,0.0023707440122962,4.3299514800310135e-06,,,,,73.48277245622556,,,,0.05001030792482197,,,,728.0,0.0009811229538172483,,1.0,,,,,,,,,,,0.161242111120373,2.1585190296173096,0.2177381101064384,0.0001,
10286.256128,,,94,49,3.5,27.953000000008615,0.011314392483553258,2076223.77472,1696238327.0,4707.0,605983.0,,,1161.0,2.25390625,,1420021.0,,0.25300000002607703,54913.0,0.0,,2.04296875,2.1171875,0.0,,,96393.842688,,0.0,,0.06677151957674621,1889347.0,2936.0,904.17152,2.854912,0.036433764594412645,47865.319424,3772.68224,,,,,31.40799999999581
10286.256128,,,95,50,3.5,27.953000000008615,0.0018534518015730916,2076262.551552,1696238328.0,4760.0,618705.0,0.002621541963890195,3.772089257836342e-06,1169.0,2.25390625,,1446680.0,,0.2559999998193234,54913.0,0.0,0.0506809891667217,2.04296875,2.1171875,0.0,,0.0010011671110987663,96393.842688,,0.0,,0.0037544280068536034,1925272.0,2973.0,906.715136,2.854912,0.446095753158787,47811.518464,3775.26272,0.1606839441228658,,,,31.456000000005588
,14.0,0.7035841809120029,96,50,,,,,1696238328.0,,,,,,,,,17.418272465237603,,,,,,,,744.0,,,1.0,,,,,,,,,,,,2.292917490005493,0.9185755953658372,0.0001,
,15.0,0.003081374103203416,97,50,,,,,1696238328.0,,,0.002145577920600772,3.2829120755195618e-06,,,,,74.20875985013241,,,,0.04882615897804499,,,,760.0,0.0009831481147557497,,1.0,,,,,,,,,,,0.16056842706166208,2.0063204765319824,0.21560796909034252,0.0001,
10286.256128,,,98,51,3.5,27.953000000008615,0.011023332810389393,2076185.567232,1696238329.0,4803.0,631680.0,,,1179.0,2.25390625,,1469670.0,,0.2579999999143183,54913.0,0.0,,2.04296875,2.1171875,0.0,,,96393.842688,,0.0,,0.06616371996537404,1954687.0,3013.0,904.06912,2.854912,0.18016902271625526,47903.543296,3772.616704,,,,,31.551999999996042
,16.0,0.6924931211397052,99,51,,,,,1696238329.0,,,0.0026302027981728315,4.749046638607979e-06,,,,,17.682940549329302,,,,0.04722205502912402,,,,776.0,0.001363431103527546,,1.0,,,,,,,,,,,0.16111332504078746,2.275460720062256,0.9048268841579556,0.0001,
10286.522368,,,100,52,3.5,27.953000000008615,0.0015673430503947525,2076288.79872,1696238330.0,4817.0,642713.0,0.00225334195420146,4.330184310674667e-06,1204.0,2.25390625,,1492307.0,,0.25899999984540045,54913.0,0.0,0.05053600016981363,2.04296875,2.1171875,0.0,,0.0012067079078406096,96378.728448,,0.0,,0.004385394187481019,1983857.0,3089.0,906.706944,2.854912,0.04255573820342595,47800.324096,3775.254528,0.16164348600432277,,,,31.57600000000093
,17.0,0.0034687810111790895,101,52,,,,,1696238330.0,,,,,,,,,73.02180043985854,,,,,,,,792.0,,,1.0,,,,,,,,,,,,2.194312334060669,0.21911264723166823,0.0001,
10286.522368,,,102,53,3.5,27.953000000008615,0.012005398826438456,2076175.601664,1696238331.0,5727.0,653261.0,0.0020776931196451187,3.3529940992593765e-06,1216.0,2.1953125,,1514067.0,,0.3119999999180436,54913.0,0.0,0.04561858205124736,2.03515625,2.11328125,0.0,,0.0010372751858085394,96394.104832,,0.0,,0.06907660830042194,2012444.0,3120.0,904.142848,2.854912,4.878867292131812,47913.099264,3772.694528,0.16087656514719129,,,,31.664000000004307
,18.0,0.646215801127255,103,53,,,,,1696238331.0,,,,,,,,,18.69531759179741,,,,,,,,808.0,,,1.0,,,,,,,,,,,,2.2332329750061035,0.8558292696252465,0.0001,
,19.0,0.003255068091675639,104,53,,,,,1696238331.0,,,0.0019379411824047565,4.190951585769653e-06,,,,,73.62848729636367,,,,0.049332713009789586,,,,824.0,0.0012743850238621235,,1.0,,,,,,,,,,,0.1615028961095959,2.4697933197021484,0.21730719436891377,0.0001,
10286.53056,,,105,54,3.5,27.953000000008615,0.001788373660127289,2076163.91168,1696238332.0,5772.0,663118.0,,,1226.0,2.1953125,,1534932.0,,0.31499999994412065,54913.0,0.0,,2.03515625,2.11328125,0.0,,,96378.728448,,0.0,,0.004273105203483991,2041217.0,3168.0,904.200192,2.854912,0.1255976386529929,47925.22752,3772.751872,,,,,31.736000000004424
,20.0,0.7095999838784337,106,54,,,,,1696238332.0,,,0.0021066770423203707,3.3529940992593765e-06,,,,,17.365277860658175,,,,0.04575204802677035,,,,840.0,0.0010064048692584038,,1.0,,,,,,,,,,,0.16291039786301553,2.069671630859375,0.9213788646738976,0.0001,
10286.53056,,,107,55,3.5,28.421000000002095,0.005240843959499465,2076260.724736,1696238333.0,5810.0,675878.0,0.001766132889315486,3.2819807529449463e-06,1244.0,2.1953125,,1582764.0,,0.3159999998752028,55838.0,0.0,0.04388736910186708,2.03515625,2.11328125,0.0,,0.0015766548458486795,96378.728448,,245.43361419161022,,0.06919502164240666,2071450.0,3232.0,906.706944,2.854912,0.09757498921465406,47827.898368,3775.393792,0.16321455291472375,,,,32.19999999999709
,21.0,0.0035414849407970905,108,55,,,,,1696238333.0,,,,,,,,,74.77003191342439,,,,,,,,856.0,,,1.0,,,,,,,,,,,,2.346205472946167,0.21398947667330503,0.0001,
10286.534656,,,109,56,3.5,28.67300000000978,0.007014000856801558,2076145.905664,1696238334.0,5847.0,685487.0,0.0045186958741396666,4.81889583170414e-06,1254.0,2.1953125,,1604775.0,,0.3159999998752028,56341.0,0.0,0.04802704090252519,2.03515625,2.11328125,0.0,,0.001131000928580761,96378.728448,,125.91458079488604,,0.003812820397122559,2099865.0,3263.0,906.706944,2.854912,0.22775247484555075,47943.233536,3775.393792,0.16066969581879675,,,,32.479999999995925
,22.0,0.6608982819598168,110,56,,,,,1696238334.0,,,,,,,,,18.280501013164848,,,,,,,,872.0,,,1.0,,,,,,,,,,,,2.130983352661133,0.8752495343796909,0.0001,
,23.0,0.003641776042059064,111,56,,,,,1696238334.0,,,0.0019672741182148457,6.634974852204323e-06,,,,,75.19168887942212,,,,0.0446859288495034,,,,888.0,0.0011495789512991905,,1.0,,,,,,,,,,,0.16133828205056489,2.232769250869751,0.2127894749864936,0.0001,
10286.538752,,,112,57,3.5,29.956000000005588,0.010837469504283947,2076164.46464,1696238335.0,5899.0,696674.0,,,1270.0,2.1953125,,1628595.0,,0.3179999999701977,57986.0,0.0,,2.03515625,2.11328125,0.0,,,96378.728448,,786.4162937042083,,0.06792062696103456,2130783.0,3321.0,903.74144,2.854912,0.1787309772373521,47924.666368,3772.428288,,,,,34.096000000005006
,24.0,0.6697948768269271,113,58,,,,,1696238336.0,,,0.0022834439296275377,5.307141691446304e-06,,,,,18.069888262556777,,,,0.05172413005493581,,,,904.0,0.0009038790594786406,,1.0,,,,,,,,,,,0.16073932801373303,2.322310209274292,0.8854509650263935,0.0001,
10286.538752,,,114,58,3.5,30.68100000001141,0.0015673515547860691,2076311.031808,1696238336.0,5993.0,708338.0,0.0020880980882793665,4.190951585769653e-06,1290.0,2.3671875,,1654722.0,,0.325999999884516,58885.0,0.0,0.046671152114868164,2.0703125,2.125,0.0,,0.0009531171526759863,96378.728448,,437.3294597498712,,0.004385417982596096,2161163.0,3380.0,904.200192,2.854912,1.086190457401714,47778.07872,3772.88704,0.16101219598203897,,,,35.02400000000489
,25.0,0.0034617269411683083,115,58,,,,,1696238336.0,,,,,,,,,74.69986484961007,,,,,,,,920.0,,,1.0,,,,,,,,,,,,2.455672025680542,0.21419048123061657,0.0001,
10286.542848,,,116,59,3.5,31.622000000003027,0.012636498974027726,2076187.148288,1696238337.0,6007.0,718700.0,0.003188089933246374,,1301.0,2.3671875,,1678401.0,,0.325999999884516,59885.0,0.0,,2.0703125,2.125,0.0,,0.0010080807842314243,96394.104832,,475.1687063280016,,0.07157770507410594,2189253.0,3415.0,904.208384,2.854912,0.0426988170687686,47902.244864,3772.895232,0.16283043008297682,,,,36.12799999999697
,26.0,0.6580772050656378,117,59,,,,,1696238337.0,,,,3.911089152097702e-06,,,,,18.399678299417154,,,,0.044472703943029046,,,,936.0,,,1.0,,,,,,,,,,,,2.262965440750122,0.8695804208982736,0.0001,
,27.0,0.003250806825235486,118,60,,,,,1696238338.0,,,0.0020642830058932304,4.400033503770828e-06,,,,,74.23790612871758,,,,0.047067078994587064,,,,952.0,0.0014290811959654093,,1.0,,,,,,,,,,,0.16170766996219754,2.1846415996551514,0.2155233200173825,0.0001,
10286.546944,,,119,60,3.5,32.25100000000384,0.0018510935163737093,2076172.45184,1696238338.0,6058.0,732400.0,,,1316.0,2.3671875,,1706610.0,,0.32699999981559813,60625.0,0.0,,2.0703125,2.125,0.0,,,96394.104832,,351.56221189889607,,0.0037496509676054317,2230121.0,3476.0,904.17152,2.854912,0.27136714859106364,47916.662784,3772.858368,,,,,36.927999999999884
,28.0,0.6963583170436323,120,61,,,,,1696238339.0,,,0.0029183661099523306,6.285030394792557e-06,,,,,17.473222588098633,,,,0.05419635307043791,,,,968.0,0.0011361700017005205,,1.0,,,,,,,,,,,0.1610713500995189,2.269782543182373,0.9156868413556367,0.0001,
10286.706688,,,121,61,3.5,32.420000000012806,0.0015663937273577933,2076365.959168,1696238339.0,6094.0,745709.0,0.0022031969856470823,,1333.0,2.3671875,,1735357.0,,0.32999999984167516,60785.0,0.0,,2.0703125,2.125,0.0,,0.0008856509812176228,96386.58048,,81.6575289264421,,0.00438273800080429,2269519.0,3533.0,904.208384,2.854912,0.44555198189391926,47730.417664,3772.899328,0.1598328638356179,,,,37.19999999999709
,29.0,0.0033223240170627832,122,61,,,,,1696238339.0,,,,5.30807301402092e-06,,,,,74.43681057341611,,,,0.04869807092472911,,,,984.0,,,1.0,,,,,,,,,,,,2.3250129222869873,0.21494741481728852,0.0001,
,30.0,0.0035259800497442484,123,62,,,,,1696238340.0,,,0.002726093865931034,3.771856427192688e-06,,,,,74.4175400384656,,,,0.049223690992221236,,,,1000.0,0.0006560839246958494,,1.0,,,,,,,,,,,0.15886745508760214,2.372455596923828,0.2150030757766217,0.0001,
,31.0,0.003315409878268838,124,62,,,,,1696238340.0,,,0.0012139019090682268,2.8640497475862503e-06,,,,,59.28999089260153,,,,0.03902247198857367,,,,1008.0,0.0006511250976473093,,1.0,,,,,,,,,,,0.09072425286285579,2.2092854976654053,0.13493002578616142,0.0001,
10286.71488,,,125,62,3.5,33.21700000000419,0.0010460675649743743,2076324.093952,1696238340.0,6135.0,757627.0,,,1350.0,2.3671875,,1765558.0,,0.33100000000558794,61626.0,0.0,,2.0703125,2.125,0.0,,,96371.204096,,401.46272741394984,,0.0031382027028345047,2316505.0,3612.0,899.022848,2.854912,0.4382072145180272,47803.723776,3767.713792,,,,,38.22400000000198
10286.71488,,,126,63,3.5,33.91500000000815,0.0525990735317965,2076467.154944,1696238341.0,6148.0,775088.0,,,1364.0,2.33203125,,1800988.0,,0.33199999993667006,62583.0,0.0,,2.0703125,2.125,0.0,,,96371.204096,,489.58751083486294,,0.020058901476687627,2350760.0,3632.0,899.014656,2.854912,0.03859434036775219,47668.137984,3767.820288,,,,,39.244000000006054
10286.71488,,,127,64,3.5,35.17400000001362,0.0012680837792465396,2076349.44,1696238342.0,6216.0,789538.0,,,1364.0,2.33203125,,1831642.0,,0.3329999998677522,67934.0,0.0,,2.0703125,2.125,0.0,,,96371.204096,,837.7387519152787,,0.0025837206993757425,2390338.0,3632.0,899.014656,2.854912,0.4078157484745087,47755.108352,3767.820288,,,,,40.67200000000594
10286.71488,,,128,65,3.5,37.37300000000687,0.0005236598318347961,2076091.039744,1696238343.0,6239.0,798329.0,,,1364.0,2.33203125,,1856952.0,,0.3349999999627471,72482.0,0.0,,2.0703125,2.125,0.0,,,96371.204096,,1181.3258003996507,,0.001126662061398023,2418244.0,3632.0,899.014656,2.854912,0.0507791375733702,48013.508608,3767.820288,,,,,42.60800000000745
,0.0,3.1492647549603134,129,66,,,,,1696238344.0,,,0.0023943500127643347,5.726935341954231e-06,,,,,4.703878219941255,,,,0.058440715074539185,,,,1024.0,0.0010054970625787973,,2.0,,,,,,,,,,,0.19033755897544324,2.237272262573242,3.401448603020981,0.0001,
10286.718976,,,130,66,3.5,37.78900000000431,0.001566174020893767,2076347.957248,1696238344.0,6285.0,809464.0,0.0020886571146547794,2.862885594367981e-06,1382.0,2.33203125,,1887245.0,,0.33699999982491136,73319.0,0.0,0.045682975091040134,2.0703125,2.125,0.0,,0.0013455520384013653,96378.888192,,211.37261749527292,,0.004318843508186464,2448154.0,3703.0,906.706944,2.854912,0.3381670252988949,47741.198336,3775.913984,0.1617109519429505,,,,43.04799999999523
,1.0,0.0031512149143964052,131,66,,,,,1696238344.0,,,,,,,,,74.77256965370606,,,,,,,,1040.0,,,2.0,,,,,,,,,,,,2.0980303287506104,0.21398221398703754,0.0001,
10286.723072,,,132,67,3.5,39.33200000000943,0.0010464227087811188,2076270.87872,1696238345.0,6306.0,820293.0,0.0024609090760350227,4.610046744346619e-06,1398.0,2.33203125,,1913466.0,,0.33899999991990626,76437.0,0.0,0.051663090009242296,2.0703125,2.125,0.0,,0.0014792270958423615,96394.264576,,814.8875411543646,,0.0027587507751762846,2476509.0,3730.0,905.58464,2.854912,0.095383018065099,47817.863168,3774.939136,0.1621880349703133,,,,44.42399999999907
,2.0,0.6654776011127979,133,67,,,,,1696238345.0,,,,,,,,,18.114435111628552,,,,,,,,1056.0,,,2.0,,,,,,,,,,,,2.183196544647217,0.8832734723109752,0.0001,
,3.0,0.0035514719784259796,134,68,,,,,1696238346.0,,,0.002017559949308634,5.586771294474602e-06,,,,,73.37213610287239,,,,0.0503155121114105,,,,1072.0,0.0009320250246673822,,2.0,,,,,,,,,,,0.16124427714385092,2.017974376678467,0.2180664329789579,0.0001,
10286.723072,,,135,68,3.5,42.060000000012224,0.0010453454246316858,2076079.616,1696238346.0,6319.0,830243.0,,,1405.0,2.33203125,,1939111.0,,0.3399999998509884,80389.0,0.0,,2.07421875,2.125,0.0,,,96378.888192,,2027.7258348459802,,0.0027559106718874128,2508599.0,3790.0,904.237056,2.854912,0.05271075433544156,48009.54368,3773.591552,,,,,48.14400000000023
,4.0,0.7273695671465248,136,69,,,,,1696238347.0,,,0.002184408949688077,6.146030500531197e-06,,,,,16.95171846320293,,,,0.05149302794598043,,,,1088.0,0.0011046710424125195,,2.0,,,,,,,,,,,0.16169928899034858,2.505225896835327,0.9438571101054549,0.0001,
10286.727168,,,137,69,3.5,43.102000000013504,0.016451585343676963,2076200.574976,1696238347.0,7152.0,842967.0,0.0023099828977137804,,1424.0,2.33203125,,1964660.0,,0.39299999992363155,81864.0,0.0,,2.07421875,2.125,0.0,,0.0011841498780995607,96378.888192,,705.9947279243295,,0.22474605648768495,2540202.0,3847.0,904.237056,2.854912,4.025323273830009,47888.580608,3773.591552,0.16236501093953848,,,,49.46400000000722
,5.0,0.0033288898412138224,138,69,,,,,1696238347.0,,,,4.191184416413307e-06,,,,,72.49341696688536,,,,0.0515174709726125,,,,1104.0,,,2.0,,,,,,,,,,,,2.394075632095337,0.22070969571359456,0.0001,
10286.731264,,,139,70,3.5,43.79100000001199,0.0005231219982066691,2076148.002816,1696238348.0,7197.0,862586.0,0.002066727029159665,,1431.0,2.33203125,,2006828.0,,0.3939999998547137,82735.0,0.0,,2.07421875,2.125,0.0,,,96378.888192,,425.42487479080125,,0.003233845076848417,2600463.0,3874.0,904.200192,2.854912,0.2455186002317278,47956.123648,3773.554688,,,,,50.40000000000873
,6.0,0.7039686560165137,140,70,,,,,1696238348.0,,,,6.773974746465683e-06,,,,,17.414027664500914,,,,0.04983277292922139,,,,1120.0,0.001133236102759838,,2.0,,,,,,,,,,,0.16179133905097842,2.3240275382995605,0.9187995051033795,0.0001,
,7.0,0.0036296239122748375,141,71,,,,,1696238349.0,,,0.002321018138900399,4.261033609509468e-06,,,,,73.50505242942883,,,,0.04843693599104881,,,,1136.0,0.0014339699409902096,,2.0,,,,,,,,,,,0.1618463029153645,2.154738664627075,0.21767211193218827,0.0001,
10286.731264,,,142,71,3.5,45.97200000000885,0.0023786093766134425,2076092.194816,1696238349.0,7258.0,874601.0,,,1444.0,2.33203125,,2040945.0,,0.39799999981187284,85354.0,0.0,,2.07421875,2.125,0.0,,,96378.888192,,1268.640382721514,,0.003282480943032393,2647924.0,3945.0,904.237056,2.854912,0.3389676905111338,47996.960768,3773.591552,,,,,53.24800000000687
,8.0,0.691320006037131,143,72,,,,,1696238350.0,,,0.0025561018846929073,7.682014256715775e-06,,,,,17.658067658594724,,,,0.04964273702353239,,,,1152.0,0.001371252816170454,,2.0,,,,,,,,,,,0.16120363003574312,2.0161542892456055,0.9061014098115265,0.0001,
10286.73536,,,144,72,3.5,46.64700000001176,0.0010484608291314998,2076214.874112,1696238350.0,7292.0,886700.0,0.002048010006546974,,1461.0,2.33203125,,2071471.0,,0.39799999981187284,86188.0,0.0,,2.07421875,2.125,0.0,,,96378.888192,,418.2578395374537,,0.004336815243779526,2690261.0,3989.0,904.17152,2.854912,0.09556879582829916,47889.252352,3773.566976,,,,,54.104000000006636
,9.0,0.003924351884052157,145,72,,,,,1696238350.0,,,,5.237990990281105e-06,,,,,74.87738738375889,,,,0.04484809911809862,,,,1168.0,0.0012609751429408789,,2.0,,,,,,,,,,,0.1615959950722754,2.5930817127227783,0.2136826692149043,0.0001,
10286.739456,,,146,73,3.5,47.153000000005704,0.0010450686871135535,2076017.803264,1696238351.0,7322.0,898903.0,,,1466.0,2.30078125,,2101546.0,,0.3989999999757856,86828.0,0.0,,2.0703125,2.125,0.0,,,96378.888192,,318.0616509687776,,0.0012509155485957628,2732659.0,4023.0,904.17152,2.854912,0.07904519243655761,48071.35232,3773.566976,,,,,54.78399999999965
,10.0,0.6959417180623859,147,73,,,,,1696238351.0,,,0.002504908014088869,5.307840183377266e-06,,,,,17.56180398190891,,,,0.05057650804519653,,,,1184.0,0.00130085414275527,,2.0,,,,,,,,,,,0.1607388388365507,2.187269687652588,0.9110681349411607,0.0001,
,11.0,0.004288919968530536,148,74,,,,,1696238352.0,,,0.002228757832199335,2.862885594367981e-06,,,,,72.95949959628469,,,,0.05059033608995378,,,,1200.0,0.0011979090049862862,,2.0,,,,,,,,,,,0.16099096392281353,2.148423910140991,0.21929974970407784,0.0001,
10286.743552,,,149,74,3.5,47.153000000005704,0.0029265129020976293,2076159.762432,1696238352.0,7384.0,910436.0,,,1488.0,2.30078125,,2134469.0,,0.4029999999329448,86828.0,0.0,,2.0703125,2.125,0.0,,,96378.888192,,0.0,,0.007086906924508855,2775658.0,4100.0,906.530816,2.854912,0.3057494134075447,47929.417728,3775.987712,,,,,54.88000000000466
10286.743552,,,150,75,3.5,48.30500000000757,0.001044218170022494,2076214.59968,1696238353.0,7411.0,921964.0,0.00243583507835865,6.704125553369522e-06,1499.0,2.30078125,,2164669.0,,0.4039999998640269,88424.0,0.0,0.048674674006178975,2.0703125,2.125,0.0,,0.0011504159774631262,96378.888192,,571.8376648954128,,0.0027529388093352953,2817521.0,4131.0,904.200192,2.854912,0.08303116456700116,47874.584576,3773.657088,0.16076677502132952,,,,56.16800000000512
,12.0,0.6876632149796933,151,75,,,,,1696238353.0,,,,,,,,,17.764008318811953,,,,,,,,1216.0,,,2.0,,,,,,,,,,,,2.4135091304779053,0.9006976191885769,0.0001,
,13.0,0.0038230828940868378,152,76,,,,,1696238354.0,,,0.0022969921119511127,3.841938450932503e-06,,,,,73.29675828816285,,,,0.049987121019512415,,,,1232.0,0.0012794819194823503,,2.0,,,,,,,,,,,0.16090017091482878,2.1585190296173096,0.21829069079831243,0.0001,
10286.747648,,,153,76,3.5,48.48500000000058,0.0005220823754847445,2075994.025984,1696238354.0,7428.0,932406.0,,,1510.0,2.30078125,,2192717.0,,0.4050000000279397,88675.0,0.0,,2.0703125,2.125,0.0,,,96378.888192,,129.8622004178017,,0.0015662471250209719,2858245.0,4177.0,904.237056,2.854912,0.05467626704889028,48095.145984,3773.693952,,,,,56.44000000000233
,14.0,0.686747042927891,154,77,,,,,1696238355.0,,,0.002198725938796997,5.727168172597885e-06,,,,,17.762501516809504,,,,0.04969169478863478,,,,1248.0,0.0014274748973548412,,2.0,,,,,,,,,,,0.16070336010307074,2.292917490005493,0.900774025823921,0.0001,
10286.751744,,,155,77,3.5,50.04700000000594,0.0015664801498142414,2076143.517696,1696238355.0,7708.0,945221.0,0.002265983959659934,2.8640497475862503e-06,1528.0,2.30078125,,2222686.0,,0.4199999999254942,90861.0,0.0,0.0477561978623271,2.0703125,2.125,0.0,,0.001207058085128665,96378.888192,,1096.604459352617,,0.004256395554659659,2899500.0,4249.0,904.237056,2.854912,1.650658676383696,47946.05568,3773.693952,0.16132019413635135,,,,58.64800000000105
,15.0,0.0035178789403289557,156,77,,,,,1696238355.0,,,,,,,,,74.05001569242985,,,,,,,,1264.0,,,2.0,,,,,,,,,,,,2.0063204765319824,0.2160701770335436,0.0001,
10286.751744,,,157,78,3.5,50.5630000000092,0.053062769677189286,2076110.794752,1696238356.0,7738.0,956769.0,0.002679231110960245,7.61193223297596e-06,1539.0,2.4296875,,2247054.0,,0.4220000000204891,91643.0,0.0,0.04996044188737869,2.1015625,2.13671875,0.0,,0.0013512789737433195,96378.888192,,403.6270120938404,,0.019252372945630158,2931817.0,4276.0,906.706944,2.854912,0.07903605462190227,47978.364928,3776.16384,0.16200414393097162,,,,59.4320000000007
,16.0,0.6784741270821542,158,78,,,,,1696238356.0,,,,,,,,,17.887550996753067,,,,,,,,1280.0,,,2.0,,,,,,,,,,,,2.275460720062256,0.894476834917441,0.0001,
,17.0,0.004172006854787469,159,79,,,,,1696238357.0,,,0.0019922079518437386,5.16790896654129e-06,,,,,72.66117163711317,,,,0.05185249797068536,,,,1296.0,0.0011939280666410923,,2.0,,,,,,,,,,,0.16098432894796133,2.194312334060669,0.22020013770088553,0.0001,
10286.759936,,,160,79,3.5,51.13900000001013,0.016810251109773272,2076065.62816,1696238357.0,7771.0,970229.0,,,1549.0,2.4296875,,2277121.0,,0.4229999999515712,92424.0,0.0,,2.1015625,2.13671875,0.0,,,96378.888192,,384.4203347304515,,0.23149891222657873,2976616.0,4332.0,906.706944,2.854912,0.2571928852889254,48023.535616,3776.16384,,,,,60.24000000000524
,18.0,0.6899380681570619,161,80,,,,,1696238358.0,,,0.002538640983402729,4.679197445511818e-06,,,,,17.74131651028171,,,,0.04545201198197901,,,,1312.0,0.0014804848469793797,,2.0,,,,,,,,,,,0.16243576002307236,2.2332329750061035,0.9018496451899409,0.0001,
10286.764032,,,162,80,3.5,51.13900000001013,0.0018506454320396917,2076249.919488,1696238358.0,7836.0,984273.0,0.002306839916855097,4.260102286934853e-06,1567.0,2.4296875,,2304023.0,,0.42399999988265336,92424.0,0.0,0.051257664104923606,2.1015625,2.13671875,0.0,,0.001010596053674817,96378.888192,,0.0,,0.00531467406948052,3012822.0,4391.0,904.237056,2.854912,0.46364203755059863,47839.666176,3773.693952,0.1600725578609854,,,,60.279999999998836
,19.0,0.003800734179094434,163,80,,,,,1696238358.0,,,,,,,,,73.24241586248317,,,,,,,,1328.0,,,2.0,,,,,,,,,,,,2.4697933197021484,0.2184526522178203,0.0001,
10286.764032,,,164,81,3.5,51.13900000001013,0.001048115217357372,2076137.357312,1696238359.0,7861.0,995939.0,0.0025003680493682623,,1572.0,2.4296875,,2326667.0,,0.4249999998137355,92424.0,0.0,,2.1015625,2.13671875,0.0,,,96378.888192,,0.0,,0.0027632128432368767,3042194.0,4421.0,904.200192,2.854912,0.08537374785753517,47966.797824,3773.66528,,,,,60.34399999999732
,20.0,0.7097757740411907,165,81,,,,,1696238359.0,,,,4.81889583170414e-06,,,,,17.35635540072774,,,,0.04694450809620321,,,,1344.0,0.0010858839377760887,,2.0,,,,,,,,,,,0.16154116904363036,2.069671630859375,0.9218525220640004,0.0001,
,21.0,0.005956298904493451,166,82,,,,,1696238360.0,,,0.0018184441141784191,4.330882802605629e-06,,,,,73.68672218452308,,,,0.0466573229059577,,,,1360.0,0.0011118650436401367,,2.0,,,,,,,,,,,0.16158719384111464,2.346205472946167,0.21713545569218695,0.0001,
10286.768128,,,167,82,3.5,51.17200000000594,0.0005217146282571845,2076092.850176,1696238360.0,7906.0,1005920.0,,,1590.0,2.4296875,,2348115.0,,0.4279999998398125,92461.0,0.0,,2.1015625,2.13671875,0.0,,,96378.888192,,9.842889505716947,,0.0015651438833112182,3070656.0,4486.0,904.237056,2.854912,0.13962980893250268,47996.74368,3773.702144,,,,,60.47599999999511
,22.0,0.683292789850384,168,83,,,,,1696238361.0,,,0.001864398829638958,6.285961717367172e-06,,,,,17.87609873151369,,,,0.04758397093974054,,,,1376.0,0.0012871650978922844,,2.0,,,,,,,,,,,0.16101526794955134,2.130983352661133,0.8950498786289245,0.0001,
10286.768128,,,169,83,3.5,51.17200000000594,0.0010439693379701105,2076183.810048,1696238361.0,7936.0,1017370.0,0.0022492220159620047,,1604.0,2.36328125,,2369981.0,,0.4279999998398125,92461.0,0.0,,2.09375,2.1328125,0.0,,,96378.888192,,0.0,,0.004191695065274703,3100011.0,4538.0,904.17152,2.854912,0.09313472110165395,47920.324608,3773.6448,,,,,60.54000000000815
,23.0,0.003842707956209779,170,83,,,,,1696238361.0,,,,4.3299514800310135e-06,,,,,74.5012736898481,,,,0.04510469385422766,,,,1392.0,0.001029732171446085,,2.0,,,,,,,,,,,0.16253074305132031,2.232769250869751,0.21476142900064588,0.0001,
10286.772224,,,171,84,3.5,51.17200000000594,0.001795615259798216,2076165.0176,1696238362.0,7954.0,1027805.0,0.0025550539139658213,,1645.0,2.36328125,,2392122.0,,0.4290000000037253,92461.0,0.0,,2.09375,2.1328125,0.0,,,96378.888192,,0.0,,0.004226846547181218,3128835.0,4571.0,904.200192,2.854912,0.05898517202342376,47939.108864,3773.743104,,,,,60.580000000001746
,24.0,0.6551151899620891,172,84,,,,,1696238362.0,,,,3.2822135835886e-06,,,,,18.379295674249704,,,,0.05027856701053679,,,,1408.0,0.0013852219562977552,,2.0,,,,,,,,,,,0.16120746987871826,2.322310209274292,0.8705447849351913,0.0001,
,25.0,0.02630007197149098,173,85,,,,,1696238363.0,,,0.0021567519288510084,3.2819807529449463e-06,,,,,67.60755934337814,,,,0.04623478697612882,,,,1424.0,0.001000329153612256,,2.0,,,,,,,,,,,0.16096470411866903,2.455672025680542,0.23665992612950504,0.0001,
10287.038464,,,174,85,3.5,51.17200000000594,0.0015594078328632164,2076114.690048,1696238363.0,8767.0,1039364.0,,,1666.0,2.36328125,,2416605.0,,0.4899999999906868,92461.0,0.0,,2.09375,2.1328125,0.0,,,96379.150336,,0.0,,0.002740777400683179,3163410.0,4640.0,904.237056,2.854912,4.738079542789974,47974.89152,3773.779968,,,,,60.65200000000186
,26.0,0.6349981199018657,175,86,,,,,1696238364.0,,,0.0016573211178183556,5.65708614885807e-06,,,,,18.899370158347473,,,,0.04794812109321356,,,,1440.0,0.0010700998827815056,,2.0,,,,,,,,,,,0.1609097400214523,2.262965440750122,0.8465890591032803,0.0001,
10287.038464,,,176,86,3.5,51.17200000000594,0.0010490784360208906,2076228.407296,1696238364.0,8797.0,1054066.0,0.0019463920034468174,,1679.0,2.36328125,,2447334.0,,0.4909999999217689,92461.0,0.0,,2.09375,2.1328125,0.0,,,96379.150336,,0.0,,0.00433936989045602,3207374.0,4682.0,904.237056,2.854912,0.07934847525223372,47876.251648,3773.784064,,,,,60.72400000000198
,27.0,0.07616119994781911,177,87,,,,,1696238365.0,,,,4.749977961182594e-06,,,,,55.53936584578687,,,,0.04858939815312624,,,,1456.0,0.0010249828919768333,,2.0,,,,,,,,,,,0.16035722894594073,2.1846415996551514,0.2880839519202709,0.0001,
10287.04256,,,178,87,3.5,51.17200000000594,0.0010465819452133275,2076352.12288,1696238365.0,8831.0,1064229.0,,,1692.0,2.36328125,,2468817.0,,0.4930000000167638,92461.0,0.0,,2.09375,2.1328125,0.0,,,96402.219008,,0.0,,0.0011892976639319484,3236174.0,4718.0,904.237056,2.854912,0.34505490899441593,47729.328128,3773.784064,,,,,60.788000000000466
,28.0,0.627657787874341,179,88,,,,,1696238366.0,,,0.002580127213150263,4.680128768086433e-06,,,,,18.88245778474306,,,,0.0557825758587569,,,,1472.0,0.0010016558226197958,,2.0,,,,,,,,,,,0.16032049315981567,2.269782543182373,0.8473473200574517,0.0001,
,29.0,0.002490591024979949,180,88,,,,,1696238366.0,,,0.002471524989232421,3.841007128357887e-06,,,,,74.28219703952254,,,,0.046901695895940065,,,,1488.0,0.0011189889628440142,,2.0,,,,,,,,,,,0.16240817192010581,2.3250129222869873,0.21539481380023062,0.0001,
10287.046656,,,181,88,3.5,51.17200000000594,0.013052650179049769,2076467.851264,1696238366.0,9103.0,1074971.0,0.0020294319838285446,,1713.0,2.328125,,2490809.0,,0.5109999999403954,92461.0,0.0,,2.08984375,2.1328125,0.0,,,96386.842624,,0.0,,0.22628548996345588,3264645.0,4805.0,904.245248,2.854912,1.8631273733377058,47643.947008,3773.792256,,,,,60.84399999999732
,30.0,0.0034535550512373447,182,88,,,,,1696238366.0,,,,7.541850209236145e-06,,,,,74.3496746200525,,,,0.04838029504753649,,,,1504.0,0.001003890996798873,,2.0,,,,,,,,,,,0.16032461286522448,2.372455596923828,0.21519932779483497,0.0001,
,31.0,0.002704023849219084,183,89,,,,,1696238367.0,,,0.001180517952889204,2.862885594367981e-06,,,,,60.67392626657627,,,,0.03736780514009297,,,,1512.0,0.000891237985342741,,2.0,,,,,,,,,,,0.08970590610988438,2.2092854976654053,0.13185235392302275,0.0001,
10287.050752,,,184,89,3.5,51.17200000000594,0.005885510333375453,2076529.82784,1696238367.0,9124.0,1089642.0,,,1738.0,2.328125,,2522060.0,,0.5109999999403954,92461.0,0.0,,2.08984375,2.1328125,0.0,,,96371.46624,,0.0,,0.0026070045762367515,3294014.0,4872.0,899.014656,2.854912,0.11123218876349682,47604.969472,3768.68864,,,,,60.888000000006286
10287.050752,,,185,90,3.5,51.6990000000078,0.0013282292914587098,2076342.140928,1696238368.0,9143.0,1102817.0,,,1738.0,2.328125,,2550350.0,,0.5130000000353903,93439.0,0.0,,2.08984375,2.1328125,0.0,,,96371.46624,,420.9854362992904,,0.002182090978423763,3334550.0,4872.0,899.014656,2.854912,0.048575244368365064,47793.152,3768.68864,,,,,61.67200000000594
10287.050752,,,186,91,3.5,52.18100000001141,0.0005232889906152877,2076172.292096,1696238369.0,9169.0,1117293.0,,,1738.0,2.328125,,2582001.0,,0.5139999999664724,94127.0,0.0,,2.08984375,2.1328125,0.0,,,96371.46624,,356.7123429460188,,0.0011258641986535065,3381662.0,4872.0,899.014656,2.854912,0.08930798896235974,47932.674048,3768.68864,,,,,62.42399999999907
10287.054848,,,187,92,3.5,52.82300000000396,0.0010421268541921376,2076270.800896,1696238370.0,9217.0,1131914.0,0.0028155602049082518,,1756.0,2.328125,,2612984.0,,0.5159999998286366,95113.0,0.0,,2.08984375,2.1328125,0.0,,,96379.150336,,481.699579521204,,0.0026842661371260564,3423020.0,4892.0,906.706944,2.854912,0.6406869538415205,47818.801152,3776.380928,,,,,63.40000000000873
,0.0,3.1500721890479326,188,92,,,,,1696238370.0,,,,1.5016179531812668e-05,,,,,4.7176175689502085,,,,0.04602868715301156,,,,1528.0,0.0007923429366201162,,3.0,,,,,,,,,,,0.19181860191747546,2.237272262573242,3.39154239743948,0.0001,
,1.0,0.004444037098437548,189,93,,,,,1696238371.0,,,0.002110517816618085,5.727168172597885e-06,,,,,74.58910631461757,,,,0.04551773192360997,,,,1544.0,0.0009756060317158699,,3.0,,,,,,,,,,,0.1614549160003662,2.0980303287506104,0.21450853603892028,0.0001,
10287.054848,,,190,93,3.5,53.387000000002445,0.052066404866568834,2076248.948736,1696238371.0,9274.0,1144310.0,,,1842.0,2.36328125,,2638110.0,,0.5189999998547137,95843.0,0.0,,2.1015625,2.1328125,0.0,,,96394.52672,,373.7629760746995,,0.019497206928125708,3454216.0,4957.0,906.706944,2.854912,0.14584924140038782,47840.227328,3776.380928,,,,,64.24800000000687
,2.0,0.6963823440019041,191,94,,,,,1696238372.0,,,0.0019158711656928062,6.146030500531197e-06,,,,,17.521058754139798,,,,0.05178209790028632,,,,1560.0,0.0011018780060112476,,3.0,,,,,,,,,,,0.1619984870776534,2.183196544647217,0.9131868241820484,0.0001,
10287.054848,,,192,94,3.5,54.09200000000419,0.0023060054072201685,2076203.37664,1696238372.0,9296.0,1155672.0,0.0024064320605248213,,1861.0,2.36328125,,2661987.0,,0.5200000000186265,96623.0,0.0,,2.1015625,2.1328125,0.0,,,96379.150336,,378.72164939536725,,0.005765013523605662,3483873.0,5008.0,904.200192,2.854912,0.06065110700281958,47885.893632,3773.874176,,,,,65.096000000005
,3.0,0.0037871149834245443,193,95,,,,,1696238373.0,,,,5.587004125118256e-06,,,,,71.56590027970472,,,,0.048228112049400806,,,,1576.0,0.0012869560159742832,,3.0,,,,,,,,,,,0.16785596101544797,2.017974376678467,0.22357016312889755,0.0001,
10287.058944,,,194,95,3.5,54.8640000000014,0.0005217052875874397,2076094.844928,1696238373.0,9318.0,1170065.0,,,1929.0,2.36328125,,2688155.0,,0.5200000000186265,97683.0,0.0,,2.1015625,2.1328125,0.0,,,96379.150336,,545.4935305180721,,0.001185693834346085,3516752.0,5033.0,904.200192,2.854912,0.06070751542258483,47994.302464,3773.874176,,,,,66.15200000000186
,4.0,0.7869617480318993,195,96,,,,,1696238374.0,,,0.0022070370614528656,3.2829120755195618e-06,,,,,15.941585865513348,,,,0.05269191390834749,,,,1592.0,0.0009886662010103464,,3.0,,,,,,,,,,,0.1608116130810231,2.505225896835327,1.0036642611958086,0.0001,
,5.0,0.0035017458721995354,196,96,,,,,1696238374.0,,,0.0021567519288510084,3.7709251046180725e-06,,,,,73.80270815106954,,,,0.047834977973252535,,,,1608.0,0.0011065569706261158,,3.0,,,,,,,,,,,0.162190408911556,2.394075632095337,0.21679421258158982,0.0001,
10287.058944,,,197,96,3.5,55.163000000000466,0.001043607746190348,2076057.567232,1696238374.0,9348.0,1187285.0,,,1948.0,2.36328125,,2716249.0,,0.5209999999497086,98147.0,0.0,,2.1015625,2.1328125,0.0,,,96379.150336,,240.02623945921275,,0.003130823235677962,3549303.0,5109.0,906.706944,2.854912,0.07893469218156272,48031.985664,3776.380928,,,,,66.63199999999779
10287.058944,,,198,97,3.5,56.03300000001036,0.0010434990716511998,2076171.988992,1696238375.0,9379.0,1202607.0,0.001822145190089941,3.3529940992593765e-06,1959.0,2.36328125,,2745852.0,,0.5219999998807907,99286.0,0.0,0.049792406149208546,2.1015625,2.1328125,0.0,,0.0010335729457437992,96379.150336,,568.9829832192498,,0.0026878006366385836,3583210.0,5134.0,906.706944,2.854912,0.3662998012039436,47917.543424,3776.380928,0.16175348591059446,,,,67.83999999999651
,6.0,0.7626136559993029,199,97,,,,,1696238375.0,,,,,,,,,16.376351162356134,,,,,,,,1624.0,,,3.0,,,,,,,,,,,,2.3240275382995605,0.9770186191890389,0.0001,
,7.0,0.0034958089236170053,200,98,,,,,1696238376.0,,,0.0020415850449353456,7.263850420713425e-06,,,,,73.62309174057867,,,,0.04903379501774907,,,,1640.0,0.0010620690882205963,,3.0,,,,,,,,,,,0.16168259805999696,2.154738664627075,0.2173231199849397,0.0001,
10287.058944,,,201,98,3.5,56.25100000000384,0.001048260824235465,2076136.59136,1696238376.0,9419.0,1214891.0,,,1973.0,2.421875,,2770818.0,,0.5239999999757856,99559.0,0.0,,2.1171875,2.140625,0.0,,,96379.150336,,146.76566422086637,,0.002763596725407666,3613800.0,5187.0,904.200192,2.854912,0.16060626007332077,47952.54784,3773.874176,,,,,68.19999999999709
,8.0,0.7572962602134794,202,99,,,,,1696238377.0,,,0.0027880428824573755,5.168141797184944e-06,,,,,16.482725386895893,,,,0.0494588459841907,,,,1656.0,0.0008329900447279215,,3.0,,,,,,,,,,,0.16033194703049958,2.0161542892456055,0.9707132542971522,0.0001,
10287.058944,,,203,99,3.5,58.9490000000078,0.018528259054183788,2076181.528576,1696238377.0,9445.0,1226610.0,0.0016954538878053427,4.260102286934853e-06,1998.0,2.421875,,2797369.0,,0.5239999999757856,103251.0,0.0,0.04563708999194205,2.1171875,2.140625,0.0,,0.0011139600537717342,96379.150336,,1695.466373864285,,0.23466755757880217,3643859.0,5244.0,904.200192,2.854912,0.07692825269576177,47907.704832,3773.874176,0.16048454912379384,,,,71.60000000000582
,9.0,0.0032346751540899277,204,99,,,,,1696238377.0,,,,,,,,,75.41123100004259,,,,,,,,1672.0,,,3.0,,,,,,,,,,,,2.5930817127227783,0.21216998831368983,0.0001,
10287.058944,,,205,100,3.5,59.219000000011874,0.001334425854631174,2076134.334464,1696238378.0,9467.0,1237606.0,0.002853482961654663,,2003.0,2.421875,,2840325.0,,0.5249999999068677,103575.0,0.0,,2.1171875,2.140625,0.0,,,96379.150336,,166.8372914302917,,0.0037649872320280903,3673115.0,5272.0,904.237056,2.854912,0.0610023306284897,47969.755136,3773.91104,,,,,72.01600000000326
,10.0,0.7224872810766101,206,101,,,,,1696238379.0,,,,4.678964614868164e-06,,,,,17.071218330910554,,,,0.050943311071023345,,,,1688.0,0.0009140761103481054,,3.0,,,,,,,,,,,0.16004720609635115,2.187269687652588,0.9372500362806022,0.0001,
,11.0,0.003298019990324974,207,101,,,,,1696238379.0,,,0.001634133979678154,5.65708614885807e-06,,,,,73.84060220727574,,,,0.04915643483400345,,,,1704.0,0.0013678998220711946,,3.0,,,,,,,,,,,0.16122081084176898,2.148423910140991,0.2166829565539956,0.0001,
10287.058944,,,208,101,3.5,59.829000000012456,0.001043633074052245,2076169.17504,1696238379.0,9504.0,1255100.0,,,2013.0,2.421875,,2878293.0,,0.5279999999329448,104202.0,0.0,,2.1171875,2.140625,0.0,,,96379.150336,,319.17917303545283,,0.0027513962835969716,3730032.0,5342.0,906.706944,2.854912,0.28133818319295495,47920.381952,3776.380928,,,,,72.95200000000477
,12.0,0.7784098188858479,209,102,,,,,1696238380.0,,,0.0018780180253088474,4.6798959374427795e-06,,,,,16.16885378529548,,,,0.048942232970148325,,,,1720.0,0.0007804699707776308,,3.0,,,,,,,,,,,0.15954162902198732,2.4135091304779053,0.9895568487700075,0.0001,
10287.058944,,,210,102,3.5,62.74700000000303,0.0010443996386787994,2076027.51488,1696238380.0,9553.0,1266952.0,,,2020.0,2.421875,,2914704.0,,0.5289999998640269,107998.0,0.0,,2.1171875,2.140625,0.0,,,96379.150336,,1766.3676618972877,,0.0031331989131692297,3783292.0,5379.0,904.237056,2.854912,0.1817888328183865,48062.1568,3773.91104,,,,,76.5280000000057
,13.0,0.0034441968891769648,211,103,,,,,1696238381.0,,,0.002080905018374324,3.2829120755195618e-06,,,,,74.04721598493474,,,,0.05014377390034497,,,,1736.0,0.0006622299551963806,,3.0,,,,,,,,,,,0.15974395791999996,2.1585190296173096,0.2160783465951681,0.0001,
10287.058944,,,212,103,3.5,65.5060000000085,0.0010465295168107305,2075996.79488,1696238381.0,9578.0,1282401.0,,,2037.0,2.51171875,,2957751.0,,0.5300000000279397,112117.0,0.0,,2.140625,2.1484375,0.0,,,96379.150336,,1516.4118866309018,,0.0012526641217614671,3832372.0,5416.0,904.200192,2.854912,0.05936675972175622,48092.34432,3773.874176,,,,,79.63199999999779
,14.0,0.7410780510399491,213,104,,,,,1696238382.0,,,0.002813952974975109,5.797017365694046e-06,,,,,16.747038898948556,,,,0.049635472940281034,,,,1752.0,0.0009017139673233032,,3.0,,,,,,,,,,,0.1609577890485525,2.292917490005493,0.9553927769884467,0.0001,
10287.058944,,,214,104,3.5,65.88400000000547,0.0023124613582022635,2075981.008896,1696238382.0,9608.0,1295126.0,0.002213183091953397,6.146030500531197e-06,2057.0,2.51171875,,2989906.0,,0.5300000000279397,112607.0,0.0,0.04897911008447409,2.140625,2.1484375,0.0,,0.0007213850039988756,96379.150336,,181.39225646170945,,0.005781153392101284,3876440.0,5490.0,904.200192,2.854912,0.07906716913720516,48108.097536,3773.874176,0.16108755418099463,,,,80.05599999999686
,15.0,0.004021500004455447,215,104,,,,,1696238382.0,,,,,,,,,73.72290783707567,,,,,,,,1768.0,,,3.0,,,,,,,,,,,,2.0063204765319824,0.21702887839637697,0.0001,
10287.058944,,,216,105,3.5,68.48800000001211,0.0010431419819849845,2075927.629824,1696238383.0,9630.0,1308550.0,0.001982219982892275,7.054070010781288e-06,2069.0,2.51171875,,3034525.0,,0.5309999999590218,116062.0,0.0,0.04835242801345885,2.140625,2.1484375,0.0,,0.000869586830958724,96379.150336,,1548.015619119471,,0.002750101586329935,3920982.0,5513.0,904.17152,2.854912,0.060691902904472066,48161.869824,3773.845504,0.16197858308441937,,,,83.11200000000827
,16.0,0.727045089006424,217,106,,,,,1696238384.0,,,,,,,,,17.01702304622282,,,,,,,,1784.0,,,3.0,,,,,,,,,,,,2.275460720062256,0.940234960988164,0.0001,
,17.0,0.004031348042190075,218,106,,,,,1696238384.0,,,0.002094872994348407,3.702007234096527e-06,,,,,73.01705288110021,,,,0.05114291491918266,,,,1800.0,0.0007607049774378538,,3.0,,,,,,,,,,,0.16109335096552968,2.194312334060669,0.21912689390592277,0.0001,
10287.058944,,,219,106,3.5,68.6200000000099,0.0010480264285696263,2075822.4896,1696238384.0,9702.0,1320652.0,,,2084.0,2.51171875,,3067690.0,,0.5339999999850988,116216.0,0.0,,2.140625,2.1484375,0.0,,,96379.150336,,83.51284364378054,,0.002826495526612056,3962081.0,5570.0,906.706944,2.854912,0.31504310003158853,48266.190848,3776.380928,,,,,83.40000000000873
,18.0,0.7403748938813806,220,107,,,,,1696238385.0,,,0.002599403029307723,4.81889583170414e-06,,,,,16.84267687706663,,,,0.044846003875136375,,,,1816.0,0.001045516924932599,,3.0,,,,,,,,,,,0.1610971218906343,2.2332329750061035,0.9499677584972233,0.0001,
10287.058944,,,221,107,3.5,69.46200000001409,0.001048052470966485,2075846.197248,1696238385.0,9712.0,1332867.0,0.0018493831157684326,,2098.0,2.51171875,,3098976.0,,0.5339999999850988,117299.0,0.0,,2.140625,2.1484375,0.0,,0.0007144708652049303,96379.150336,,504.47173553220335,,0.003144157409994051,4004070.0,5625.0,904.134656,2.854912,0.06504276391291282,48243.273728,3773.80864,0.16016097692772746,,,,84.40799999999581
,19.0,0.004234445048496127,222,108,,,,,1696238386.0,,,,5.16790896654129e-06,,,,,73.6155220204257,,,,0.05038102297112346,,,,1832.0,,,3.0,,,,,,,,,,,,2.4697933197021484,0.21734546683728695,0.0001,
10287.058944,,,223,108,3.5,69.46200000001409,0.04154747310485397,2075876.089856,1696238386.0,9789.0,1344081.0,0.0016830919776111841,,2108.0,2.68359375,,3125624.0,,0.5359999998472631,117303.0,0.0,,2.18359375,2.16015625,0.0,,,96379.150336,,0.25912211557360476,,0.01727059026615916,4043872.0,5650.0,904.237056,2.854912,0.307707514084829,48228.319232,3773.91104,,,,,84.47200000000885
,20.0,0.7256397530436516,224,109,,,,,1696238387.0,,,,6.285961717367172e-06,,,,,17.100673408892742,,,,0.04565776279196143,,,,1848.0,0.0008509398903697729,,3.0,,,,,,,,,,,0.16179783502593637,2.069671630859375,0.9356356686912477,0.0001,
,21.0,0.003675509011372924,225,109,,,,,1696238387.0,,,0.002150116953998804,2.6050955057144165e-05,,,,,75.03778505116482,,,,0.04495872696861625,,,,1864.0,0.0007083250675350428,,3.0,,,,,,,,,,,0.16170718101784587,2.346205472946167,0.21322590997442603,0.0001,
10287.058944,,,226,109,3.5,70.5,0.030024505157009544,2075906.854912,1696238387.0,9814.0,1358929.0,,,2131.0,2.68359375,,3153727.0,,0.5370000000111759,118570.0,0.0,,2.18359375,2.16015625,0.0,,,96394.52672,,587.5081332588766,,0.23108908236212408,4078417.0,5723.0,906.706944,2.854912,0.07285566650112003,48182.59968,3776.421888,,,,,85.78399999999965
,22.0,0.71456936490722,227,110,,,,,1696238388.0,,,0.0026121141854673624,4.678964614868164e-06,,,,,17.26499546130414,,,,0.04860259802080691,,,,1880.0,0.0006766179576516151,,3.0,,,,,,,,,,,0.16026524896733463,2.130983352661133,0.9267306230030954,0.0001,
10287.058944,,,228,110,3.5,70.6530000000057,0.0018543675433871948,2076015.300608,1696238388.0,9844.0,1371286.0,0.0021700921934098005,,2150.0,2.68359375,,3182528.0,,0.5389999998733401,118747.0,0.0,,2.18359375,2.16015625,0.0,,,96379.150336,,70.56664134351915,,0.005261966018501509,4122211.0,5764.0,904.17152,2.854912,0.07911969384434221,48073.404416,3773.886464,,,,,86.01600000000326
,23.0,0.003574519883841276,229,111,,,,,1696238389.0,,,,4.400033503770828e-06,,,,,75.60091084213283,,,,0.04574492387473583,,,,1896.0,0.0006670488510280848,,3.0,,,,,,,,,,,0.15947667695581913,2.232769250869751,0.2116376617923379,0.0001,
10287.058944,,,230,111,3.5,72.12200000000303,0.0010436468450561792,2075879.706624,1696238389.0,9884.0,1384769.0,,,2193.0,2.68359375,,3213978.0,,0.5400000000372529,120871.0,0.0,,2.18359375,2.16015625,0.0,,,96394.52672,,1002.9534723621273,,0.0011859623228473177,4169218.0,5800.0,904.17152,2.854912,0.4452893088985497,48209.424384,3773.886464,,,,,87.96800000000803
,24.0,0.700502878986299,231,112,,,,,1696238390.0,,,0.0024689410347491503,6.076879799365997e-06,,,,,17.48274321704111,,,,0.05018302402459085,,,,1912.0,0.0008041469845920801,,3.0,,,,,,,,,,,0.16122311516664922,2.322310209274292,0.9151881830766797,0.0001,
,25.0,0.0042969530913978815,232,112,,,,,1696238390.0,,,0.0020701501052826643,3.351829946041107e-06,,,,,74.66977157357414,,,,0.04551109694875777,,,,1928.0,0.000756304943934083,,3.0,,,,,,,,,,,0.16163894697092474,2.455672025680542,0.21427680389024317,0.0001,
10287.058944,,,233,112,3.5,72.77500000000873,0.0015724786958819202,2075890.745344,1696238390.0,9952.0,1398848.0,,,2211.0,2.68359375,,3254732.0,,0.5429999998304993,121690.0,0.0,,2.18359375,2.16015625,0.0,,,96379.150336,,422.1048725631859,,0.004399763629895458,4213740.0,5874.0,906.706944,2.854912,0.5021766387734066,48198.660096,3776.421888,,,,,88.92799999999988
10287.058944,,,234,113,3.5,73.55900000000838,0.0005224218019574692,2075748.78208,1696238391.0,9979.0,1412290.0,0.0025981462094932795,4.81889583170414e-06,2219.0,2.6875,,3281703.0,,0.5429999998304993,122638.0,0.0,0.04649368580430746,2.1953125,2.1640625,0.0,,0.0007176140788942575,96379.150336,,444.8272828489801,,0.0015672654044100926,4245349.0,5906.0,904.237056,2.854912,0.081054531999682,48340.340736,3773.952,0.15975583088584244,,,,89.84799999999814
,26.0,0.6996095459908247,235,114,,,,,1696238392.0,,,,,,,,,17.598282301147652,,,,,,,,1944.0,,,3.0,,,,,,,,,,,,2.262965440750122,0.9091796418651938,0.0001,
,27.0,0.0037769880145788193,236,114,,,,,1696238392.0,,,0.0024144649505615234,4.190020263195038e-06,,,,,74.21573134086884,,,,0.04858478903770447,,,,1960.0,0.0006210939027369022,,3.0,,,,,,,,,,,0.1601861899252981,2.1846415996551514,0.215587715851143,0.0001,
10287.058944,,,237,114,3.5,73.62400000001071,0.0017886841242358799,2075922.845696,1696238392.0,10066.0,1425224.0,,,2239.0,2.6875,,3305917.0,,0.5449999999254942,122694.0,0.0,,2.1953125,2.1640625,0.0,,,96402.219008,,24.378276674168163,,0.004210530768245427,4275509.0,5955.0,904.200192,2.854912,1.094104839067289,48158.584832,3773.915136,,,,,90.05199999999604
,28.0,0.6795873211231083,238,115,,,,,1696238393.0,,,0.0033978919964283705,5.237990990281105e-06,,,,,17.778608654766327,,,,0.05354508897289634,,,,1976.0,0.0012066378258168697,,3.0,,,,,,,,,,,0.1622157609090209,2.269782543182373,0.899957938818261,0.0001,
10287.058944,,,239,115,3.5,73.62400000001071,0.0015673648661925388,2076124.860416,1696238393.0,10080.0,1439139.0,0.0026517841033637524,4.608882591128349e-06,2254.0,2.6875,,3332716.0,,0.5459999998565763,122694.0,0.0,0.048912829952314496,2.1953125,2.1640625,0.0,,0.0008047749288380146,96386.842624,,0.0,,0.004258799481006393,4305667.0,6022.0,904.245248,2.854912,0.04255633053538485,47971.926016,3773.960192,0.1599974101409316,,,,90.07600000000093
,29.0,0.0037511459086090326,240,116,,,,,1696238394.0,,,,,,,,,74.03206981429027,,,,,,,,1992.0,,,3.0,,,,,,,,,,,,2.3250129222869873,0.21612255391664803,0.0001,
,30.0,0.00434213993139565,241,116,,,,,1696238394.0,,,0.0024142549373209476,4.190020263195038e-06,,,,,74.27306915802515,,,,0.04797549801878631,,,,2008.0,0.000803099013864994,,3.0,,,,,,,,,,,0.15988210309296846,2.372455596923828,0.21542128501459956,0.0001,
,31.0,0.00288602989166975,242,116,,,,,1696238394.0,,,0.001300295116379857,4.81889583170414e-06,,,,,62.03693793352455,,,,0.034965702099725604,,,,2016.0,0.0005523699801415205,,3.0,,,,,,,,,,,0.089246213901788,2.2092854976654053,0.12895542988553643,0.0001,
10287.058944,,,243,117,3.5,73.62400000001071,0.0014437931931380297,2076151.668736,1696238395.0,11178.0,1454326.0,,,2297.0,2.6875,,3364018.0,,0.6239999998360872,122694.0,0.0,,2.1953125,2.1640625,0.0,,,96371.46624,,0.0,,0.003981369113829832,4338975.0,6109.0,899.018752,2.854912,5.794306678440799,47983.570944,3768.745984,,,,,90.18000000000757
10287.058944,,,244,118,3.5,73.62400000001071,0.0005223551380752769,2075987.869696,1696238396.0,11225.0,1485572.0,,,2298.0,2.69140625,,3403641.0,,0.628000000026077,122694.0,0.0,,2.203125,2.16796875,0.0,,,96371.46624,,0.0,,0.0011871707672435248,4375684.0,6109.0,899.018752,2.854912,0.3403856144286176,48147.410944,3768.745984,,,,,90.2280000000028
10287.058944,,,245,119,3.5,73.62400000001071,0.0005215557595150419,2075810.656256,1696238397.0,11256.0,1497180.0,,,2298.0,2.69140625,,3427113.0,,0.628000000026077,122694.0,0.0,,2.203125,2.16796875,0.0,,,96371.46624,,0.0,,0.0011221351179263445,4405475.0,6109.0,899.018752,2.854912,0.0829431690471884,48293.896192,3768.745984,,,,,90.29200000000128
10287.058944,,,246,120,3.5,73.62400000001071,0.019121130094488206,2075767.013376,1696238398.0,11912.0,1508227.0,0.0023238109424710274,,2317.0,2.69140625,,3449449.0,,0.6699999999254942,122694.0,0.0,,2.203125,2.16796875,0.0,,,96394.52672,,0.0,,0.22913763992943634,4434248.0,6110.0,906.715136,2.854912,7.064503301316996,48337.526784,3776.442368,,,,,90.3640000000014
,0.0,3.2251593130640686,247,120,,,,,1696238398.0,,,,9.010080248117447e-06,,,,,4.60591772258707,,,,0.05396064091473818,,,,2032.0,0.0008378101047128439,,4.0,,,,,,,,,,,0.19150138506665826,2.237272262573242,3.473791970172897,0.0001,
,1.0,0.003644780023023486,248,120,,,,,1696238398.0,,,0.002018537139520049,6.145797669887543e-06,,,,,74.62781276263078,,,,0.04665299318730831,,,,2048.0,0.0009081389289349318,,4.0,,,,,,,,,,,0.16116668400354683,2.0980303287506104,0.2143972790800035,0.0001,
10287.058944,,,249,121,3.5,73.62400000001071,0.0015705048942475067,2075816.46848,1696238399.0,11936.0,1521006.0,,,2377.0,2.69140625,,3480946.0,,0.6720000000204891,122694.0,0.0,,2.203125,2.16796875,0.0,,,96394.52672,,0.0,,0.0027602813330740755,4464984.0,6186.0,906.71104,2.854912,0.09543593666710398,48272.6912,3776.438272,,,,,90.41199999999662
10287.058944,,,250,122,3.5,73.62400000001071,0.0005225350833114495,2075534.249984,1696238400.0,11947.0,1545098.0,0.0027834330685436726,4.81889583170414e-06,2386.0,2.69140625,,3535195.0,,0.6729999999515712,122694.0,0.0,0.04959727008827031,2.203125,2.16796875,0.0,,0.0013031589332967997,96394.52672,,0.0,,0.0027551849821888337,4520180.0,6214.0,905.58464,2.854912,0.030402036728116144,48554.938368,3775.311872,0.16610728786326945,,,,90.43600000000151
,2.0,0.7766255270689726,251,122,,,,,1696238400.0,,,,,,,,,16.057461692209166,,,,,,,,2064.0,,,4.0,,,,,,,,,,,,2.183196544647217,0.9964214959181845,0.0001,
,3.0,0.0036336740013211966,252,122,,,,,1696238400.0,,,0.0022096920292824507,5.16907311975956e-06,,,,,73.42394100704693,,,,0.049410236068069935,,,,2080.0,0.0010482401121407747,,4.0,,,,,,,,,,,0.1616055630147457,2.017974376678467,0.21791257429867983,0.0001,
10287.058944,,,253,123,3.6,73.62400000001071,0.0019020416553812043,2075044.74112,1696238401.0,11993.0,1562660.0,,,2398.0,2.7890625,,3567924.0,,0.6739999998826534,122694.0,0.0,,2.23046875,2.17578125,0.0,,,96379.150336,,0.0,,0.003978437131685733,4562401.0,6262.0,904.237056,2.854912,0.5985091186505129,49044.451328,3773.964288,,,,,90.50800000000163
,4.0,0.8164617840666324,254,123,,,,,1696238401.0,,,0.0020013570319861174,4.81889583170414e-06,,,,,15.486109081535998,,,,0.05079175694845617,,,,2096.0,0.0011049499735236168,,4.0,,,,,,,,,,,0.1628193249925971,2.505225896835327,1.033183991909027,0.0001,
10287.058944,,,255,124,3.6,73.62400000001071,0.04157959445959901,2074771.795968,1696238402.0,12049.0,1588138.0,0.001869846135377884,,2419.0,2.7890625,,3608803.0,,0.6759999999776483,122694.0,0.0,,2.23046875,2.17578125,0.0,,0.0010122018866240978,96379.150336,,0.0,,0.01897751570446321,4604458.0,6317.0,904.237056,2.854912,0.2735041356717312,49317.400576,3773.964288,0.1617722730152309,,,,90.596000000005
,5.0,0.00353890098631382,256,124,,,,,1696238402.0,,,,4.259869456291199e-06,,,,,73.02494272304193,,,,0.050905736861750484,,,,2112.0,,,4.0,,,,,,,,,,,,2.394075632095337,0.21910321875475347,0.0001,
10287.058944,,,257,125,3.6,74.01000000000931,0.012159228738463573,2073926.8608,1696238403.0,12102.0,1603211.0,,,2424.0,2.7890625,,3646344.0,,0.6790000000037253,123282.0,0.0,,2.23046875,2.17578125,0.0,,,96379.150336,,302.5192060403755,,0.004730786457473319,4645572.0,6338.0,904.237056,2.854912,0.1903706498411051,50151.870464,3773.964288,,,,,91.24400000000605
,6.0,0.7960578789934516,258,125,,,,,1696238403.0,,,0.002498901914805174,6.983987987041473e-06,,,,,15.8101179079971,,,,0.049049508990719914,,,,2128.0,0.0012878640554845333,,4.0,,,,,,,,,,,0.16310902498662472,2.3240275382995605,1.012010162929073,0.0001,
,7.0,0.0037882321048527956,259,126,,,,,1696238404.0,,,0.0019349378999322653,4.259869456291199e-06,,,,,73.35517373875544,,,,0.050541726872324944,,,,2144.0,0.0011845689732581377,,4.0,,,,,,,,,,,0.1606631320901215,2.154738664627075,0.21811685780994594,0.0001,
10287.058944,,,260,126,3.6,74.50900000000547,0.001565346705537978,2074142.375936,1696238404.0,12166.0,1634845.0,,,2452.0,2.7890625,,3689436.0,,0.6799999999348074,124264.0,0.0,,2.23046875,2.17578125,0.0,,,96379.150336,,411.64153127381877,,0.004316562123419571,4707007.0,6419.0,904.237056,2.854912,0.14571955288110955,49936.359424,3773.964288,,,,,92.04400000000896
10287.058944,,,261,127,3.6,75.28000000001339,0.0010444538170533348,2074581.83168,1696238405.0,12177.0,1646066.0,0.0021429238840937614,5.6568533182144165e-06,2459.0,2.7890625,,3713686.0,,0.6809999998658895,125235.0,0.0,0.04849881515838206,2.23046875,2.17578125,0.0,,0.0011540488339960575,96379.150336,,482.25661166741065,,0.0027535600701121257,4735756.0,6451.0,904.200192,2.854912,0.030384106666138447,49496.887296,3773.927424,0.16212964802980423,,,,93.05999999999767
,8.0,0.7378828378859907,262,127,,,,,1696238405.0,,,,,,,,,16.81000822203528,,,,,,,,2160.0,,,4.0,,,,,,,,,,,,2.0161542892456055,0.9518139306455851,0.0001,
,9.0,0.0035577581729739904,263,127,,,,,1696238405.0,,,0.0018143930938094854,3.2829120755195618e-06,,,,,75.31521224787937,,,,0.045012295013293624,,,,2176.0,0.0010376940481364727,,4.0,,,,,,,,,,,0.16101505886763334,2.5930817127227783,0.21244048210792243,0.0001,
10287.058944,,,264,128,3.6,76.02700000000186,0.0005223582182863936,2074397.466624,1696238406.0,12226.0,1656212.0,,,2476.0,2.72265625,,3736627.0,,0.6829999999608845,126136.0,0.0,,2.2265625,2.17578125,0.0,,,96394.52672,,396.0166703251246,,0.001567074653397044,4765813.0,6495.0,904.237056,2.854912,0.4720851942574839,49681.248256,3773.964288,,,,,93.94000000000233
,10.0,0.727227863157168,265,128,,,,,1696238406.0,,,0.0026355108711868525,2.862885594367981e-06,,,,,16.97412045102517,,,,0.04899209993891418,,,,2192.0,0.0013112600427120924,,4.0,,,,,,,,,,,0.16244183597154915,2.187269687652588,0.9426114328671247,0.0001,
10287.058944,,,266,129,3.6,77.19500000000698,0.09858960709823397,2074775.69536,1696238407.0,12309.0,1669373.0,,,2486.0,2.72265625,,3765166.0,,0.6859999999869615,127684.0,0.0,,2.2265625,2.17578125,0.0,,,96394.52672,,408.5868526311868,,0.03616508258060489,4796427.0,6531.0,906.719232,2.854912,0.6056049168917101,49287.405568,3776.462848,,,,,95.10000000000582
10287.058944,,,267,130,3.5,77.98400000001129,0.08816237821136537,2076489.740288,1696238408.0,12348.0,1691291.0,,,2486.0,2.72265625,,3798901.0,,0.6859999999869615,129050.0,0.0,,2.2265625,2.17578125,0.0,,,96394.52672,,508.16130857686966,,0.24621284573532917,4831039.0,6531.0,906.719232,2.854912,0.08700837901050859,47583.924224,3776.462848,,,,,96.01200000000244
10270.281728,,,268,131,3.5,78.69600000001083,0.054516392823961146,2076626.08384,1696238409.0,12382.0,1700382.0,,,2496.0,2.72265625,,3820006.0,,0.6869999999180436,130525.0,0.0,,2.2265625,2.17578125,0.0,,,95862.74304,,383.48425426726646,,0.023611893014687566,4858114.0,6534.0,891.24864,2.854912,0.1074333282755177,47485.845504,3744.219136,,,,,96.68400000000838
10245.115904,,,269,132,3.5,79.45900000000256,0.0005222634876164428,2076692.393984,1696238410.0,13365.0,1709568.0,,,2501.0,2.72265625,,3841520.0,,0.7509999999310821,132104.0,0.0,,2.2265625,2.17578125,0.0,,,95837.564928,,408.9096473565775,,0.0011236578056582633,4885514.0,6535.0,891.24864,2.854912,5.1859181672418515,47419.531264,3744.190464,,,,,97.41199999999662
10228.338688,,,270,133,3.5,81.30600000001141,0.04418610396735137,2076672.999424,1696238411.0,13412.0,1729067.0,,,2514.0,2.81640625,,3882178.0,,0.7519999998621643,135951.0,0.0,,2.25390625,2.18359375,0.0,,,95820.77952,,1032.8923406180556,,0.05148187543186973,4942592.0,6535.0,891.24864,2.854912,0.20662384059435523,47438.925824,3744.161792,,,,,99.13199999999779
10219.95008,,,271,134,3.5,82.83900000000722,0.40331565194965685,2076600.95488,1696238412.0,13458.0,1742011.0,,,2533.0,2.81640625,,3917543.0,,0.7539999999571592,139101.0,0.0,,2.25390625,2.18359375,0.0,,,95812.386816,,809.14144229697,,0.27975949378645426,4991466.0,6535.0,891.24864,2.854912,0.15795949041985172,47510.974464,3744.1536,,,,,100.48399999999674
