disk/time/disk_write_time_sys_s,cpu/interrupts/soft_interrupts_count,process/memory/virtual_memory_size_proc_MB,bandwidth/net_recv_sys_bandwidth_Mbits,cpu/load/avg_sys_load_five_min_percent,disk/counter/disk_read_sys_count,02_timing/opt_step_time_s,02_timing/dataload_cuda_move_time_s,process/involuntary_proc_ctx_switches,process/memory/data_resident_set_proc_MB,01_general/dataset_iteration_count,disk/time/disk_read_time_sys_s,cpu/interrupts/ctx_switches_count,memory/total_memory_sys_MB,_step,01_general/lr,02_timing/loss_calc_time_s,process/voluntary_proc_ctx_switches,cpu/load/avg_sys_load_one_min_percent,cpu/logical_core_count,02_timing/forward_time_s,process/memory/resident_set_size_proc_MB,01_general/locally_processed_samples,bandwidth/disk_write_sys_bandwidth_MBs,memory/used_memory_sys_percent,bandwidth/net_sent_sys_bandwidth_Mbits,process/memory/text_resident_set_proc_MB,process/memory/shared_memory_proc_MB,01_general/minibatch_loss,disk/counter/disk_write_sys_count,process/memory/dirty_pages_proc_count,_timestamp,02_timing/step_time_s,process/memory/lib_memory_proc_MB,disk/time/disk_busy_time_sys_s,cpu/interrupts/interrupts_count,_runtime,memory/available_memory_sys_MB,01_general/step,02_timing/backward_time_s,cpu/load/avg_sys_load_fifteen_min_percent,memory/used_memory_sys_MB,bandwidth/disk_read_sys_bandwidth_MBs,01_general/step_based_sps,02_timing/dataload_time_s
,,,,,,,,,,,,,31557.169152,0,,,,,8.0,,,,,,,,,,,,1696164614.0,,,,,1,,,,,,,,
0.0,15.0,9347.121152,0.11112728112067452,11.75,0.0,,,27.0,0.0,,0.0,21.0,,1,,,97.0,12.25,,,547.782656,,0.0,4.9,0.21024080200505607,2.654208,243.490816,,0.0,0.0,1696164614.0,,1110.409216,0.0,21.0,1,30005.305344,,,8.125,1090.592768,0.0,,
0.005000000000109139,782.0,10243.207168,0.3425556952761778,11.75,0.0,,,28.0,0.0,,0.0,1012.0,,2,,,115.0,12.25,,,965.61152,,0.20829990021755412,6.2,0.30178437213261433,2.654208,249.524224,,5.0,0.0,1696164615.0,,1522.29888,0.015999999999991132,1100.0,2,29592.92416,,,8.125,1502.969856,0.0,,
0.006000000000312866,1212.0,11081.711616,0.01134396657303367,11.75,0.0,,,29.0,0.0,,0.0,1474.0,,3,,,127.0,12.375,,,1293.275136,,0.004084466163910868,7.1,0.0062862487045154776,2.654208,414.486528,,6.0,0.0,1696164616.0,,1719.201792,0.01999999999999602,2220.0,3,29324.914688,,,8.25,1758.400512,0.0,,
0.007000000000061846,1942.0,11979.739136,0.1306890984125969,11.75,0.0,,,31.0,0.0,,0.0,2019.0,,4,,,130.0,12.375,,,2021.797888,,0.004084283609006026,9.1,0.14005423309597748,2.654208,513.57696,,7.0,0.0,1696164617.0,,2348.806144,0.02400000000000091,3133.0,4,28700.79488,,,8.25,2382.52032,0.0,,
0.010000000000218279,2576.0,12367.036416,0.0005258394972617591,11.75,0.0,,,32.0,0.0,,0.0,2441.0,,5,,,140.0,12.375,,,2038.874112,,0.01631695904321298,9.6,0.0011313516523802007,2.654208,527.290368,,11.0,0.0,1696164618.0,,2367.209472,0.031999999999996476,4280.0,5,28539.518976,,,8.25,2543.73888,0.0,,
0.011000000000422006,3345.0,12367.036416,0.020321152440307,11.75,0.0,,,32.0,0.0,,0.0,2838.0,,6,,,140.0,12.375,,,2038.874112,,0.004081769340832323,10.1,0.06365806285544735,2.654208,527.290368,,12.0,0.0,1696164619.0,,2367.209472,0.036000000000001364,5436.0,6,28361.97376,,,8.25,2721.284096,0.0,,
0.015000000000327418,4234.0,12367.036416,0.019377082175727037,11.75,0.0,,,32.0,0.0,,0.0,3449.0,,7,,,140.0,12.375,,,2038.898688,,0.08573760804582758,10.4,0.015756837193068755,2.654208,527.290368,,16.0,0.0,1696164620.0,,2367.209472,0.0519999999999925,6751.0,7,28275.892224,,,8.25,2807.361536,0.0,,
0.015000000000327418,5007.0,12367.036416,0.0186358843007035,12.0,0.0,,,32.0,0.0,,0.0,4576.0,,8,,,140.0,13.375,,,2038.898688,,0.004082829595084161,11.1,0.04758250818449632,2.654208,527.290368,,17.0,0.0,1696164621.0,,2367.209472,0.055999999999997385,8299.0,8,28048.896,,,8.25,2995.95776,0.0,,
0.016000000000076398,5766.0,12367.036416,1.2936543524378445,12.0,0.0,,,32.0,0.0,,0.0,5762.0,,9,,,140.0,13.375,,,2038.898688,,0.004084502092020865,11.6,0.024905889717137655,2.654208,527.290368,,18.0,0.0,1696164622.0,,2367.209472,0.060000000000002274,9904.0,9,27903.004672,,,8.25,3141.849088,0.0,,
0.017000000000280124,6693.0,12900.356096,0.47522837988369543,12.0,0.0,,0.0068412749999424705,32.0,0.0,,0.0,6791.0,,10,,,152.0,13.375,,,2362.933248,,0.004087574010255027,11.8,0.059142086452609544,2.654208,618.344448,,19.0,0.0,1696164623.0,,2601.455616,0.06399999999999295,11588.0,10,27839.332352,,,8.25,3165.138944,0.0,,
0.018000000000029104,7999.0,14493.22496,0.013608682389078329,12.0,0.0,,,34.0,0.0,,0.0,8025.0,,11,,,155.0,13.375,,,3224.006656,,0.004084200107930533,14.2,0.006700640801138316,2.654208,827.24864,,20.0,0.0,1696164624.0,,3256.864768,0.06799999999999784,13481.0,11,27088.310272,,,8.25,3915.993088,0.0,,
0.018000000000029104,9088.0,29146.210304,0.01923394342062103,12.0,0.0,,,35.0,0.0,,0.0,9122.0,,12,,0.0002955830000246351,165.0,13.375,,2.0478228439999384,3631.550464,,0.004084520542767959,15.2,0.0843309895912783,2.654208,963.014656,,21.0,0.0,1696164625.0,,3537.158144,0.07200000000000273,15353.0,12,26759.31136,,,8.25,4244.975616,0.0,,
,,,,,,2.1070000002509914e-06,,,,0.0,,,,13,0.0001,,,,,,,20.0,,,,,,3.9990055561065674,,,1696164625.0,7.911424065000119,,,,12,,0.0,0.5068246160001308,,,,2.5279898834495986,5.349637640000083
,,,,,,2.820999952746206e-06,0.005564391000007163,,,0.0,,,,14,0.0001,0.0004330619999564078,,,,0.16264147099991533,,40.0,,,,,,3.930935859680176,,,1696164625.0,0.2005969119998099,,,,12,,1.0,0.0276826730000721,,,,99.70243210931858,0.004272493999906146
0.023000000000138243,10057.0,29214.765056,0.01929630472527223,12.375,0.0,2.7690000479196897e-06,0.0056232889999137115,37.0,0.0,,0.0,9849.0,,15,,0.0004617300000973046,187.0,15.25,,0.14908583300007194,3702.644736,,0.12247571925884194,15.1,0.020332883079957245,2.654208,985.010176,,26.0,0.0,1696164626.0,,3588.521984,0.08799999999999386,17274.0,13,26791.19872,,0.027888155999789888,8.5,4232.384512,0.0,,
,,,,,,,,,,0.0,,,,16,0.0001,,,,,,,60.0,,,,,,3.999131202697754,,,1696164626.0,0.18856936899987886,,,,13,,2.0,,,,,106.06176446405168,0.005507591999958095
,,,,,,2.8220001695444807e-06,0.005680229999825315,,,0.0,,,,17,0.0001,0.0005118169999605016,,,,0.16023291900000913,,80.0,,,,,,4.076251029968262,,,1696164626.0,0.1989373969997814,,,,13,,3.0,0.02791730099988854,,,,100.53413939070478,0.00459230799992838
0.02500000000009095,10900.0,29195.546624,0.21934585910956494,12.375,0.0,2.6950001483783126e-06,0.0057443870000497554,39.0,0.0,,0.0,10419.0,,18,,0.0004885319999630156,204.0,15.25,,0.1529699200000323,3702.76352,,0.012244339278537013,15.4,0.07421536372663491,2.654208,985.001984,,29.0,0.0,1696164627.0,,3588.521984,0.09999999999999432,19222.0,14,26685.52192,,0.026966928000092594,8.5,4376.252416,0.0,,
,,,,,,,,,,0.0,,,,19,0.0001,,,,,,,100.0,,,,,,4.218393325805664,,,1696164627.0,0.19142058800025552,,,,14,,4.0,,,,,104.48196930610882,0.0052481259999694885
0.026000000000294676,11410.0,29195.546624,0.001052095689456411,12.375,0.0,,,40.0,0.0,,0.0,10908.0,,20,,,207.0,15.25,,,3702.76352,,0.00816171200699436,14.9,0.0012593266574389347,2.654208,985.001984,,31.0,0.0,1696164628.0,,3588.521984,0.10800000000000409,20388.0,15,26854.8096,,,8.5,4187.992064,0.0,,
0.027000000000043656,12015.0,29195.546624,0.009126763928829943,12.375,0.0,,,40.0,0.0,,0.0,11969.0,,21,,,207.0,15.25,,,3702.76352,,0.004081138106100271,15.4,0.06506705147546615,2.654208,985.001984,,32.0,0.0,1696164629.0,,3588.554752,0.11199999999999477,21828.0,16,26708.447232,,,8.5,4315.090944,0.0,,
0.028000000000247383,12766.0,29195.546624,0.05571518451787831,12.375,0.0,2.2749998151994077e-06,0.00624618200004079,40.0,0.0,,0.0,13134.0,,22,,0.0005407440000908537,214.0,15.25,,0.20787572299991552,3702.829056,,0.004082750032653068,15.2,0.020094785314145505,2.654208,985.06752,,33.0,0.0,1696164630.0,,3588.554752,0.11599999999999966,23476.0,17,26748.985344,,0.020112954000069294,8.5,4282.38848,0.0,,
,,,,,,,,,,0.0,,,,23,0.0001,,,,,,,120.0,,,,,,4.254733085632324,,,1696164630.0,2.870235614999956,,,,17,,5.0,,,,,6.968069065647179,2.6354577370000243
,,,,,,2.544999915699009e-06,0.005694737000112582,,,0.0,,,,24,0.0001,0.0004932479998842609,,,,0.15793865199998436,,140.0,,,,,,3.8906874656677246,,,1696164631.0,0.1880104530000608,,,,18,,6.0,0.018556873000079577,,,,106.37706404544183,0.005324398000084329
0.03300000000035652,13611.0,29195.546624,0.010633165043569372,12.875,0.0,,,41.0,0.0,,0.0,14337.0,,25,,,227.0,17.125,,,3702.829056,,0.06943065905973989,15.1,0.051012070851867444,2.654208,985.06752,,39.0,0.0,1696164631.0,,3588.554752,0.14000000000000057,25596.0,18,26777.206784,,,8.625,4246.26176,0.0,,
0.12400000000025102,14168.0,29195.546624,0.0005269898214039797,12.875,0.0,,,41.0,0.0,,0.0,15419.0,,26,,,227.0,17.125,,,3702.829056,,0.3638465478733056,15.6,0.0012615816924949948,2.654208,985.06752,,98.0,0.0,1696164632.0,,3588.554752,0.15200000000000102,26985.0,19,26629.246976,,,8.625,4394.283008,0.0,,
,,,,,,2.5669999104138697e-06,0.00585569800000485,,,0.0,,,,27,0.0001,0.0006012659998759773,,,,0.15806721299986748,,160.0,,,,,,4.407732963562012,,,1696164633.0,1.5419578539997474,,,,20,,7.0,0.01862935799999832,,,,12.970523123003124,1.3588017520000903
0.12600000000020373,15028.0,29195.997184,0.011590044789502311,12.875,0.0,2.5350000214530155e-06,0.005697455000017726,42.0,0.0,,0.0,16579.0,,28,,0.0005271069999253086,248.0,17.125,,0.1584503300000506,3703.64416,,0.008168070108249798,14.9,0.061467918208379144,2.654208,985.06752,,100.0,0.0,1696164633.0,,3589.005312,0.16400000000000148,28977.0,20,26846.162944,,0.019393283999988853,8.625,4196.57728,0.0,,
,,,,,,,,,,0.0,,,,29,0.0001,,,,,,,180.0,,,,,,4.113814353942871,,,1696164633.0,0.2957320789998903,,,,20,,8.0,,,,,67.6287809818813,0.11166136799988635
0.12800000000015643,15623.0,29195.997184,0.0005265694273503847,12.875,0.0,,,43.0,0.0,,0.0,17706.0,,30,,,251.0,17.125,,,3703.64416,,0.008169804440397027,15.4,0.0011967486974194467,2.654208,985.06752,,102.0,0.0,1696164634.0,,3589.005312,0.17199999999999704,30617.0,21,26691.514368,,,8.625,4332.023808,0.0,,
0.12900000000036016,16394.0,29196.619776,0.009564116940461167,12.875,0.0,2.750000021478627e-06,0.00581387000011091,44.0,0.0,,0.0,18902.0,,31,,0.0005132290000346984,259.0,17.125,,0.1579927420000331,3705.769984,,0.004084093306885902,15.3,0.061963353131751955,2.654208,987.045888,,103.0,0.0,1696164635.0,,3589.627904,0.17600000000000193,32456.0,22,26722.77504,,0.01904625399993165,8.625,4300.763136,0.0,,
,,,,,,,,,,0.0,,,,32,0.0001,,,,,,,200.0,,,,,,4.009944915771484,,,1696164635.0,1.4824013020001985,,,,22,,9.0,,,,,13.491623336416446,1.2990324570000666
,,,,,,2.9440000162139768e-06,0.005847291999998561,,,0.0,,,,33,0.0001,0.0005225320001045475,,,,0.15868882800009487,,220.0,,,,,,4.110254287719727,,,1696164636.0,0.29857295500050895,,,,23,,10.0,0.018842904000166527,,,,66.98530347454245,0.11466845500012823
0.14500000000043656,17200.0,29196.619776,0.00105294557553735,13.0,0.0,,,44.0,0.0,,0.0,20077.0,,34,,,271.0,17.75,,,3703.803904,,0.15111364367073918,15.2,0.002775947423867383,2.654208,985.06752,,114.0,0.0,1696164636.0,,3589.627904,0.19599999999999795,34487.0,23,26751.1808,,,8.75,4272.357376,0.0,,
0.14700000000038926,18138.0,29196.619776,0.03239876694663406,13.0,0.0,,0.005726677999973617,45.0,0.0,,0.0,21315.0,,35,,,276.0,17.75,,,3703.808,,0.057186496299231726,15.6,0.06888228362739089,2.654208,985.06752,,117.0,0.0,1696164637.0,,3589.627904,0.2079999999999984,36205.0,24,26627.592192,,,8.75,4415.164416,0.0,,
,,,,,,0.037547029000052135,,,,0.0,,,,36,0.0001,0.0005615109998871048,,,,0.15838329399980466,,240.0,,,,,,4.060842990875244,,,1696164637.0,1.4967494499996974,,,,24,,11.0,0.018438274000118327,,,,13.362289860874206,1.2760926639998615
0.15399999999999636,18891.0,29196.88192,0.0015795580481713504,13.0,0.0,2.848000121957739e-06,0.005592899000021134,48.0,0.0,,0.0,22464.0,,37,,0.000543612999990728,294.0,17.75,,0.15983752499982984,3703.844864,,0.02859159622480374,15.0,0.0028400134642576815,2.654208,985.06752,,124.0,0.0,1696164638.0,,3589.890048,0.23199999999999932,38266.0,25,26809.434112,,0.018612402999906408,8.75,4214.185984,0.0,,
,,,,,,,,,,0.0,,,,38,0.0001,,,,,,,260.0,,,,,,3.2829012870788574,,,1696164638.0,0.32638381299989305,,,,25,,12.0,,,,,61.27754871227806,0.141794525000023
0.1890000000003056,19547.0,29196.88192,0.008488590270460996,13.0,0.0,,,48.0,0.0,,0.0,23580.0,,39,,,296.0,17.75,,,3703.844864,,0.15521993636792455,15.5,0.05616510855420859,2.654208,985.06752,,147.0,0.0,1696164639.0,,3589.890048,0.25199999999999534,39790.0,26,26662.313984,,,8.75,4361.220096,0.0,,
,,,,,,2.5809999897319358e-06,0.005775227000185623,,,0.0,,,,40,0.0001,0.0005193779998080572,,,,0.15868669400015278,,280.0,,,,,,3.4295990467071533,,,1696164640.0,1.4467265160001261,,,,27,,13.0,0.01908323899988318,,,,13.824312873794218,1.2626593970001068
0.1910000000002583,20358.0,29196.88192,0.0010529445742756517,13.0,0.0,,,48.0,0.0,,0.0,24764.0,,41,,,307.0,17.75,,,3703.984128,,0.008168297295282474,15.4,0.0027759447841774537,2.654208,985.198592,,149.0,0.0,1696164640.0,,3589.890048,0.2599999999999909,41715.0,27,26696.45824,,,8.75,4326.998016,0.0,,
,,,,,,2.474999973856029e-06,0.005807876000062606,,,0.0,,,,42,0.0001,0.0005508560000180296,,,,0.15874224300000606,,300.0,,,,,,3.3120789527893066,,,1696164640.0,0.36951477499997054,,,,27,,14.0,0.01875767999990785,,,,54.12503464848353,0.18565364500000214
0.19600000000036744,21138.0,29196.88192,0.01108824455335371,13.5,0.0,,,49.0,0.0,,0.0,25869.0,,43,,,318.0,19.25,,,3703.984128,,0.0408430303004162,15.3,0.06028335546449878,2.654208,985.198592,,154.0,0.0,1696164641.0,,3589.890048,0.27199999999999136,43592.0,28,26731.773952,,,8.875,4291.764224,0.0,,
0.19800000000032014,21860.0,29196.88192,0.000526606365057456,13.5,0.0,,0.005595874999926309,49.0,0.0,,0.0,27010.0,,44,,,323.0,19.25,,,3703.984128,,0.04493707644257186,15.7,0.002840482814968733,2.654208,985.198592,,157.0,0.0,1696164642.0,,3589.890048,0.2839999999999918,45191.0,29,26618.281984,,,8.875,4424.368128,0.0,,
,,,,,,2.4119999579852447e-06,,,,0.0,,,,45,0.0001,0.0005984680001347442,,,,0.15924624700005552,,320.0,,,,,,3.441387891769409,,,1696164642.0,1.503974350000135,,,,29,,15.0,0.019145850000086284,,,,13.298099133138942,1.3193854979999742
,,,,,,3.0050000532355625e-06,0.005612459000076342,,,0.0,,,,46,0.0001,0.0005920720000176516,,,,0.15942841500009308,,340.0,,,,,,3.224982976913452,,,1696164643.0,0.26877615800026433,,,,30,,16.0,0.018948153000110324,,,,74.41136203747779,0.0841920539999137
0.20100000000002183,22699.0,29196.877824,0.04588417733385974,13.5,0.0,,,51.0,0.0,,0.0,28276.0,,47,,,339.0,19.25,,,3704.090624,,0.012252798397751284,15.1,0.06859493061400648,2.654208,985.198592,,160.0,0.0,1696164643.0,,3589.890048,0.29599999999999227,47369.0,30,26796.253184,,,8.875,4227.289088,0.0,,
0.23300000000017462,23315.0,29196.877824,0.04428754323609753,13.5,0.0,,,51.0,0.0,,0.0,29358.0,,48,,,339.0,19.25,,,3704.090624,,0.14297113578869036,15.5,0.04705601333044347,2.654208,985.198592,,188.0,0.0,1696164644.0,,3589.890048,0.30400000000000205,48804.0,31,26650.226688,,,8.875,4373.315584,0.0,,
,,,,,,4.219999937049579e-06,0.005722948999846267,,,0.0,,,,49,0.0001,0.0006762069999695086,,,,0.1585056380001788,,360.0,,,,,,3.332036018371582,,,1696164645.0,1.5621854290000101,,,,32,,17.0,0.01918943999999101,,,,12.802577484545127,1.3780869750000875
0.23600000000033106,24354.0,29196.88192,0.0820977553848967,13.5,0.0,,0.00560739200000171,52.0,0.0,,0.0,30779.0,,50,,,352.0,19.25,,,3704.090624,,0.012253634466403911,15.4,0.10350172756829454,2.654208,985.198592,,191.0,0.0,1696164645.0,,3589.890048,0.3160000000000025,51059.0,32,26711.486464,,,8.875,4331.249664,0.0,,
,,,,,,6.058999815650168e-06,,,,0.0,,,,51,0.0001,0.0006630200000472541,,,,0.15858542199998737,,380.0,,,,,,3.1800355911254883,,,1696164645.0,0.2554350049997538,,,,32,,18.0,0.01975643199989463,,,,78.29780417143405,0.07081668000000718
0.23800000000028376,25033.0,29196.88192,0.0015809589303646268,13.875000000000002,0.0,,,53.0,0.0,,0.0,31893.0,,52,,,358.0,20.75,,,3704.090624,,0.008176272439749109,15.4,0.001197696158276296,2.654208,985.198592,,193.0,0.0,1696164646.0,,3589.890048,0.32399999999999807,52880.0,33,26710.736896,,,9.0,4312.858624,0.0,,
0.24400000000014188,25947.0,29196.88192,0.07606536757933008,13.875000000000002,0.0,2.587999915704131e-06,0.005855404999920211,53.0,0.0,,0.0,33212.0,,53,,0.0005333629999313416,365.0,20.75,,0.15898951999997735,3704.090624,,0.0776050231568309,15.3,0.10188850285356718,2.654208,985.198592,,200.0,0.0,1696164647.0,,3589.890048,0.3400000000000034,54723.0,34,26736.2304,,0.019067907999897216,9.0,4287.299584,0.0,,
,,,,,,,,,,0.0,,,,54,0.0001,,,,,,,400.0,,,,,,3.4212169647216797,,,1696164647.0,1.5111855829998149,,,,34,,19.0,,,,,13.234641876544723,1.326736799000173
,,,,,,3.001999857588089e-06,0.00585428099998353,,,0.0,,,,55,0.0001,0.0006043700000191166,,,,0.15868414700003086,,420.0,,,,,,3.395419120788574,,,1696164648.0,0.29292049200012116,,,,35,,20.0,0.018886474000055387,,,,68.27791344823949,0.10888821800017467
0.25,26778.0,29196.877824,0.010355077503268466,13.875000000000002,0.0,,,54.0,0.0,,0.0,34471.0,,56,,,377.0,20.75,,,3704.090624,,0.06126887152860544,15.2,0.07546920894079735,2.654208,985.198592,,208.0,0.0,1696164648.0,,3589.890048,0.35999999999999943,56927.0,35,26773.58592,,,9.0,4249.956352,0.0,,
0.2510000000002037,27390.0,29196.877824,0.0005265089608671441,13.875000000000002,0.0,,,54.0,0.0,,0.0,35511.0,,57,,,377.0,20.75,,,3704.090624,,0.004084433147781377,15.6,0.0011966112735940265,2.654208,985.198592,,209.0,0.0,1696164649.0,,3589.890048,0.3639999999999901,58337.0,36,26626.490368,,,9.0,4397.051904,0.0,,
,,,,,,3.0830001378490124e-06,0.005742680999901495,,,0.0,,,,58,0.0001,0.0006507420000616548,,,,0.1587313389998144,,440.0,,,,,,3.410717010498047,,,1696164650.0,1.540641659999892,,,,37,,21.0,0.019271893999984968,,,,12.981604041527348,1.3562419209999916
0.25300000000015643,28338.0,29196.88192,0.012830152754040012,13.875000000000002,0.0,4.372999910629005e-06,0.005685015999915777,55.0,0.0,,0.0,36816.0,,59,,0.000669615999868256,398.0,20.75,,0.15892563199986398,3704.09472,,0.008170445534071645,14.9,0.0937367130294691,2.654208,985.198592,,211.0,0.0,1696164650.0,,3589.890048,0.3719999999999999,60541.0,37,26859.872256,,0.019861059999811914,9.0,4159.71328,0.0,,
,,,,,,,,,,0.0,,,,60,0.0001,,,,,,,460.0,,,,,,3.285564422607422,,,1696164650.0,0.24778695399936623,,,,37,,22.0,,,,,80.71449960215078,0.06264125699999568
,,,,,,0.04374538799993388,0.0058160099999895465,,,0.0,,,,61,0.0001,0.0005244270000730467,,,,0.16082488600000033,,480.0,,,,,,3.431816339492798,,,1696164651.0,0.2343928440000127,,,,38,,23.0,0.01848463500004982,,,,85.32683702578785,0.004997497999966072
0.25500000000010914,28780.0,29200.723968,0.0010530402033612123,13.875000000000002,0.0,3.0329999844980193e-06,0.005548411000063425,58.0,0.0,,0.0,37300.0,,62,,0.0005216290001044399,421.0,20.125,,0.16042266199997357,3704.041472,,0.012253558718643337,14.8,0.004355757200803176,2.654208,985.141248,,214.0,0.0,1696164651.0,,3589.890048,0.387999999999991,61636.0,38,26896.744448,,0.01881763400001546,9.0,4161.355776,0.0,,
,,,,,,,,,,0.0,,,,63,0.0001,,,,,,,500.0,,,,,,3.1125569343566895,,,1696164651.0,0.1907992890000969,,,,38,,24.0,,,,,104.8221935459615,0.005485919999955513
,,,,,,2.3090001377568115e-06,0.0013876529999379272,,,0.0,,,,64,0.0001,0.0005450730000120529,,,,0.044099576999997225,,504.0,,,,,,2.7446606159210205,,,1696164651.0,0.07028618000003917,,,,38,,25.0,0.019502640999917276,,,,56.91019201780166,0.004748927000036929
0.2630000000003747,29544.0,29181.509632,0.010014585978201842,13.875000000000002,0.0,,,62.0,0.0,,0.0,37944.0,,65,,,445.0,20.125,,,3689.32864,,0.04079131281859563,14.0,0.06993479373423177,2.654208,972.058624,,221.0,0.0,1696164652.0,,3589.890048,0.40399999999999636,63118.0,39,27148.32896,,,9.0,3928.915968,0.0,,
0.2650000000003274,30074.0,29181.509632,0.0005261895828647054,13.875000000000002,0.0,,,62.0,0.0,,0.0,38224.0,,66,,,445.0,20.125,,,3689.3696,,0.05306542212629215,14.6,0.0010045437481796585,2.654208,972.058624,,224.0,0.0,1696164653.0,,3589.890048,0.41199999999999193,64096.0,40,26958.393344,,,9.0,4118.908928,0.0,,
0.2660000000000764,30590.0,29181.509632,0.010634949979641765,13.875000000000002,0.0,,,62.0,0.0,,0.0,38531.0,,67,,,445.0,20.125,,,3689.3696,,0.0040848420027674815,14.7,0.06110508768520375,2.654208,972.058624,,225.0,0.0,1696164654.0,,3589.890048,0.4159999999999968,65151.0,41,26915.131392,,,9.0,4143.034368,0.0,,
0.2670000000002801,31165.0,29181.509632,0.0005265137175612832,13.875000000000002,0.0,,,62.0,0.0,,0.0,39648.0,,68,,,445.0,20.125,,,3689.3696,,0.004084470046382619,15.2,0.0010051625507816458,2.654208,972.058624,,226.0,0.0,1696164655.0,,3589.890048,0.4239999999999924,66636.0,42,26768.658432,,,9.0,4270.252032,0.0,,
0.2680000000000291,31712.0,29181.509632,0.00938591538072429,14.000000000000002,0.0,,,62.0,0.0,,0.0,40673.0,,69,,,445.0,20.5,,,3689.3696,,0.00408638492906961,15.7,0.04633098537096759,2.654208,972.058624,,227.0,0.0,1696164656.0,,3589.890048,0.42799999999999727,68062.0,43,26608.799744,,,9.125,4430.11072,0.0,,
,,,,,,4.248000095685711e-06,0.006697995999957129,,,1.0,,,,70,0.0001,0.0007694460000493564,,,,0.22089954400007628,,524.0,,,,,,2.8299670219421387,,,1696164657.0,4.936445910000202,,,,44,,0.0,0.020168697999906726,,,,4.0514978518217335,4.687905978000117
0.2760000000002947,32545.0,29197.02528,0.0015795373973740044,14.000000000000002,0.0,2.6789998628373723e-06,0.005762011000115308,64.0,0.0,,0.0,41599.0,,71,,0.0006654799999523675,467.0,20.5,,0.15924719400004506,3705.720832,,0.08577366707653888,14.7,0.0041642349528820104,2.654208,987.574272,,235.0,0.0,1696164657.0,,3590.033408,0.4399999999999977,70000.0,44,26930.065408,,0.026747715000055905,9.125,4089.602048,0.0,,
,,,,,,,,,,1.0,,,,72,0.0001,,,,,,,544.0,,,,,,2.8204286098480225,,,1696164657.0,0.19780609900021773,,,,44,,1.0,,,,,101.1091169639718,0.005381020000186254
0.2780000000002474,33157.0,29216.243712,0.00989110939516129,14.000000000000002,0.0,,,65.0,0.0,,0.0,42350.0,,73,,,472.0,20.5,,,3705.720832,,0.008168141951115185,15.1,0.05553379323080041,2.654208,987.574272,,237.0,0.0,1696164658.0,,3590.033408,0.4519999999999982,71499.0,45,26783.023104,,,9.125,4236.648448,0.0,,
0.2810000000004038,33812.0,29216.243712,0.0010536003039155193,14.000000000000002,0.0,2.6840000373340445e-06,0.005718569000009666,65.0,0.0,,0.0,42990.0,,74,,0.0007017829998403613,481.0,20.5,,0.15944094599990422,3703.750656,,0.012260076294596774,15.0,0.0027776735355229385,2.654208,985.604096,,240.0,0.0,1696164659.0,,3590.033408,0.45999999999999375,73062.0,46,26808.832,,0.01858558300000368,9.125,4210.757632,0.0,,
,,,,,,,,,,1.0,,,,75,0.0001,,,,,,,564.0,,,,,,2.8346805572509766,,,1696164659.0,1.5571520559997225,,,,46,,2.0,,,,,12.843960821256857,1.3727024909999272
,,,,,,3.324000090287882e-06,0.005738335999922128,,,1.0,,,,76,0.0001,0.0007384349999028927,,,,0.15938068299988117,,584.0,,,,,,2.9636428356170654,,,1696164660.0,0.19006048499954886,,,,47,,3.0,0.018834996999885334,,,,105.22965886384786,0.0053647099998670456
0.2830000000003565,34542.0,29197.02528,0.06424142568767115,14.000000000000002,0.0,,,66.0,0.0,,0.0,44191.0,,77,,,492.0,20.5,,,3703.742464,,0.012263836671191212,15.2,0.07484453447700963,2.654208,985.595904,,243.0,0.0,1696164660.0,,3590.033408,0.4759999999999991,75082.0,47,26751.090688,,,9.125,4268.597248,0.0,,
0.2840000000001055,35251.0,29197.02528,0.0005269401661863655,14.374999999999998,0.0,,,66.0,0.0,,0.0,45313.0,,78,,,492.0,21.875,,,3703.742464,,0.004087778255709696,15.4,0.0032893840646875615,2.654208,985.595904,,244.0,0.0,1696164661.0,,3590.033408,0.480000000000004,76575.0,48,26686.81216,,,9.25,4332.859392,0.0,,
,,,,,,2.8459999157348648e-06,0.005883681000113938,,,1.0,,,,79,0.0001,0.0006072129999665776,,,,0.15977744499991786,,604.0,,,,,,3.0167179107666016,,,1696164661.0,1.6355234850000215,,,,48,,4.0,0.026970393000055992,,,,12.228500650358889,1.4422819070000514
0.2860000000000582,37194.0,29197.02528,0.01197714420919432,14.374999999999998,0.0,3.75299987354083e-06,0.005784279000181414,69.0,0.0,,0.0,46814.0,,80,,0.0006750339998689014,514.0,21.875,,0.15974715200013634,3703.689216,,0.00816550976605098,15.1,0.06214240001178329,2.654208,985.530368,,246.0,0.0,1696164662.0,,3590.033408,0.4919999999999902,79477.0,49,26780.471296,,0.027007435000086844,9.25,4239.21664,0.0,,
,,,,,,,,,,1.0,,,,81,0.0001,,,,,,,624.0,,,,,,3.002891778945923,,,1696164662.0,0.198521294000102,,,,49,,5.0,,,,,100.74486014578227,0.0053036409999549505
0.29300000000012005,38908.0,29197.02528,0.0005261698299382013,14.374999999999998,0.0,,,69.0,0.0,,0.0,49083.0,,82,,,517.0,21.875,,,3703.689216,,0.09796325552116128,15.6,0.0011320623603428154,2.654208,985.530368,,254.0,0.0,1696164663.0,,3590.033408,0.5079999999999956,82204.0,50,26648.059904,,,9.25,4371.632128,0.0,,
0.30600000000004,40467.0,29197.02528,0.14652646092978333,14.374999999999998,0.0,2.550000090195681e-06,0.005875249999917287,71.0,0.0,,0.0,50744.0,,83,,0.0005288429999836808,528.0,21.875,,0.15999689800014494,3703.754752,,0.3224538787644234,15.1,0.11400045654506724,2.654208,985.595904,,274.0,0.0,1696164664.0,,3590.033408,0.5319999999999965,84829.0,51,26792.849408,,0.026929855999924257,9.25,4226.830336,0.0,,
,,,,,,,,,,1.0,,,,84,0.0001,,,,,,,644.0,,,,,,2.767824411392212,,,1696164664.0,1.6823812320001252,,,,51,,6.0,,,,,11.887911978322943,1.4890478350000649
,,,,,,2.4739999844314298e-06,0.0057743899999422865,,,1.0,,,,85,0.0001,0.0006346789998588065,,,,0.16189673000008042,,664.0,,,,,,3.1606063842773438,,,1696164664.0,0.20237677399995846,,,,51,,7.0,0.028625236999914705,,,,98.82556977612512,0.005443264000177805
0.30900000000019645,41246.0,29197.021184,0.0017697565128708137,14.374999999999998,0.0,,,71.0,0.0,,0.0,52001.0,,86,,,545.0,21.875,,,3703.754752,,0.012244801811972367,15.3,0.003491681766716487,2.654208,985.595904,,277.0,0.0,1696164665.0,,3590.033408,0.5439999999999969,86862.0,52,26743.988224,,,9.25,4275.621888,0.0,,
0.30900000000019645,41985.0,29197.02528,0.010088257993002073,14.625,0.0,,0.005904104999899573,71.0,0.0,,0.0,53270.0,,87,,,551.0,22.125,,,3703.693312,,0.004086382983289699,15.4,0.06189433602549457,2.654208,985.530368,,278.0,0.0,1696164666.0,,3590.033408,0.5480000000000018,88476.0,53,26708.987904,,,9.375,4329.828352,0.0,,
,,,,,,2.7379999210097594e-06,,,,1.0,,,,88,0.0001,0.0005731139999625157,,,,0.15992650800012598,,684.0,,,,,,2.9985604286193848,,,1696164666.0,1.6426287510000748,,,,53,,8.0,0.018382235999979457,,,,12.175605709947233,1.4578400500001862
,,,,,,2.159000132451183e-06,0.0057497659997807204,,,1.0,,,,89,0.0001,0.0005619470000510773,,,,0.1586029550001058,,704.0,,,,,,2.929607391357422,,,1696164667.0,0.18826751999995395,,,,54,,9.0,0.018075194999937594,,,,106.23181311362094,0.00527549799994631
0.3120000000003529,42775.0,29197.02528,0.0015796586992809433,14.625,0.0,,,74.0,0.0,,0.0,54320.0,,90,,,569.0,22.125,,,3703.758848,,0.012254322047551294,15.0,0.002776369838926684,2.654208,985.595904,,281.0,0.0,1696164667.0,,3590.033408,0.5600000000000023,90549.0,54,26813.759488,,,9.375,4205.85472,0.0,,
0.33100000000013097,43344.0,29197.02528,0.009972033257802342,14.625,0.0,,,74.0,0.0,,0.0,55417.0,,91,,,569.0,22.125,,,3703.758848,,0.08169089643180934,15.5,0.06100491064550649,2.654208,985.595904,,298.0,0.0,1696164668.0,,3590.033408,0.5679999999999978,91987.0,55,26664.378368,,,9.375,4355.313664,0.0,,
,,,,,,2.0440002117538825e-06,0.005786146999980701,,,1.0,,,,92,0.0001,0.0005129509997914283,,,,0.1605629079999744,,724.0,,,,,,2.994478225708008,,,1696164669.0,1.6433586130001459,,,,56,,10.0,0.018494425000199044,,,,12.170198179378286,1.4580001379999885
0.3340000000002874,44180.0,29197.02528,0.0010534512055497772,14.625,0.0,,0.005821455999921454,76.0,0.0,,0.0,56548.0,,93,,,585.0,22.125,,,3703.812096,,0.06129170644780189,15.1,0.004165920672659476,2.654208,985.595904,,302.0,0.0,1696164669.0,,3590.033408,0.5799999999999983,93928.0,56,26801.442816,,,9.375,4237.438976,0.0,,
,,,,,,0.04784829499999432,,,,1.0,,,,94,0.0001,0.0005223289999776171,,,,0.1592502329999661,,744.0,,,,,,2.9459877014160156,,,1696164669.0,0.2369598349998796,,,,56,,11.0,0.018484722000039255,,,,84.40248956119572,0.005032799999980853
0.3360000000002401,44889.0,29197.02528,0.009565524527443147,14.625,0.0,,,77.0,0.0,,0.0,57737.0,,95,,,597.0,22.125,,,3705.79456,,0.008169388756449012,15.3,0.05616454769273588,2.654208,987.574272,,304.0,0.0,1696164670.0,,3590.033408,0.5919999999999987,95834.0,57,26737.229824,,,9.375,4282.462208,0.0,,
0.33700000000044383,45570.0,29197.02528,0.0005263759334286656,14.75,0.0,,0.005647664999969493,77.0,0.0,,0.0,58851.0,,96,,,601.0,22.375,,,3703.754752,,0.004083401175536954,15.4,0.0028392398807297343,2.654208,985.530368,,305.0,0.0,1696164671.0,,3590.033408,0.5999999999999943,97389.0,58,26698.969088,,,9.5,4339.843072,0.0,,
,,,,,,3.088999847022933e-06,,,,1.0,,,,97,0.0001,0.0007454940000570787,,,,0.16168481999989126,,764.0,,,,,,3.0763607025146484,,,1696164671.0,1.678171830999645,,,,58,,12.0,0.01847744499991677,,,,11.917730729687257,1.4916133179999633
,,,,,,2.2100000478531e-06,0.005736479000006511,,,1.0,,,,98,0.0001,0.0007341630000610166,,,,0.16059638100000484,,784.0,,,,,,3.2568869590759277,,,1696164672.0,0.19168927900022936,,,,59,,13.0,0.0189543720000529,,,,104.33551685473276,0.005665674000056242
0.3400000000001455,46370.0,29197.02528,0.010129456851670438,14.75,0.0,,,79.0,0.0,,0.0,59995.0,,99,,,619.0,22.375,,,3703.824384,,0.012251059629457082,15.1,0.056557463424691375,2.654208,985.595904,,308.0,0.0,1696164672.0,,3590.033408,0.6119999999999948,99659.0,59,26805.61664,,,9.5,4214.071296,0.0,,
0.3400000000001455,46923.0,29197.02528,0.000526550522257828,14.75,0.0,,,79.0,0.0,,0.0,61042.0,,100,,,619.0,22.375,,,3703.824384,,0.00408475556160395,15.5,0.0011967057313000391,2.654208,985.595904,,309.0,0.0,1696164673.0,,3590.033408,0.6159999999999997,101045.0,60,26658.770944,,,9.5,4360.921088,0.0,,
,,,,,,2.4589999156887643e-06,0.0061210579999624315,,,1.0,,,,101,0.0001,0.0005648669998663536,,,,0.1590459459998783,,804.0,,,,,,3.106269121170044,,,1696164674.0,1.6327177809996556,,,,61,,14.0,0.01860420699995302,,,,12.249514418685822,1.4483792440000798
0.34300000000030195,47720.0,29197.02528,0.001914003772881005,14.75,0.0,,0.00561192200007099,84.0,0.0,,0.0,62188.0,,102,,,633.0,22.375,,,3703.824384,,0.03674887239253193,15.2,0.005151860148833738,2.654208,985.595904,,313.0,0.0,1696164674.0,,3590.033408,0.6319999999999908,102924.0,61,26744.930304,,,9.5,4293.955584,0.0,,
,,,,,,2.3830000372981885e-06,,,,1.0,,,,103,0.0001,0.0005808670000533311,,,,0.159136867999905,,824.0,,,,,,3.3091485500335693,,,1696164674.0,0.18984306799984552,,,,61,,15.0,0.01882837599987397,,,,105.35017270167734,0.00568265199990492
0.34500000000025466,48431.0,29197.02528,0.053553146923903235,14.75,0.0,,,84.0,0.0,,0.0,63388.0,,104,,,639.0,22.375,,,3703.824384,,0.008166555838847322,15.3,0.018055744547429826,2.654208,985.595904,,315.0,0.0,1696164675.0,,3590.033408,0.6400000000000006,104723.0,62,26727.514112,,,9.5,4292.169728,0.0,,
0.34600000000000364,49078.0,29197.021184,0.0005263925738221579,15.0,0.0,,0.005892239000104382,86.0,0.0,,0.0,64611.0,,105,,,651.0,22.5,,,3703.824384,,0.004083530264649948,15.4,0.0027755244775901494,2.654208,985.595904,,316.0,0.0,1696164676.0,,3590.033408,0.6439999999999912,106296.0,63,26684.522496,,,9.5,4354.29376,0.0,,
,,,,,,2.4100002065097215e-06,,,,1.0,,,,106,0.0001,0.0005617199999505829,,,,0.15968108500010203,,844.0,,,,,,3.085184097290039,,,1696164676.0,1.6558092760003547,,,,63,,16.0,0.018281116000025577,,,,12.078685806320918,1.4713907059999656
,,,,,,3.0419998893194133e-06,0.005604144000017186,,,1.0,,,,107,0.0001,0.0005881679999220069,,,,0.16207277400008024,,864.0,,,,,,3.1559815406799316,,,1696164677.0,0.19295827599967197,,,,64,,17.0,0.018986736999977438,,,,103.64935059864445,0.005703410999785774
0.3480000000004111,50338.0,29197.021184,0.07463936059857447,15.0,0.0,,,86.0,0.0,,0.0,65998.0,,108,,,668.0,22.5,,,3703.824384,,0.012249819198891544,15.1,0.06147239999078557,2.654208,985.595904,,319.0,0.0,1696164677.0,,3590.033408,0.6599999999999966,108853.0,64,26796.433408,,,9.5,4223.26272,0.0,,
0.4210000000002765,50975.0,29197.021184,0.0005265708045956063,15.0,0.0,,,86.0,0.0,,0.0,67092.0,,109,,,668.0,22.5,,,3703.824384,,0.27368916460961307,15.6,0.0011967518275222198,2.654208,985.595904,,371.0,0.0,1696164678.0,,3590.033408,0.6679999999999922,110331.0,65,26646.802432,,,9.5,4372.893696,0.0,,
,,,,,,2.5269998786825454e-06,0.005696559999933015,,,1.0,,,,110,0.0001,0.000553306000028897,,,,0.16011337299983097,,884.0,,,,,,3.0006251335144043,,,1696164679.0,1.603386564999937,,,,66,,18.0,0.019544013000086125,,,,12.473598342768193,1.4174767860001793
0.4270000000001346,51920.0,29197.02528,0.0015795835889260584,15.0,0.0,,0.0057741109999369655,88.0,0.0,,0.0,68214.0,,111,,0.0005557790000239038,683.0,22.5,,0.1614044800001011,3703.76704,,0.06126869672750936,14.8,0.0043558214078778384,2.654208,985.530368,,377.0,0.0,1696164679.0,,3590.033408,0.6880000000000024,112511.0,66,26871.672832,,,9.5,4167.213056,0.0,,
,,,,,,2.6560001060715877e-06,,,,1.0,,,,112,0.0001,,,,,,,904.0,,,,,,3.255276918411255,,,1696164679.0,0.19245923100015716,,,,66,,19.0,0.019568284000115455,,,,103.91811240264006,0.005153920999873662
0.4329999999999927,52530.0,29197.02528,0.000526597599708876,15.0,0.0,,,88.0,0.0,,0.0,69412.0,,113,,,688.0,22.5,,,3703.76704,,0.08578753616382433,15.3,0.001196812725506868,2.654208,985.530368,,383.0,0.0,1696164680.0,,3590.033408,0.7000000000000028,114319.0,67,26713.362432,,,9.5,4306.321408,0.0,,
0.4329999999999927,53151.0,29197.021184,0.0010530174174067,15.125,0.0,2.770999799395213e-06,0.005829691999906572,88.0,0.0,,0.0,70465.0,,114,,0.0008748709999508719,697.0,22.75,,0.1617762139999286,3703.832576,,0.004084431205672735,15.7,0.0027123175971344414,2.654208,985.595904,,384.0,0.0,1696164681.0,,3590.033408,0.7039999999999935,115905.0,68,26615.836672,,0.019067368999913015,9.625,4422.979584,0.0,,
,,,,,,,,,,1.0,,,,115,0.0001,,,,,,,924.0,,,,,,3.183450222015381,,,1696164681.0,1.6121175309995124,,,,68,,20.0,,,,,12.406043365585141,1.424566614000014
,,,,,,4.38899996879627e-06,0.0057153530001414765,,,1.0,,,,116,0.0001,0.0006310659998689516,,,,0.1607252870001048,,944.0,,,,,,3.2699241638183594,,,1696164682.0,0.1915753720002158,,,,69,,21.0,0.019203580000066722,,,,104.39755272915494,0.005295697000065047
0.43600000000014916,54023.0,29220.347904,0.01692967482495304,15.125,0.0,,,90.0,0.0,,0.0,71721.0,,117,,,716.0,22.75,,,3703.832576,,0.012254467731813594,14.7,0.20831797327345558,2.654208,985.595904,,387.0,0.0,1696164682.0,,3590.295552,0.715999999999994,118076.0,69,26904.633344,,,9.625,4111.200256,0.0,,
0.4370000000003529,54328.0,29220.347904,0.0005268139349916389,15.125,0.0,,,90.0,0.0,,0.0,72338.0,,118,,,716.0,22.75,,,3703.832576,,0.004086799033997996,15.0,0.001197304404853163,2.654208,985.595904,,388.0,0.0,1696164683.0,,3590.295552,0.7199999999999989,118774.0,70,26831.302656,,,9.625,4184.530944,0.0,,
,,,,,,2.4759999632806284e-06,0.005928142999891861,,,1.0,,,,119,0.0001,0.000619156000084331,,,,0.1604494020000402,,964.0,,,,,,3.1404905319213867,,,1696164684.0,1.61719700499998,,,,71,,22.0,0.018987569000046278,,,,12.367077071108135,1.431210258999954
0.4390000000003056,54858.0,29201.133568,0.0015794570380228876,15.125,0.0,0.04507351799998105,0.005907612999862977,93.0,0.0,,0.0,72969.0,,120,,0.0005579639998813946,732.0,22.75,,0.15223749299980227,3703.779328,,0.008168505079156825,14.2,0.004355472434175477,2.654208,985.53856,,390.0,0.0,1696164684.0,,3590.299648,0.7279999999999944,120032.0,71,27083.4688,,0.01993354400019598,9.625,3951.566848,0.0,,
,,,,,,,,,,1.0,,,,121,0.0001,,,,,,,984.0,,,,,,3.278446674346924,,,1696164684.0,0.22908123999991403,,,,71,,23.0,,,,,87.30527213842349,0.005371108000190361
,,,,,,2.171000005546375e-06,0.005808820999845921,,,1.0,,,,122,0.0001,0.000512542000024041,,,,0.1622007420000955,,1004.0,,,,,,6.056761741638184,,,1696164685.0,0.19365639200009355,,,,72,,24.0,0.019441598000184968,,,,103.27570287476149,0.005690517999937583
,,,,,,2.615000084915664e-06,0.0014971099999456783,,,1.0,,,,123,0.0001,0.000588006000043606,,,,0.03910952199998974,,1008.0,,,,,,5.3290510177612305,,,1696164685.0,0.06518329699997594,,,,72,,25.0,0.018580663999955505,,,,61.36541390352618,0.005405379999956494
0.443000000000211,55522.0,29181.915136,0.0005256751157381875,15.125,0.0,,,95.0,0.0,,0.0,73776.0,,124,,,765.0,22.75,,,3690.508288,,0.057091503425343526,13.7,0.004348766862558692,2.654208,972.193792,,396.0,0.0,1696164685.0,,3590.303744,0.7479999999999905,121598.0,72,27236.745216,,,9.625,3840.323584,0.0,,
0.44400000000041473,56135.0,29181.915136,0.0010520826942064167,15.25,0.0,,,95.0,0.0,,0.0,74105.0,,125,,,765.0,22.875,,,3690.532864,,0.004080805598585192,14.3,0.0011955485150547658,2.654208,972.193792,,397.0,0.0,1696164686.0,,3590.303744,0.7519999999999953,122685.0,73,27049.934848,,,9.75,4027.379712,0.0,,
0.4450000000001637,56879.0,29181.915136,0.0031114378581261967,15.25,0.0,,,95.0,0.0,,0.0,74486.0,,126,,,765.0,22.875,,,3690.532864,,0.0040847594482540175,14.9,0.002058335815424142,2.654208,972.193792,,398.0,0.0,1696164687.0,,3590.303744,0.7599999999999909,123802.0,74,26868.801536,,,9.75,4208.508928,0.0,,
0.44600000000036744,57467.0,29181.915136,0.0,15.25,0.0,,,95.0,0.0,,0.0,75185.0,,127,,,765.0,22.875,,,3690.532864,,0.004084743908954067,14.9,0.0011328781933430895,2.654208,972.193792,,399.0,0.0,1696164688.0,,3590.303744,0.7639999999999958,125073.0,75,26843.246592,,,9.75,4195.663872,0.0,,
0.4470000000001164,58085.0,29181.915136,0.0010529711083540631,15.25,0.0,,,95.0,0.0,,0.0,76246.0,,128,,,765.0,22.875,,,3690.532864,,0.004084251566795964,15.4,0.0010051087843208513,2.654208,972.193792,,400.0,0.0,1696164689.0,,3590.303744,0.7680000000000007,126490.0,76,26696.613888,,,9.75,4342.296576,0.0,,
0.4490000000000691,58996.0,29197.287424,0.05458244423080628,15.25,0.0,2.615000084915664e-06,0.006550149000076999,96.0,0.0,,0.0,77390.0,,129,,0.0007200309999007004,775.0,22.875,,0.2082830910001121,3705.929728,,0.044909908826707666,14.9,0.020158424984338074,2.654208,987.574272,,403.0,0.0,1696164690.0,,3590.30784,0.7759999999999962,128316.0,77,26867.99872,,0.02106097899991255,9.75,4132.458496,0.0,,
,,,,,,,,,,2.0,,,,130,0.0001,,,,,,,1028.0,,,,,,5.54924201965332,,,1696164690.0,4.956201741000086,,,,77,,0.0,,,,,4.035348245522448,4.719584875999999
,,,,,,2.8980000479350565e-06,0.005776777000164657,,,2.0,,,,131,0.0001,0.0005118599999605067,,,,0.16132837600002858,,1048.0,,,,,,5.459735870361328,,,1696164691.0,0.19187953400046354,,,,78,,1.0,0.019097165000175664,,,,104.23206468675124,0.00516245800008619
0.45100000000002183,59721.0,29216.505856,0.0020088216434423997,15.5,0.0,,,98.0,0.0,,0.0,78209.0,,132,,,790.0,23.125,,,3703.894016,,0.012244246194270843,15.2,0.003140776693087622,2.654208,985.530368,,406.0,0.0,1696164691.0,,3590.30784,0.7920000000000016,130041.0,78,26753.67936,,,9.75,4265.992192,0.0,,
0.45200000000022555,60337.0,29216.505856,0.015010914458921356,15.5,0.0,,,98.0,0.0,,0.0,78910.0,,133,,,790.0,23.125,,,3703.894016,,0.004081565693578511,15.7,0.18993629735311282,2.654208,985.530368,,407.0,0.0,1696164692.0,,3590.30784,0.7959999999999923,131297.0,79,26604.376064,,,9.75,4415.295488,0.0,,
,,,,,,2.603999973871396e-06,0.005783809000149631,,,2.0,,,,134,0.0001,0.0005375890000323125,,,,0.16092137299983733,,1068.0,,,,,,5.710746765136719,,,1696164693.0,1.5412569049999547,,,,80,,2.0,0.01912807700000485,,,,12.976421993710767,1.3548834529999567
0.45400000000017826,61173.0,29197.287424,0.0015784142350253527,15.5,0.0,2.2449999050877523e-06,0.005814572999952361,99.0,0.0,,0.0,79891.0,,135,,0.0005296900001212634,806.0,23.125,,0.1638502650000646,3703.967744,,0.008163111996991964,15.0,0.0043525968259263545,2.654208,985.595904,,409.0,0.0,1696164693.0,,3590.316032,0.8079999999999927,133387.0,80,26811.109376,,0.01918260000002192,9.75,4208.582656,0.0,,
,,,,,,,,,,2.0,,,,136,0.0001,,,,,,,1088.0,,,,,,5.845103740692139,,,1696164693.0,0.19413720700003978,,,,80,,3.0,,,,,103.0199223995012,0.004757833999974537
0.4580000000000837,61760.0,29197.287424,0.0013872105989944062,15.5,0.0,,,99.0,0.0,,0.0,80992.0,,137,,,809.0,23.125,,,3703.967744,,0.08980195520736373,15.5,0.0016582747410386314,2.654208,985.595904,,413.0,0.0,1696164694.0,,3590.316032,0.8239999999999981,134864.0,81,26663.46496,,,9.75,4356.21888,0.0,,
,,,,,,2.320000021427404e-06,0.005800127999918914,,,2.0,,,,138,0.0001,0.0005436010001176328,,,,0.16316698100013127,,1108.0,,,,,,5.913841724395752,,,1696164695.0,1.5733809760001805,,,,82,,4.0,0.018616946999827633,,,,12.711479485943464,1.3852509990001636
0.46200000000044383,62624.0,29197.287424,0.0010524939495594329,15.5,0.0,,0.005944777999957296,100.0,0.0,,0.0,82214.0,,139,,,823.0,23.125,,,3703.906304,,0.06123601155386993,14.9,0.00435349769644335,2.654208,985.530368,,418.0,0.0,1696164695.0,,3590.316032,0.8400000000000034,136794.0,82,26869.010432,,,9.75,4150.66112,0.0,,
,,,,,,3.1719998787593795e-06,,,,2.0,,,,140,0.0001,0.0007293510000181413,,,,0.16237903699993694,,1128.0,,,,,,5.9219512939453125,,,1696164696.0,0.19366716299964537,,,,83,,5.0,0.019293112000013934,,,,103.26995908974317,0.005317712999840296
0.46600000000034925,63265.0,29197.287424,0.002360938522438675,17.0,0.0,,,102.0,0.0,,0.0,83377.0,,141,,,830.0,30.25,,,3703.906304,,0.05717299778981883,15.3,0.0016271333076141121,2.654208,985.530368,,423.0,0.0,1696164696.0,,3590.320128,0.8520000000000039,138599.0,83,26730.369024,,,10.375,4289.318912,0.0,,
0.47000000000025466,64127.0,29197.287424,0.022429710511503463,17.0,0.0,,0.005786216999922544,102.0,0.0,,0.0,84539.0,,142,,,833.0,30.25,,,3703.975936,,0.02042691529750948,15.7,0.008497915934641468,2.654208,985.595904,,428.0,0.0,1696164697.0,,3590.320128,0.8639999999999901,140245.0,84,26598.842368,,,10.375,4439.965696,0.0,,
,,,,,,2.6810000690602465e-06,,,,2.0,,,,143,0.0001,0.0006750469999587949,,,,0.16154911900002844,,1148.0,,,,,,5.407512664794922,,,1696164698.0,1.653099204,,,,85,,6.0,0.018675818000019717,,,,12.098487466212584,1.4664103220000015
,,,,,,2.4700000267330324e-06,0.005846717999929751,,,2.0,,,,144,0.0001,0.000724510000054579,,,,0.16177715199978593,,1168.0,,,,,,6.228832244873047,,,1696164698.0,0.19282979299987346,,,,85,,7.0,0.01885183700005655,,,,103.71841243439557,0.005627106000019921
0.4730000000004111,64868.0,29216.50176,0.0015804812890477993,17.0,0.0,,,104.0,0.0,,0.0,85426.0,,145,,,851.0,30.25,,,3703.980032,,0.012260703349993816,15.1,0.0027778156027471533,2.654208,985.595904,,431.0,0.0,1696164698.0,,3590.324224,0.8759999999999906,142377.0,85,26795.667456,,,10.375,4224.012288,0.0,,
0.4760000000001128,65402.0,29216.50176,0.0018349976540153762,17.0,0.0,,,104.0,0.0,,0.0,86071.0,,146,,,851.0,30.25,,,3703.980032,,0.012254593023049631,15.6,0.001563737130564292,2.654208,985.595904,,434.0,0.0,1696164699.0,,3590.324224,0.8840000000000003,143546.0,86,26646.519808,,,10.375,4373.159936,0.0,,
,,,,,,2.373000143052195e-06,0.0060709470001256705,,,2.0,,,,147,0.0001,0.0005252769999515294,,,,0.1618614690000868,,1188.0,,,,,,5.89618444442749,,,1696164700.0,1.5551549940003042,,,,87,,8.0,0.01914692700006526,,,,12.860454473771949,1.367548000999932
0.48700000000008004,66168.0,29197.287424,0.001053038450839536,17.0,0.0,,0.006186394999986078,106.0,0.0,,0.0,86950.0,,148,,,861.0,30.25,,,3703.984128,,0.05718317885430721,14.9,0.004355749951736248,2.654208,985.595904,,447.0,0.0,1696164700.0,,3590.32832,0.8999999999999915,145381.0,87,26856.81664,,,10.375,4162.875392,0.0,,
,,,,,,2.356999857511255e-06,,,,2.0,,,,149,0.0001,0.0005321890000686835,,,,0.16153800600000068,,1208.0,,,,,,5.796270370483398,,,1696164700.0,0.19246242600002006,,,,87,,9.0,0.019319993999943108,,,,103.91638729524232,0.004883485000164001
0.49000000000023647,66917.0,29197.287424,0.0010533244394060944,17.375,0.0,,,106.0,0.0,,0.0,88082.0,,150,,,869.0,30.875000000000004,,,3703.984128,,0.0490274647704683,15.4,0.0022024056440000553,2.654208,985.595904,,451.0,0.0,1696164701.0,,3590.32832,0.9080000000000013,147213.0,88,26709.987328,,,10.5,4309.692416,0.0,,
0.5770000000002256,67702.0,29197.287424,0.017815748956391635,17.375,0.0,2.72200009021617e-06,0.005863116000000446,107.0,0.0,,0.0,89281.0,,151,,0.0005785189998732676,879.0,30.875000000000004,,0.1613337229998706,3703.984128,,0.3960614844830137,15.3,0.19759212711444676,2.654208,985.595904,,515.0,0.0,1696164702.0,,3590.32832,0.9200000000000017,149032.0,89,26737.983488,,0.01893307399996047,10.5,4286.255104,0.0,,
,,,,,,,,,,2.0,,,,152,0.0001,,,,,,,1228.0,,,,,,5.763591766357422,,,1696164702.0,1.5462657919997582,,,,89,,10.0,,,,,12.934386897439122,1.3595546379999632
,,,,,,0.04827749300011419,0.005663529999992534,,,2.0,,,,153,0.0001,0.0005443919999379432,,,,0.16248524899992844,,1248.0,,,,,,5.8950886726379395,,,1696164703.0,0.24118505900014497,,,,90,,11.0,0.018925172000081147,,,,82.92387630855681,0.005289223000090715
0.580000000000382,68708.0,29197.287424,0.034469606427994584,17.375,0.0,,,108.0,0.0,,0.0,90523.0,,154,,,893.0,30.875000000000004,,,3705.962496,,0.012244522542322136,15.2,0.008585514829554122,2.654208,987.574272,,518.0,0.0,1696164703.0,,3590.332416,0.9320000000000022,151294.0,90,26752.06144,,,10.5,4267.626496,0.0,,
0.580000000000382,69285.0,29197.287424,0.0005261548287064179,17.375,0.0,,,108.0,0.0,,0.0,91586.0,,155,,,893.0,30.875000000000004,,,3705.962496,,0.004081685938905861,15.7,0.0011958064277749368,2.654208,987.574272,,519.0,0.0,1696164704.0,,3590.332416,0.9359999999999928,152703.0,91,26602.135552,,,10.5,4417.552384,0.0,,
,,,,,,3.049000042665284e-06,0.005704600000171922,,,2.0,,,,156,0.0001,0.0005741570000736829,,,,0.16150529499986988,,1268.0,,,,,,6.799005508422852,,,1696164705.0,1.5533061120002003,,,,92,,12.0,0.019548788000065542,,,,12.875762121508616,1.3659702229999766
0.5820000000003347,70354.0,29197.287424,0.054896752217460154,17.375,0.0,3.422999952817918e-06,0.005919840999922599,109.0,0.0,,0.0,92910.0,,157,,0.0006225360000371438,912.0,30.875000000000004,,0.16199149900012344,3704.1152,,0.008163560017069178,15.0,0.021142344884996746,2.654208,985.595904,,521.0,0.0,1696164705.0,,3590.336512,0.9479999999999933,155029.0,92,26810.44992,,0.019019987999854493,10.5,4209.23392,0.0,,
,,,,,,,,,,2.0,,,,158,0.0001,,,,,,,1288.0,,,,,,6.8942718505859375,,,1696164705.0,0.19285526999988178,,,,92,,13.0,,,,,103.70471079173652,0.005297982999991291
0.5830000000000837,71010.0,29197.287424,0.0005261793311607718,17.75,0.0,,,109.0,0.0,,0.0,94023.0,,159,,,915.0,31.374999999999996,,,3704.1152,,0.008163752038915766,15.5,0.0011320828023671148,2.654208,985.595904,,523.0,0.0,1696164706.0,,3590.336512,0.9599999999999937,156642.0,93,26662.07232,,,10.625,4357.607424,0.0,,
0.5870000000004438,72231.0,29197.287424,0.09492934496938703,17.75,0.0,2.2080000690039014e-06,0.005729096999857575,114.0,0.0,,0.0,95691.0,,160,,0.0005185410000194679,924.0,31.374999999999996,,0.1613889279999512,3704.1152,,0.05718577567396289,15.4,0.06782832934901832,2.654208,985.595904,,529.0,0.0,1696164707.0,,3590.340608,0.980000000000004,158975.0,94,26700.292096,,0.019166054999914195,10.625,4319.383552,0.0,,
,,,,,,,,,,2.0,,,,161,0.0001,,,,,,,1308.0,,,,,,6.873706340789795,,,1696164707.0,1.55650977099981,,,,94,,14.0,,,,,12.849260809428252,1.3697049419999985
,,,,,,2.904999973907252e-06,0.005733245999863357,,,2.0,,,,162,0.0001,0.0005468920001021615,,,,0.16089898999985053,,1328.0,,,,,,6.970227241516113,,,1696164708.0,0.19857777399988663,,,,95,,15.0,0.026252302000102645,,,,100.7162060342736,0.005143438999994032
0.5900000000001455,72980.0,29197.287424,0.0019147136903744273,17.75,0.0,,,114.0,0.0,,0.0,96899.0,,163,,,937.0,31.374999999999996,,,3704.1152,,0.016338890166810754,15.3,0.0032390573282565236,2.654208,985.595904,,533.0,0.0,1696164708.0,,3590.340608,1.0,160964.0,95,26722.971648,,,10.625,4296.720384,0.0,,
0.5910000000003492,73664.0,29197.283328,0.0005265197261398898,17.75,0.0,,0.005966983000007531,114.0,0.0,,0.0,98006.0,,164,,,943.0,31.374999999999996,,,3704.05376,,0.004084516660200188,15.7,0.0027761949170971973,2.654208,985.530368,,534.0,0.0,1696164709.0,,3590.340608,1.0039999999999907,162499.0,96,26603.835392,,,10.625,4434.980864,0.0,,
,,,,,,2.576999804659863e-06,,,,2.0,,,,165,0.0001,0.000582856999926662,,,,0.16020845299999564,,1348.0,,,,,,6.803544044494629,,,1696164710.0,1.5744518539995624,,,,97,,16.0,0.02914720499984469,,,,12.702833655531748,1.3785437789999833
,,,,,,3.5810001008940162e-06,0.005842291000135447,,,2.0,,,,166,0.0001,0.000582079999958296,,,,0.16098465699997178,,1368.0,,,,,,6.978271007537842,,,1696164710.0,0.19121935100019982,,,,97,,17.0,0.018485398999928293,,,,104.59192490397638,0.0053213430001051165
0.593000000000302,74466.0,29197.283328,0.0015796200183156126,17.75,0.0,,,117.0,0.0,,0.0,99308.0,,167,,,963.0,31.374999999999996,,,3704.123392,,0.012254021948888097,15.1,0.0027763018478233026,2.654208,985.595904,,537.0,0.0,1696164710.0,,3590.344704,1.019999999999996,164762.0,97,26784.681984,,,10.625,4235.014144,0.0,,
0.5940000000000509,75082.0,29197.283328,0.000526489806156499,17.875,0.0,,,117.0,0.0,,0.0,100343.0,,168,,,963.0,30.875000000000004,,,3704.123392,,0.004084284581803724,15.6,0.0012603846949817803,2.654208,985.595904,,538.0,0.0,1696164711.0,,3590.344704,1.024000000000001,166199.0,98,26637.852672,,,10.75,4381.83936,0.0,,
,,,,,,3.5230000321462285e-06,0.005974426000193489,,,2.0,,,,169,0.0001,0.0008415839999997843,,,,0.16127961999995932,,1388.0,,,,,,6.863325119018555,,,1696164712.0,1.5781053130003784,,,,99,,18.0,0.01933640400011427,,,,12.673425426833479,1.3906697560000794
0.5980000000004111,75913.0,29197.287424,0.01639313349554949,17.875,0.0,,0.005977034000125059,118.0,0.0,,0.0,101571.0,,170,,,994.0,30.875000000000004,,,3704.123392,,0.09797608188987436,15.4,0.2055360871564205,2.654208,985.595904,,543.0,0.0,1696164712.0,,3590.3488,1.0360000000000014,168214.0,99,26704.490496,,,10.75,4334.317568,0.0,,
,,,,,,2.8920001113874605e-06,,,,2.0,,,,171,0.0001,0.0007442769999670418,,,,0.16496035899990602,,1408.0,,,,,,6.931778907775879,,,1696164712.0,0.20651911800018752,,,,99,,19.0,0.019695966000199405,,,,96.84333437828182,0.015138589999878604
0.6000000000003638,76602.0,29197.287424,0.0005267199653223884,17.875,0.0,,,118.0,0.0,,0.0,102764.0,,172,,,1016.0,30.875000000000004,,,3704.123392,,0.008172140061653685,15.4,0.0011970908291736846,2.654208,985.595904,,545.0,0.0,1696164713.0,,3590.3488,1.043999999999997,170061.0,100,26701.615104,,,10.75,4318.076928,0.0,,
0.6010000000001128,77318.0,29197.283328,0.0010527401028541357,17.875,0.0,2.8399999791872688e-06,0.005854601999999431,118.0,0.0,,0.0,103879.0,,173,,0.0006554269998559903,1024.0,30.875000000000004,,0.1630786310001895,3704.123392,,0.004083355559531397,15.3,0.002775405732719016,2.654208,985.595904,,546.0,0.0,1696164714.0,,3590.352896,1.0480000000000018,171775.0,101,26726.83008,,0.018953641000052812,10.75,4292.927488,0.0,,
,,,,,,,,,,2.0,,,,174,0.0001,,,,,,,1428.0,,,,,,6.941803932189941,,,1696164714.0,1.552985024000236,,,,101,,20.0,,,,,12.878424254525818,1.3644398830001592
,,,,,,2.81500001619861e-06,0.005785411000033491,,,2.0,,,,175,0.0001,0.0007508889998462109,,,,0.16351514699999825,,1448.0,,,,,,7.041833877563477,,,1696164715.0,0.2848379289998775,,,,102,,21.0,0.018907130000116013,,,,70.21536798215031,0.09587653699986731
0.6030000000000655,78111.0,29197.283328,0.0010527618758953204,17.875,0.0,,,119.0,0.0,,0.0,105159.0,,176,,,1039.0,30.875000000000004,,,3704.127488,,0.012250319999043238,15.2,0.002775463124797401,2.654208,985.595904,,549.0,0.0,1696164715.0,,3590.352896,1.0600000000000023,173947.0,102,26766.389248,,,10.75,4253.302784,0.0,,
0.6040000000002692,78449.0,29220.347904,0.0005265328703837184,18.0,0.0,,,119.0,0.0,,0.0,105878.0,,177,,,1045.0,30.375000000000004,,,3704.127488,,0.004084618627667384,15.4,0.0011966656134043724,2.654208,985.595904,,550.0,0.0,1696164716.0,,3590.352896,1.063999999999993,174734.0,103,26708.328448,,,10.875,4307.501056,0.0,,
,,,,,,2.3299999156733975e-06,0.005881170000066049,,,2.0,,,,178,0.0001,0.0007752640001399413,,,,0.16252057199994852,,1468.0,,,,,,6.8145036697387695,,,1696164717.0,1.4607718739998745,,,,104,,22.0,0.020166432999985773,,,,13.691391760738213,1.2714261049998186
0.6070000000004256,79026.0,29201.133568,0.0015790658723809322,18.0,0.0,0.0451153770000019,0.005834138999944116,123.0,0.0,,0.0,106408.0,,179,,0.0007182020001437195,1060.0,30.375000000000004,,0.1627415860000383,3704.07424,,0.036749169359469154,14.9,0.004354393765285017,2.654208,985.53856,,554.0,0.0,1696164717.0,,3590.356992,1.0759999999999934,175892.0,104,26853.511168,,0.018336701999942306,10.875,4181.516288,0.0,,
,,,,,,,,,,2.0,,,,180,0.0001,,,,,,,1488.0,,,,,,6.996573448181152,,,1696164717.0,0.23809002699999837,,,,104,,23.0,,,,,84.0018385146394,0.005344020999928034
,,,,,,2.4109999685606454e-06,0.005846666000024925,,,2.0,,,,181,0.0001,0.0006821640001817286,,,,0.16373357699990265,,1508.0,,,,,,7.593924522399902,,,1696164718.0,0.19412510800020755,,,,105,,24.0,0.018273202000045785,,,,103.02634319708204,0.005587088000083895
,,,,,,2.962999815281364e-06,0.0014715950001118472,,,2.0,,,,182,0.0001,0.0007541609998042986,,,,0.040033801999925345,,1512.0,,,,,,7.329255104064941,,,1696164718.0,0.06672515599962026,,,,105,,25.0,0.018962417000011556,,,,59.94740574338657,0.0055002179999519285
0.66800000000012,79783.0,29181.915136,0.0015771485099448593,18.0,0.0,,,127.0,0.0,,0.0,107185.0,,183,,,1100.0,30.375000000000004,,,3690.868736,,0.26101011335887614,13.7,0.004285383330904841,2.654208,972.197888,,598.0,0.0,1696164718.0,,3590.361088,1.0999999999999943,177454.0,105,27219.079168,,,10.875,3858.231296,0.0,,
0.6690000000003238,80282.0,29181.915136,0.0005261519535680108,18.0,0.0,,,127.0,0.0,,0.0,107419.0,,184,,,1100.0,30.375000000000004,,,3690.872832,,0.004081663636614504,14.3,0.0011957998933694721,2.654208,972.197888,,599.0,0.0,1696164719.0,,3590.361088,1.108000000000004,178396.0,106,27030.44608,,,10.875,4046.860288,0.0,,
0.6700000000000728,80877.0,29181.915136,0.053615384912055176,18.125,0.0,,,127.0,0.0,,0.0,107794.0,,185,,,1100.0,30.0,,,3690.872832,,0.004084373914298667,14.9,0.01852327388218953,2.654208,972.197888,,600.0,0.0,1696164720.0,,3590.361088,1.1119999999999948,179460.0,107,26846.019584,,,10.875,4231.294976,0.0,,
0.6710000000002765,81468.0,29181.915136,0.0010529988918457649,18.125,0.0,,,127.0,0.0,,0.0,108573.0,,186,,,1100.0,30.0,,,3690.872832,,0.00408435934713752,15.0,0.003158996683501097,2.654208,972.197888,,601.0,0.0,1696164721.0,,3590.361088,1.1159999999999997,180765.0,108,26823.811072,,,10.875,4215.095296,0.0,,
0.6730000000002292,83099.0,29181.915136,0.016920525913870815,18.125,0.0,,,127.0,0.0,,0.0,110007.0,,187,,,1100.0,30.0,,,3690.872832,,0.05718355952515829,15.5,0.1966402844192883,2.654208,972.197888,,604.0,0.0,1696164722.0,,3590.361088,1.1280000000000001,182689.0,109,26652.213248,,,10.875,4386.689024,0.0,,
0.6740000000004329,84851.0,29197.287424,0.0010527100811796354,18.125,0.0,4.575000048134825e-06,0.006018718999939665,129.0,0.0,,0.0,112006.0,,188,,0.0008452539998415887,1111.0,30.0,,0.23034430400002748,3706.269696,,0.004083239097756999,14.6,0.0027753265751067056,2.654208,987.574272,,605.0,0.0,1696164723.0,,3590.365184,1.1319999999999908,185724.0,110,26948.001792,,0.033642900000131704,10.875,4052.455424,0.0,,
,,,,,,,,,,3.0,,,,189,0.0001,,,,,,,1532.0,,,,,,7.490497589111328,,,1696164723.0,4.94363642899998,,,,110,,0.0,,,,,4.045604948348858,4.672780676999992
,,,,,,2.344999984416063e-06,0.005679172999862203,,,3.0,,,,190,0.0001,0.0005067050001343887,,,,0.1621173149999322,,1552.0,,,,,,7.343918323516846,,,1696164724.0,0.2004925019998609,,,,111,,1.0,0.026807619999999588,,,,99.75435390603224,0.005379343999948105
0.6860000000001492,86636.0,29216.505856,0.13741905768024162,18.125,0.0,,,130.0,0.0,,0.0,113483.0,,191,,,1129.0,30.0,,,3706.269696,,0.2776774180051198,15.0,0.0551271344567521,2.654208,987.574272,,624.0,0.0,1696164724.0,,3590.36928,1.1640000000000015,188346.0,111,26838.36416,,,10.875,4181.286912,0.0,,
0.6880000000001019,87241.0,29216.505856,0.0005265704289825586,18.25,0.0,,,130.0,0.0,,0.0,114239.0,,192,,,1129.0,29.5,,,3706.269696,,0.053103829880202846,15.4,0.0011967509738562035,2.654208,987.574272,,627.0,0.0,1696164725.0,,3590.36928,1.171999999999997,189607.0,112,26693.083136,,,11.0,4326.567936,0.0,,
,,,,,,2.615000084915664e-06,0.005614633000050162,,,3.0,,,,193,0.0001,0.0007103450000158773,,,,0.16368917399995553,,1572.0,,,,,,7.416866302490234,,,1696164726.0,1.7417385579999518,,,,113,,2.0,0.027107397999998284,,,,11.482779610142014,1.544614392999847
0.6900000000000546,88057.0,29197.287424,0.0015790215875246124,18.25,0.0,2.421999852231238e-06,0.005819083000005776,135.0,0.0,,0.0,115079.0,,194,,0.0006857360001504276,1144.0,29.5,,0.1621828249999453,3704.29952,,0.008166253050525948,14.7,0.004354271646438914,2.654208,985.595904,,629.0,0.0,1696164726.0,,3590.377472,1.1839999999999975,191600.0,113,26920.976384,,0.02640420800003085,11.0,4098.695168,0.0,,
,,,,,,,,,,3.0,,,,195,0.0001,,,,,,,1592.0,,,,,,7.572020530700684,,,1696164726.0,0.20031534800000372,,,,113,,3.0,,,,,99.84257421952324,0.005221074000019144
0.6920000000000073,88697.0,29216.505856,0.0017386806999253488,18.25,0.0,,,135.0,0.0,,0.0,115791.0,,196,,,1149.0,29.5,,,3704.29952,,0.008167013943167689,15.2,0.00208960708283182,2.654208,985.595904,,631.0,0.0,1696164727.0,,3590.377472,1.195999999999998,192942.0,114,26772.598784,,,11.0,4247.072768,0.0,,
0.6950000000001637,89402.0,29216.505856,0.001579499469745476,18.25,0.0,3.4189999951195205e-06,0.005991985000036948,137.0,0.0,,0.0,116510.0,,197,,0.0006475489999502315,1158.0,29.5,,0.16340057499996874,3704.307712,,0.10210905653580181,15.2,0.0027760899745648444,2.654208,985.604096,,635.0,0.0,1696164728.0,,3590.377472,1.2039999999999935,194558.0,115,26748.387328,,0.02789247200007594,11.0,4271.28832,0.0,,
,,,,,,,,,,3.0,,,,198,0.0001,,,,,,,1612.0,,,,,,7.582643508911133,,,1696164728.0,1.6269345680000242,,,,115,,4.0,,,,,12.29305738127245,1.4289985679999972
,,,,,,2.421999852231238e-06,0.006415285999992193,,,3.0,,,,199,0.0001,0.0005829190001804818,,,,0.16309321400012777,,1632.0,,,,,,7.575332164764404,,,1696164729.0,0.20271938799987765,,,,116,,5.0,0.02656986799979677,,,,98.65854567404313,0.006055678999928205
0.6970000000001164,90080.0,29197.287424,0.0010531110601943912,18.25,0.0,,,137.0,0.0,,0.0,117655.0,,200,,,1168.0,29.5,,,3704.233984,,0.012254383234519559,15.3,0.0027763837015991814,2.654208,985.530368,,638.0,0.0,1696164729.0,,3590.377472,1.215999999999994,196537.0,116,26740.903936,,,11.0,4278.788096,0.0,,
0.6990000000000691,90728.0,29197.287424,0.0,18.375,0.0,,,137.0,0.0,,0.0,118809.0,,201,,,1168.0,29.25,,,3704.233984,,0.008175863877295754,15.4,0.0011337623737051063,2.654208,985.530368,,640.0,0.0,1696164730.0,,3590.377472,1.2240000000000038,198065.0,117,26684.116992,,,11.0,4335.57504,0.0,,
,,,,,,2.4250000478787115e-06,0.005897779999941122,,,3.0,,,,202,0.0001,0.0005381209998631675,,,,0.1641587870001331,,1652.0,,,,,,7.331016540527344,,,1696164731.0,1.610276802000044,,,,118,,6.0,0.02662322000014683,,,,12.42022488006969,1.4130564689999119
0.7010000000000218,91555.0,29197.283328,0.001579070372438136,18.375,0.0,2.4320002012245823e-06,0.005889843999966615,140.0,0.0,,0.0,119878.0,,203,,0.0005907049999223091,1188.0,29.25,,0.16319348100000752,3704.307712,,0.008166505372870057,15.1,0.00435440618453444,2.654208,985.595904,,642.0,0.0,1696164731.0,,3590.381568,1.2319999999999993,200470.0,118,26805.420032,,0.02660051099996963,11.0,4214.276096,0.0,,
,,,,,,,,,,3.0,,,,204,0.0001,,,,,,,1672.0,,,,,,7.727607250213623,,,1696164731.0,0.20215392000000065,,,,118,,7.0,,,,,98.93451484888314,0.005876946999933352
0.7270000000003165,92169.0,29197.283328,0.013758628696802293,18.375,0.0,,,140.0,0.0,,0.0,120995.0,,205,,,1190.0,29.25,,,3704.307712,,0.10209301293370227,15.5,0.18911933044347845,2.654208,985.595904,,664.0,0.0,1696164732.0,,3590.381568,1.2519999999999953,201954.0,119,26656.845824,,,11.0,4362.850304,0.0,,
,,,,,,2.9560001166828442e-06,0.005678866999915044,,,3.0,,,,206,0.0001,0.0005245299998932751,,,,0.16448386599995501,,1692.0,,,,,,7.421545028686523,,,1696164733.0,1.6503279799997017,,,,120,,8.0,0.02740563299994392,,,,12.118803196927932,1.4522321279998778
0.7310000000002219,92946.0,29197.549568,0.0005264879323018973,18.375,0.0,,,141.0,0.0,,0.0,122108.0,,207,,,1208.0,29.25,,,3687.079936,,0.049011240197867234,14.8,0.004355491072306829,2.654208,968.364032,,668.0,0.0,1696164733.0,,3590.647808,1.2680000000000007,203878.0,120,26872.082432,,,11.0,4147.515392,0.0,,
,,,,,,2.0670001958933426e-06,0.00634240299996236,,,3.0,,,,208,0.0001,0.0005403339998792944,,,,0.16389716699995915,,1712.0,,,,,,7.381084442138672,,,1696164734.0,0.1956372189999911,,,,121,,9.0,0.019260536000047068,,,,102.23003629999928,0.005594711999947322
0.7320000000004256,93638.0,29197.549568,0.0019138572997944177,18.375,0.0,,,142.0,0.0,,0.0,123259.0,,209,,,1214.0,29.25,,,3704.246272,,0.008165791150262001,15.3,0.0020573965985793818,2.654208,985.530368,,670.0,0.0,1696164734.0,,3590.647808,1.2759999999999962,205832.0,121,26729.099264,,,11.0,4290.592768,0.0,,
0.7340000000003783,94482.0,29197.549568,0.054409992798728955,18.25,0.0,,0.005864169999995283,142.0,0.0,,0.0,124572.0,,210,,,1218.0,27.875,,,3704.315904,,0.008167081886744039,15.4,0.020401753382202358,2.654208,985.595904,,672.0,0.0,1696164735.0,,3590.647808,1.2839999999999918,207596.0,122,26688.811008,,,11.125,4349.997056,0.0,,
,,,,,,2.4770001800789032e-06,,,,3.0,,,,211,0.0001,0.0007223830000384623,,,,0.16349450899997464,,1732.0,,,,,,7.408093452453613,,,1696164736.0,1.618732125000406,,,,123,,10.0,0.019158516000061354,,,,12.355348788790476,1.4294900700001563
,,,,,,0.04762371800006804,0.005775053999968804,,,3.0,,,,212,0.0001,0.0007642379998742399,,,,0.1642598440000711,,1752.0,,,,,,7.5202741622924805,,,1696164736.0,0.24336125099989658,,,,123,,11.0,0.019188828999858742,,,,82.18235202944653,0.00574956800005566
0.73700000000008,95269.0,29197.549568,0.0015790456024948683,18.25,0.0,,,144.0,0.0,,0.0,125661.0,,213,,,1238.0,27.875,,,3706.298368,,0.012249565902780086,15.1,0.002775292274876946,2.654208,987.574272,,675.0,0.0,1696164736.0,,3590.656,1.2959999999999923,209906.0,123,26794.217472,,,11.125,4225.466368,0.0,,
0.7380000000002838,96154.0,29197.549568,0.0736065506654118,18.25,0.0,,,144.0,0.0,,0.0,126932.0,,214,,,1238.0,27.875,,,3706.298368,,0.004084377796595004,15.6,0.059909525901879764,2.654208,987.574272,,676.0,0.0,1696164737.0,,3590.656,1.304000000000002,211570.0,124,26643.787776,,,11.125,4375.90016,0.0,,
,,,,,,2.3430000055668643e-06,0.005762496999977884,,,3.0,,,,215,0.0001,0.000773112999922887,,,,0.1638085139998111,,1772.0,,,,,,9.576011657714844,,,1696164738.0,1.609500882999555,,,,125,,12.0,0.01845454299996163,,,,12.42621250553581,1.4206998729998759
0.7410000000004402,96986.0,29197.549568,0.15721033378201113,18.25,0.0,,,146.0,0.0,,0.0,128060.0,,216,,,1250.0,27.875,,,3706.298368,,0.04902549440574047,14.4,0.05642240737842025,2.654208,987.574272,,680.0,0.0,1696164738.0,,3590.656,1.3199999999999932,213632.0,125,27002.089472,,,11.125,3998.367744,0.0,,
0.7410000000004402,97295.0,29197.549568,0.011903184897413932,18.25,0.0,,,146.0,0.0,,0.0,128672.0,,217,,,1250.0,27.875,,,3706.318848,,0.0040847390511330895,14.7,0.002249797681180057,2.654208,987.574272,,681.0,0.0,1696164739.0,,3590.660096,1.328000000000003,214347.0,126,26926.669824,,,11.125,4073.787392,0.0,,
0.7420000000001892,97659.0,29197.549568,0.0005265138391108663,18.125,0.0,,,146.0,0.0,,0.0,129352.0,,218,,,1250.0,26.625,,,3706.318848,,0.004084471019269047,14.7,0.0011966223687705992,2.654208,987.574272,,682.0,0.0,1696164740.0,,3590.660096,1.3359999999999985,215101.0,127,26905.206784,,,11.125,4095.234048,0.0,,
0.7430000000003929,98070.0,28677.562368,0.05393997892357084,18.125,0.0,,,147.0,0.0,,0.0,129736.0,,219,,,1256.0,26.625,,,3670.56896,,0.004084186514760089,13.7,0.022367302706609256,2.654208,968.339456,,683.0,0.0,1696164741.0,,3574.145024,1.3400000000000034,215577.0,128,27225.772032,,,11.125,3797.48352,0.0,,
0.7440000000001419,98345.0,28652.384256,0.01679928400824761,18.125,0.0,,,148.0,0.0,,0.0,130087.0,,220,,,1260.0,26.625,,,3670.540288,,0.004084156414105227,13.7,0.18870078937788562,2.654208,968.339456,,684.0,0.0,1696164742.0,,3548.9792,1.343999999999994,215862.0,129,27227.93472,,,11.125,3795.329024,0.0,,
0.75,98751.0,28635.598848,0.04534127178022164,18.125,0.0,,,148.0,0.0,,0.0,130598.0,,221,,,1269.0,26.625,,,3670.581248,,0.0939536893364879,13.7,0.05039958012362266,2.654208,968.339456,,691.0,0.0,1696164743.0,,3532.201984,1.36399999999999,216323.0,130,27228.045312,,,11.125,3795.21024,0.0,,
0.7520000000004075,99435.0,28627.206144,0.4383859596714958,18.125,0.0,,,148.0,0.0,,0.0,131472.0,,222,,,1286.0,26.625,,,3670.577152,,0.008169227543916526,13.7,0.2580486661119065,2.654208,968.339456,,693.0,0.0,1696164744.0,,3523.813376,1.3719999999999999,217166.0,131,27228.454912,,,11.125,3794.804736,0.0,,
