cpu/load/avg_sys_load_five_min_percent,disk/counter/disk_write_sys_count,_runtime,cpu/interrupts/interrupts_count,01_general/step_based_sps,disk/time/disk_read_time_sys_s,process/memory/text_resident_set_proc_MB,cpu/load/avg_sys_load_fifteen_min_percent,cpu/interrupts/soft_interrupts_count,cpu/load/avg_sys_load_one_min_percent,bandwidth/disk_read_sys_bandwidth_MBs,process/memory/dirty_pages_proc_count,process/memory/data_resident_set_proc_MB,01_general/locally_processed_samples,disk/time/disk_write_time_sys_s,process/voluntary_proc_ctx_switches,process/memory/virtual_memory_size_proc_MB,02_timing/dataload_time_s,02_timing/loss_calc_time_s,01_general/dataset_iteration_count,memory/total_memory_sys_MB,01_general/step,memory/used_memory_sys_MB,02_timing/step_time_s,bandwidth/disk_write_sys_bandwidth_MBs,02_timing/forward_time_s,process/memory/lib_memory_proc_MB,_timestamp,cpu/logical_core_count,process/involuntary_proc_ctx_switches,memory/used_memory_sys_percent,disk/time/disk_busy_time_sys_s,process/memory/shared_memory_proc_MB,02_timing/backward_time_s,cpu/interrupts/ctx_switches_count,disk/counter/disk_read_sys_count,_step,bandwidth/net_sent_sys_bandwidth_Mbits,02_timing/opt_step_time_s,bandwidth/net_recv_sys_bandwidth_Mbits,01_general/minibatch_loss,memory/available_memory_sys_MB,process/memory/resident_set_size_proc_MB,02_timing/dataload_cuda_move_time_s,01_general/lr
,,1,,,,,,,,,,,,,,,,,,31557.169152,,,,,,,1696164807.0,8.0,,,,,,,,0,,,,,,,,
17.5,0.0,1,8.0,,0.0,2.654208,11.375,17.0,18.375,0.0,0.0,0.0,,0.0,106.0,9347.121152,,,,,,1093.341184,,0.0,,1110.409216,1696164807.0,,24.0,4.9,0.0,243.073024,,7.0,0.0,1,0.0,,0.0,,30002.54464,553.172992,,
17.5,3.0,2,1401.0,,0.0,2.654208,11.375,1088.0,18.375,0.0,0.0,0.0,,0.003000000000156433,362.0,9921.626112,,,,,,1115.32032,,0.012250212265321251,,1133.735936,1696164808.0,,26.0,5.0,0.012000000000000455,245.047296,,1296.0,0.0,2,0.4739380624171445,,33.19665561834174,,29980.532736,571.912192,,
17.5,4.0,3,5225.0,,0.0,2.654208,11.375,4816.0,18.375,0.0,0.0,0.0,,0.00400000000036016,1903.0,9983.52896,,,,,,1179.50464,,0.004063621273858314,,1195.638784,1696164809.0,,31.0,5.2,0.016000000000005343,245.129216,,4868.0,0.0,3,1.245087208727915,,680.1915961107461,,29916.38528,634.08128,,
17.5,5.0,4,16870.0,,0.0,2.654208,11.375,12555.0,18.375,0.0,0.0,0.0,,0.005000000000109139,5637.0,9983.52896,,,,,,1180.123136,,0.004084686606993325,,1195.651072,1696164810.0,,32.0,5.2,0.020000000000010232,245.129216,,12701.0,0.0,4,2.442219762838147,,1525.5191165324889,,29915.697152,634.08128,,
17.5,6.0,5,18273.0,,0.0,2.654208,11.375,13364.0,17.875,0.0,0.0,0.0,,0.006000000000312866,6000.0,10624.827392,,,,,,1790.824448,,0.004083931174158495,,1836.949504,1696164811.0,,33.0,7.1,0.028000000000005798,248.602624,,13706.0,0.0,5,0.26404369851420756,,117.74859754611877,,29305.012224,1245.88032,,
17.5,10.0,6,19251.0,,0.0,2.654208,11.375,13774.0,17.875,0.0,0.0,0.0,,0.011000000000422006,6016.0,11142.017024,,,,,,1780.727808,,0.2001385565101102,,1746.092032,1696164812.0,,35.0,7.1,0.04400000000001114,384.32768,,14052.0,0.0,6,0.007873754594803288,,0.05047339951553584,,29302.530048,1289.551872,,
17.5,11.0,7,19714.0,,0.0,2.654208,11.375,13948.0,17.875,0.0,0.0,0.0,,0.012000000000170985,6016.0,12052.103168,,,,,,2424.40192,,0.004084199135173037,,2387.74272,1696164813.0,,36.0,9.2,0.04800000000000182,491.282432,,14302.0,0.0,7,0.04178327163388228,,0.0026323939770656517,,28658.847744,2037.047296,,
17.5,13.0,8,20711.0,,0.0,2.654208,11.375,14410.0,17.875,0.0,0.0,0.0,,0.013000000000374712,6027.0,12690.2272,,,,,,2624.077824,,0.008157739589199776,,2489.20064,1696164814.0,,37.0,9.8,0.060000000000002274,527.269888,,14598.0,0.0,8,0.0005257918093893848,,0.005329616977094033,,28459.180032,2158.559232,,
17.5,14.0,9,21936.0,,0.0,2.654208,11.375,14944.0,17.875,0.0,0.0,0.0,,0.014000000000123691,6027.0,12690.2272,,,,,,2837.815296,,0.004081167189154743,,2489.20064,1696164815.0,,37.0,10.5,0.06400000000000716,527.335424,,15324.0,0.0,9,0.0,,0.0,,28245.438464,2158.686208,,
17.625,15.0,10,23547.0,,0.0,2.654208,11.5,15617.0,18.375,0.0,0.0,0.0,,0.015000000000327418,6032.0,12836.192256,,,,,,2990.948352,,0.004081730549657759,,2501.054464,1696164816.0,,37.0,11.0,0.06800000000001205,541.097984,,16459.0,0.0,10,0.051962343201073645,,0.008992562615005579,,28076.937216,2174.390272,0.0025779800000691466,
17.625,18.0,11,24969.0,,0.0,2.654208,11.5,16317.0,18.375,0.0,0.0,0.0,,0.018000000000029104,6032.0,13498.179584,,,,,,3535.253504,,0.09790993756213456,,2928.160768,1696164817.0,,40.0,12.8,0.07600000000000762,689.655808,,17234.0,0.0,11,0.006908196278254948,,0.021871970913773565,,27515.133952,2759.745536,,
17.625,23.0,12,25621.0,,0.0019999999999988916,2.654208,11.5,16613.0,18.375,0.13060771295724002,0.0,0.0,,0.023000000000138243,6036.0,22103.220224,,,,,,4028.86656,,0.024488946181110964,,3482.202112,1696164818.0,,42.0,14.4,0.08800000000000807,892.002304,,17511.0,1.0,12,0.04339772884152787,,0.00985297443990768,,27013.820416,3510.444032,,
,,12,,1.5630588448247364,,,,,,,,,8.0,,,,2.584223537000071,0.0003151630000957084,0.0,,0.0,,5.1181694320005136,,2.0909668440001496,,1696164818.0,,,,,,0.4400844300000699,,,13,,1.4780000583414221e-06,,2.373905897140503,,,,0.0001
,,13,,43.18481255786052,,,,,,,,,16.0,,,,0.0025619129999086,0.0005876420000276994,0.0,,1.0,,0.18525031199988007,,0.15268050899999253,,1696164819.0,,,,,,0.027004863000001933,,,14,,2.3269999473995995e-06,,2.2865214347839355,,,0.002413058000001911,0.0001
17.625,27.0,13,26810.0,,0.0019999999999988916,2.654208,11.5,17056.0,18.375,0.0,0.0,0.0,,0.027000000000043656,6062.0,25411.44064,,,,,,4177.453056,,0.02040908915056155,,3600.175104,1696164819.0,,42.0,14.8,0.10800000000000409,975.826944,,17984.0,1.0,15,0.0,,0.0,,26880.49152,3704.500224,0.0024646620001931296,
,,13,,46.955578432195786,,,,,,,,,24.0,,,,0.002994569000065894,0.0006605149999359128,0.0,,2.0,,0.17037379299995337,,0.1346943819999069,,1696164819.0,,,,,,0.029557503999967594,,,16,,2.1609998839267064e-06,,2.1876306533813477,,,,0.0001
,,13,,44.8559426450784,,,,,,,,,32.0,,,,0.0021048379999228928,0.0006888009997965128,0.0,,3.0,,0.1783487210000203,,0.14439945800017995,,1696164819.0,,,,,,0.02875079199998254,,,17,,3.0310000056488207e-06,,2.348379373550415,,,0.002401801000132764,0.0001
17.625,30.0,14,28634.0,,0.0019999999999988916,2.654208,11.5,17755.0,18.375,0.0,0.0,0.0,,0.03000000000020009,6083.0,25403.748352,,0.0007770370000343974,,,,4174.815232,,0.012257119790731918,0.1371335100000124,3600.175104,1696164820.0,,44.0,14.8,0.12400000000000944,972.345344,0.036424387000124625,18699.0,1.0,18,0.05735949027117272,2.097999868055922e-06,0.01110801481142811,,26883.489792,3701.149696,0.0025149630000669276,
,,14,,44.558388412596166,,,,,,,,,40.0,,,,0.0026877120001245203,,0.0,,4.0,,0.17953970700023092,,,,1696164820.0,,,,,,,,,19,,,,2.147081136703491,,,,0.0001
,,14,,15.9426910952977,,,,,,,,,48.0,,,,0.3343697669999983,0.0008021959999950923,0.0,,5.0,,0.5017973409997012,,0.13681189399994764,,1696164820.0,,,,,,0.0273930680000376,,,20,,2.3979998786671786e-06,,2.293704032897949,,,0.002418017999843869,0.0001
17.875,33.0,15,30575.0,,0.0019999999999988916,2.654208,11.625,18437.0,20.0,0.0,0.0,0.0,,0.03300000000035652,6098.0,25403.748352,,,,,,4172.374016,,0.012247074260411448,,3600.175104,1696164821.0,,45.0,14.8,0.1360000000000099,972.345344,,19952.0,1.0,21,0.0,,0.0,,26885.50912,3701.161984,0.002466266000055839,
,,15,,46.33483733503574,,,,,,,,,56.0,,,,0.0026160820000313834,0.0007206089999272081,0.0,,6.0,,0.17265626600033102,,0.13868107100006455,,1696164821.0,,,,,,0.02816908400018292,,,22,,3.1540000691165915e-06,,2.159856081008911,,,,0.0001
,,16,,19.812033039364376,,,,,,,,,64.0,,,,0.22822568399988086,0.0007374849999450817,0.0,,7.0,,0.40379500599988205,,0.13812549199997193,,1696164822.0,,,,,,0.03427095699998972,,,23,,2.641000037328922e-06,,2.0739986896514893,,,0.002432747000057134,0.0001
17.875,37.0,16,32627.0,,0.0019999999999988916,2.654208,11.625,19241.0,20.0,0.0,0.0,0.0,,0.03600000000005821,6119.0,25403.748352,,,,,,4170.821632,,0.016328710648856406,,3600.175104,1696164822.0,,45.0,14.8,0.15200000000000102,972.345344,,21241.0,1.0,24,0.075297042657881,,0.00979084798709549,,26887.053312,3701.16608,0.0025354919998790137,
,,16,,44.650647086204806,,,,,,,,,72.0,,,,0.0027120429999740736,0.0007938149999517918,0.0,,8.0,,0.17916873599961036,,0.13653844299983575,,1696164822.0,,,,,,0.03658557199992174,,,25,,3.3710000479914015e-06,,2.3247134685516357,,,,0.0001
,,17,,21.27403991769901,,,,,,,,,80.0,,,,0.20519017000015083,0.0007602600001064275,0.0,,9.0,,0.37604517200065857,,0.13660087100015517,,1696164823.0,,,,,,0.03104589899999155,,,26,,2.4020000637392513e-06,,2.5875959396362305,,,0.0024455700001908554,0.0001
17.875,45.0,17,34962.0,,0.0019999999999988916,2.654208,11.625,20112.0,20.0,0.0,0.0,0.0,,0.04300000000012005,6150.0,25403.748352,,,,,,4169.220096,,0.13062776077006474,,3600.175104,1696164823.0,,49.0,14.8,0.17200000000001125,972.345344,,22694.0,1.0,27,0.022204486922876975,,0.08563676626200872,,26895.654912,3701.16608,0.0025292239999998856,
,,17,,45.565735687668635,,,,,,,,,88.0,,,,0.0027584449999267235,0.0011501960000259714,0.0,,10.0,,0.17557052200004364,,0.14195690699989427,,1696164823.0,,,,,,0.027173327000127756,,,28,,2.423000069029513e-06,,2.5961086750030518,,,,0.0001
,,18,,19.30809359709065,,,,,,,,,96.0,,,,0.24683745299989823,0.0007637100000010832,0.0,,11.0,,0.41433401799986314,,0.13703398999996352,,1696164824.0,,,,,,0.027231334000134666,,,29,,3.0879998575983336e-06,,2.2933032512664795,,,0.002464443000008032,0.0001
17.875,47.0,18,37066.0,,0.0019999999999988916,2.654208,11.625,20881.0,20.0,0.0,0.0,0.0,,0.04500000000007276,6168.0,25403.744256,,,,,,4205.867008,,0.008147949092756745,,3600.175104,1696164824.0,,50.0,14.9,0.18000000000000682,972.36992,,23883.0,1.0,30,0.07293369276400541,,0.010972677537432418,,26852.016128,3701.190656,,
,,18,,46.60513324890094,,,,,,,,,104.0,,,,0.003920336000192037,0.000746097000046575,0.0,,12.0,,0.1716549110003598,,0.13673117500002263,,1696164824.0,,,,,,0.027434329000016078,,,31,,2.2599999738304177e-06,,2.4225618839263916,,,0.0028207140001086373,0.0001
17.875,50.0,19,39329.0,,0.0019999999999988916,2.654208,11.625,21640.0,20.0,0.0,0.0,0.0,,0.047000000000025466,6197.0,25403.748352,,0.000776201000007859,,,,4222.160896,,0.012250253029209424,0.1341243280000981,3600.175104,1696164825.0,,52.0,15.0,0.19200000000000728,972.36992,0.03375277300006019,25327.0,1.0,32,0.0,2.5800000003073364e-06,0.0,,26835.92704,3701.190656,0.0024525290000383393,
,,19,,20.694830485657388,,,,,,,,,112.0,,,,0.21546155900000485,,0.0,,13.0,,0.38656997000020965,,,,1696164825.0,,,,,,,,,33,,,,2.3280186653137207,,,,0.0001
,,19,,44.85312619566123,,,,,,,,,120.0,,,,0.0032131000000390486,0.0010192869999627874,0.0,,14.0,,0.1783599199998207,,0.13690145999999004,,1696164825.0,,,,,,0.034755910000058066,,,34,,2.8999997994105797e-06,,2.25808048248291,,,0.0024672629999713536,0.0001
18.0,53.0,20,41563.0,,0.0019999999999988916,2.654208,11.625,22497.0,20.375,0.0,0.0,0.0,,0.0500000000001819,6215.0,25403.748352,,0.0010156040000310895,,,,4220.055552,,0.012253931630808793,0.13607074700007615,3600.175104,1696164826.0,,54.0,15.0,0.20400000000000773,972.36992,0.03475560399988353,26655.0,1.0,35,0.06892836542388049,2.322000000276603e-06,0.010698256717935216,,26838.032384,3701.190656,0.002461431000028824,
,,20,,20.01985814773713,,,,,,,,,128.0,,,,0.2252975230001084,,0.0,,15.0,,0.3996032310001283,,,,1696164826.0,,,,,,,,,36,,,,2.177732467651367,,,,0.0001
,,20,,45.11172327096931,,,,,,,,,136.0,,,,0.0034561709999252344,0.0009993319999921368,0.0,,16.0,,0.17733749499984697,,0.1368710839999494,,1696164826.0,,,,,,0.03345196700001907,,,37,,2.2419999368139543e-06,,2.1125545501708984,,,0.0025566990000243095,0.0001
18.0,56.0,21,43788.0,,0.0019999999999988916,2.654208,11.625,23293.0,20.375,0.0,0.0,0.0,,0.052000000000134605,6233.0,25403.748352,,0.0010020520001035038,,,,4218.208256,,0.012258364614102294,0.13469014800011792,3600.175104,1696164827.0,,55.0,14.9,0.22800000000000864,972.36992,0.029640489999792408,27926.0,1.0,38,0.0,2.5659999209892703e-06,0.0,,26839.871488,3701.190656,0.0023761019999710697,
,,21,,21.0950000538651,,,,,,,,,144.0,,,,0.21152542699996957,,0.0,,17.0,,0.37923678499987545,,,,1696164827.0,,,,,,,,,39,,,,2.663125514984131,,,,0.0001
,,21,,47.13844146617284,,,,,,,,,152.0,,,,0.0032593290000022535,0.0011501100000259612,0.0,,18.0,,0.16971286600005442,,0.13587434500004747,,1696164827.0,,,,,,0.027026084999988598,,,40,,2.3669999791309237e-06,,2.4500067234039307,,,0.002400630000011006,0.0001
18.0,59.0,22,46012.0,,0.0019999999999988916,2.654208,11.625,24281.0,20.375,0.0,0.0,0.0,,0.05500000000029104,6256.0,25411.44064,,0.0007921169999463018,,,,4217.483264,,0.012247307081244108,0.1372352299999875,3600.175104,1696164828.0,,56.0,14.9,0.2400000000000091,972.36992,0.027310526000064783,29102.0,1.0,41,0.131387451879165,2.79200003205915e-06,0.08392913693917413,,26840.82176,3701.321728,0.0025115670000559476,
,,22,,21.130188266804026,,,,,,,,,160.0,,,,0.2107530079999833,,0.0,,19.0,,0.3786052400000699,,,,1696164828.0,,,,,,,,,42,,,,2.525024175643921,,,,0.0001
,,22,,44.27320576896596,,,,,,,,,168.0,,,,0.0021123819999502302,0.000989215000117838,0.0,,20.0,,0.18069619900006728,,0.13778092300003664,,1696164828.0,,,,,,0.03737451200004216,,,43,,3.5820000903186155e-06,,2.2004191875457764,,,0.0024355849998300982,0.0001
18.0,65.0,23,48434.0,,0.0019999999999988916,2.654208,11.625,25105.0,20.375,0.0,0.0,0.0,,0.06000000000040018,6272.0,25403.748352,,0.0009147770001618483,,,,4214.321152,,0.06125323061921924,0.13674719200002983,3600.175104,1696164829.0,,57.0,14.9,0.2600000000000051,972.345344,0.03013746400006312,30345.0,1.0,44,0.0,3.3930000427062623e-06,0.0,,26843.762688,3701.608448,0.002560463999998319,
,,23,,20.958818034150152,,,,,,,,,176.0,,,,0.21133762399995248,,0.0,,21.0,,0.3817009140002483,,,,1696164829.0,,,,,,,,,45,,,,2.481440782546997,,,,0.0001
,,23,,44.80286261627493,,,,,,,,,184.0,,,,0.0027561269998841453,0.0008454989999790996,0.0,,22.0,,0.17856001899963303,,0.13713253599985364,,1696164829.0,,,,,,0.035423954999942,,,46,,3.966000122090918e-06,,2.513813018798828,,,0.002397935999852052,0.0001
18.0,68.0,24,50636.0,,0.0019999999999988916,2.654208,11.625,25942.0,20.375,0.0,0.0,0.0,,0.06300000000010186,6295.0,25411.44064,,0.0008285769999929471,,,,4210.151424,,0.012247871708525693,0.13603534899993974,3600.175104,1696164830.0,,58.0,14.9,0.27200000000000557,972.36992,0.035326744000030885,31389.0,1.0,47,0.07260213014781618,2.8029999157297425e-06,0.00956067589607908,,26848.145408,3701.633024,0.0023992000001271663,
,,24,,21.44779880570616,,,,,,,,,192.0,,,,0.19840597699999307,,0.0,,23.0,,0.37299864999999954,,,,1696164830.0,,,,,,,,,48,,,,2.116006374359131,,,,0.0001
,,24,,46.72623334679545,,,,,,,,,200.0,,,,0.0019998880000002828,0.0007535950001056335,0.0,,24.0,,0.17121003400006884,,0.13923060199999782,,1696164830.0,,,,,,0.02672993700002735,,,49,,2.2029998945072293e-06,,2.41412091255188,,,0.0024938090000432567,0.0001
18.375,116.0,25,52560.0,,0.0019999999999988916,2.654208,11.75,26621.0,21.75,0.0,0.0,0.0,,0.12100000000009459,6316.0,25411.44064,,0.0007526099998358404,,,,4206.870528,,0.26969454131082443,0.13734406500020668,3600.175104,1696164831.0,,61.0,14.9,0.2920000000000016,972.36992,0.030159901999923022,32359.0,1.0,50,0.0,2.42700002672791e-06,0.0,,26851.213312,3701.63712,0.002464967999912915,
,,25,,21.14768267698536,,,,,,,,,208.0,,,,0.20756806700001107,,0.0,,25.0,,0.37829203899991626,,,,1696164831.0,,,,,,,,,51,,,,2.3841114044189453,,,,0.0001
,,25,,45.0353548365151,,,,,,,,,216.0,,,,0.0022588379999888275,0.0007877639998241648,0.0,,26.0,,0.17763821399967128,,0.13825232599992887,,1696164831.0,,,,,,0.03386390099990422,,,52,,2.933999894594308e-06,,2.2476613521575928,,,0.0024724510001306044,0.0001
18.375,119.0,26,54688.0,,0.0019999999999988916,2.654208,11.75,27356.0,21.75,0.0,0.0,0.0,,0.12400000000025102,6333.0,25404.010496,,0.0007408179999401909,,,,4203.360256,,0.012253296528366623,0.13486913599990658,3600.437248,1696164832.0,,61.0,14.9,0.30800000000000693,972.345344,0.03541312600009405,33580.0,1.0,53,0.07355168879718976,3.099999958067201e-06,0.01038658338644316,,26854.944768,3701.612544,0.002400920000127371,
,,26,,21.154105876431068,,,,,,,,,224.0,,,,0.20475007499999265,,0.0,,27.0,,0.3781771750000189,,,,1696164832.0,,,,,,,,,54,,,,2.305346965789795,,,,0.0001
,,26,,45.01498233666665,,,,,,,,,232.0,,,,0.0031594710001172643,0.0010191859998940345,0.0,,28.0,,0.1777186079996227,,0.13746094699990863,,1696164832.0,,,,,,0.033733809999830555,,,55,,2.472000005582231e-06,,2.4328978061676025,,,0.002342721999866626,0.0001
18.375,159.0,27,56815.0,,0.0019999999999988916,2.654208,11.75,28133.0,21.75,0.0,0.0,0.0,,0.18299999999999272,6349.0,25404.010496,,,,,,4199.759872,,0.2001604467703133,,3600.437248,1696164833.0,,62.0,14.9,0.3240000000000123,972.345344,,34841.0,1.0,56,0.0,,0.0,,26860.331008,3701.624832,0.0024468070000693842,
,,27,,17.707082683008355,,,,,,,,,240.0,,,,0.27800956400005816,0.0007248110000546149,0.0,,29.0,,0.45179661399993165,,0.13596761400003743,,1696164833.0,,,,,,0.034645480999870415,,,57,,2.336999841645593e-06,,2.2166683673858643,,,,0.0001
,,27,,45.82460990278312,,,,,,,,,248.0,,,,0.00332465599990428,0.000990480000155003,0.0,,30.0,,0.174578682000174,,0.13680450400011068,,1696164833.0,,,,,,0.030780434999996942,,,58,,2.4569999368395656e-06,,2.333373546600342,,,0.0026761500000702654,0.0001
18.375,164.0,28,58958.0,,0.0019999999999988916,2.654208,11.75,28898.0,21.75,0.0,0.0,0.0,,0.18700000000035288,6374.0,25411.702784,,,,,,4249.23136,,0.0613226415905538,,3600.441344,1696164834.0,,64.0,15.0,0.3440000000000083,972.36992,,35877.0,1.0,59,0.0710639987187967,,0.009342121179903124,,26816.323584,3701.649408,0.0024740679998558335,
,,28,,19.19930157551478,,,,,,,,,256.0,,,,0.22195931199985353,0.0008307549999244657,0.0,,31.0,,0.41668182399939724,,0.13514004399985424,,1696164834.0,,,,,,0.03099468599998545,,,60,,0.02528295899992372,,2.1702969074249268,,,,0.0001
,,28,,43.586078615225226,,,,,,,,,264.0,,,,0.002261294999925667,0.0007436600001256011,0.0,,32.0,,0.18354484399992543,,0.15147856700014017,,1696164834.0,,,,,,0.02667821999989428,,,61,,2.6709999474405777e-06,,2.2959144115448,,,0.002380430999892269,0.0001
18.375,174.0,29,61009.0,,0.0019999999999988916,2.654208,11.75,29605.0,21.75,0.0,0.0,0.0,,0.19600000000036744,6400.0,25411.702784,,,,,,4249.206784,,0.08985878968528127,,3600.44544,1696164835.0,,71.0,15.0,0.3640000000000043,972.500992,,36865.0,1.0,62,0.0,,0.0,,26816.339968,3701.989376,0.0024250220001249545,
,,29,,23.211877243656488,,,,,,,,,272.0,,,,0.17470086100001936,0.0007446240001627302,0.0,,33.0,,0.3446511420004299,,0.13689994100013791,,1696164835.0,,,,,,0.029878438999958234,,,63,,2.255000026707421e-06,,2.365457534790039,,,,0.0001
,,29,,44.34535843642298,,,,,,,,,280.0,,,,0.002742056999977649,0.001034977000017534,0.0,,34.0,,0.18040219500016974,,0.13807570500011934,,1696164835.0,,,,,,0.03610421200005476,,,64,,2.6369998522568494e-06,,2.309108018875122,,,0.0024426070001482003,0.0001
18.625,177.0,30,63112.0,,0.0019999999999988916,2.654208,12.0,30323.0,23.0,0.0,0.0,0.0,,0.19800000000032014,6427.0,25404.010496,,,,,,4246.790144,,0.012245596054667643,,3600.449536,1696164836.0,,72.0,15.0,0.38000000000000966,972.476416,,38000.0,1.0,65,0.0725886406762161,,0.009989408760074462,,26818.859008,3702.140928,0.002539981999916563,
,,30,,20.893151732564213,,,,,,,,,288.0,,,,0.20915191900007812,0.0007630539998899621,0.0,,35.0,,0.38290058400002636,,0.1352843560000565,,1696164836.0,,,,,,0.0351579870000478,,,66,,3.2860000374057563e-06,,2.094412088394165,,,,0.0001
,,30,,46.770855646279074,,,,,,,,,296.0,,,,0.0027775500000188913,0.0007691570001497894,0.0,,36.0,,0.17104668900014985,,0.1376490659999945,,1696164836.0,,,,,,0.02740705800010801,,,67,,2.328999926248798e-06,,2.2218120098114014,,,0.002441528999952425,0.0001
18.625,183.0,31,65441.0,,0.0019999999999988916,2.654208,12.0,31169.0,23.0,0.0,0.0,0.0,,0.20400000000017826,6453.0,26007.990272,,,,,,4243.529728,,0.0940135535375803,,3600.453632,1696164837.0,,75.0,15.0,0.4040000000000106,972.500992,,39303.0,1.0,68,0.0483559862240584,,0.06454649968936212,,26814.562304,3702.165504,,
,,31,,19.62429917027767,,,,,,,,,304.0,,,,0.23036087099990255,0.0009748949998993339,0.0,,37.0,,0.4076578700000937,,0.1381702480000513,,1696164837.0,,,,,,0.035720429000093645,,,69,,2.5230001483578235e-06,,2.3156697750091553,,,0.0024289039999985107,0.0001
,,32,,46.503300301406284,,,,,,,,,312.0,,,,0.0033080319999498897,0.0010255130000587087,0.0,,38.0,,0.17203080100011903,,0.1357693830000244,,1696164838.0,,,,,,0.029452684000034424,,,70,,2.899000037359656e-06,,2.2494120597839355,,,0.0024722900000142545,0.0001
18.625,199.0,32,67849.0,,0.0019999999999988916,2.654208,12.0,32044.0,23.0,0.0,0.0,0.0,,0.22200000000020736,6476.0,26007.990272,,,,,,4241.580032,,0.11437383560908353,,3600.457728,1696164838.0,,77.0,15.0,0.4200000000000017,972.500992,,40656.0,1.0,71,0.09743635981431248,,0.06526871855034898,,26816.724992,3702.165504,,
,,32,,21.310895801490943,,,,,,,,,320.0,,,,0.2034986090000075,0.0010618159999467025,0.0,,39.0,,0.375394825000285,,0.13460842900008174,,1696164838.0,,,,,,0.03380178100019293,,,72,,2.4529999791411683e-06,,2.284726619720459,,,0.0024217370000769733,0.0001
,,33,,46.15799247302051,,,,,,,,,328.0,,,,0.0032762139999249484,0.0010263310000482306,0.0,,40.0,,0.1733177630001137,,0.13769517800005815,,1696164839.0,,,,,,0.028839671000014278,,,73,,3.068000069106347e-06,,2.2841174602508545,,,0.002477300999998988,0.0001
18.625,202.0,33,70095.0,,0.0019999999999988916,2.654208,12.0,32749.0,23.0,0.0,0.0,0.0,,0.22400000000016007,6497.0,26007.990272,,,,,,4236.980224,,0.01225414723100877,,3600.461824,1696164839.0,,78.0,15.0,0.43600000000000705,972.500992,,41922.0,1.0,74,0.0,,0.0,,26821.107712,3702.165504,,
,,33,,21.064592997231046,,,,,,,,,336.0,,,,0.2119402359999185,0.0007424269999773969,0.0,,41.0,,0.3797842189997027,,0.13505862100009836,,1696164839.0,,,,,,0.029562717999851884,,,75,,2.587999915704131e-06,,2.022651433944702,,,0.002477628999940862,0.0001
,,34,,46.539599829928214,,,,,,,,,344.0,,,,0.0029171539999879315,0.0008490870000059658,0.0,,42.0,,0.1718966220000766,,0.13723468900002445,,1696164840.0,,,,,,0.028289459999996325,,,76,,2.748000042629428e-06,,2.175118923187256,,,0.002603484000019307,0.0001
18.625,208.0,34,72379.0,,0.0019999999999988916,2.654208,12.0,33624.0,23.0,0.0,0.0,0.0,,0.2290000000002692,6521.0,26007.990272,,,,,,4228.927488,,0.06124897953428877,,3600.46592,1696164840.0,,81.0,15.0,0.45600000000000307,972.500992,,43263.0,1.0,77,0.07163259559654907,,0.010997700881141555,,26829.16864,3702.1696,,
,,34,,19.38453068315945,,,,,,,,,352.0,,,,0.24531190699985927,0.000760381000191046,0.0,,43.0,,0.41270021600007567,,0.1385509029998957,,1696164840.0,,,,,,0.025611809000110952,,,78,,2.5889999051287305e-06,,2.18270206451416,,,0.002462627000113571,0.0001
,,35,,46.37081080804201,,,,,,,,,360.0,,,,0.0028225949999978184,0.0007376490000297053,0.0,,44.0,,0.17252232300006654,,0.13741140100000848,,1696164841.0,,,,,,0.029080647999990106,,,79,,2.579000010882737e-06,,2.1914079189300537,,,0.0024674510000295413,0.0001
19.0,211.0,35,74426.0,,0.0019999999999988916,2.654208,12.125,34417.0,24.125,0.0,0.0,0.0,,0.23100000000022192,6544.0,26007.990272,,,,,,4227.633152,,0.01224587537328932,,3600.470016,1696164841.0,,82.0,15.0,0.4680000000000035,972.500992,,44571.0,1.0,80,0.0,,0.0,,26830.462976,3702.1696,,
,,35,,21.47985423537096,,,,,,,,,368.0,,,,0.20066818700001932,0.0007404119999137038,0.0,,45.0,,0.37244200599957367,,0.13784414999986438,,1696164841.0,,,,,,0.030662205999988146,,,81,,2.398999868091778e-06,,2.058265447616577,,,0.0025246519999200245,0.0001
,,36,,46.989629365297844,,,,,,,,,376.0,,,,0.0025715110000419372,0.0007577240000955499,0.0,,46.0,,0.17025033200002326,,0.13611426700003904,,1696164842.0,,,,,,0.028300715999876047,,,82,,2.328999926248798e-06,,2.2114920616149902,,,0.002503785000044445,0.0001
19.0,388.0,36,77069.0,,0.0019999999999988916,2.654208,12.125,35937.0,24.125,0.0,0.0,0.0,,5.706000000000131,6567.0,26007.990272,,,,,,4252.147712,,44.68925532787203,,3600.474112,1696164842.0,,85.0,15.1,0.6280000000000001,972.500992,,46073.0,1.0,83,0.0726194016357515,,0.010762862317646926,,26806.145024,3702.1696,,
,,36,,20.81239135231819,,,,,,,,,384.0,,,,0.21408739899993634,0.0008236440000928269,0.0,,47.0,,0.3843863910001346,,0.13759948099982466,,1696164842.0,,,,,,0.029179793000139398,,,84,,3.285000047981157e-06,,2.3119418621063232,,,0.0026927890000933985,0.0001
,,37,,44.84832026181636,,,,,,,,,392.0,,,,0.0028027870000641997,0.0008327810000992031,0.0,,48.0,,0.1783790330005104,,0.13680278700007875,,1696164843.0,,,,,,0.035415273000126035,,,85,,3.5200000638724305e-06,,2.372075080871582,,,0.0025218850000783277,0.0001
19.0,1012.0,37,80974.0,,0.0019999999999988916,2.654208,12.125,38499.0,24.125,0.004083347796566448,0.0,0.0,,49.52200000000039,6593.0,26007.990272,,,,,,4271.013888,,161.53315547972764,,3600.482304,1696164843.0,,88.0,15.1,1.632000000000005,972.500992,,48499.0,2.0,86,0.0,,0.0,,26787.08224,3702.1696,,
,,37,,21.614935596295243,,,,,,,,,400.0,,,,0.19539957300003152,0.0007292169998436293,0.0,,49.0,,0.37011444999961896,,0.1362090579998494,,1696164843.0,,,,,,0.034985539999979665,,,87,,2.3939999209687812e-06,,2.323532819747925,,,0.002788667999993777,0.0001
19.0,1350.0,38,84384.0,,0.0030000000000001137,2.654208,12.125,41218.0,24.125,0.004085181967598493,0.0,0.0,,71.4060000000004,6612.0,26007.990272,,0.0007125820000055683,,,,4218.90048,,87.59855693355682,0.13777805099994112,3600.4864,1696164844.0,,88.0,15.0,2.180000000000007,972.500992,0.028737926999838237,50401.0,3.0,88,0.09989546530409293,2.9359998734435067e-06,0.1248773105024519,,26839.322624,3702.1696,0.002465176999976393,
,,38,,46.40179432037311,,,,,,,,,408.0,,,,0.0027104529999633087,,0.0,,50.0,,0.17240712599959807,,,,1696164844.0,,,,,,,,,89,,,,2.262277841567993,,,,0.0001
,,38,,22.830711546687606,,,,,,,,,416.0,,,,0.18007950900005198,0.0006739160000961419,0.0,,51.0,,0.3504051980000895,,0.13758780400007709,,1696164844.0,,,,,,0.029652091999878394,,,90,,2.0429999949556077e-06,,2.261868953704834,,,0.0024098339999909513,0.0001
19.0,1369.0,39,86864.0,,0.0030000000000001137,2.654208,12.125,42316.0,24.125,0.0,0.0,0.0,,71.41800000000012,6632.0,26007.990272,,0.0007179480001013872,,,,4221.390848,,0.3226353945391526,0.13799816899995676,3600.490496,1696164845.0,,89.0,15.0,2.2120000000000033,972.500992,0.029145645000198783,52011.0,3.0,91,0.01389514579916219,2.431999973850907e-06,0.02198336499459481,,26836.713472,3702.1696,0.0023791859998709697,
,,39,,46.27553898551257,,,,,,,,,424.0,,,,0.0026341309999224904,,0.0,,52.0,,0.17287751100002424,,,,1696164845.0,,,,,,,,,92,,,,2.164390802383423,,,,0.0001
,,39,,25.086563618027306,,,,,,,,,432.0,,,,0.15217336099999557,0.0007472839999991265,0.0,,53.0,,0.3188958089999687,,0.13788249000003816,,1696164845.0,,,,,,0.025796809999974357,,,93,,2.0390000372572104e-06,,2.5836269855499268,,,0.0022938249999242544,0.0001
,,40,,45.91660213467387,,,,,,,,,440.0,,,,0.0026911200000085955,0.00070417400002043,0.0,,54.0,,0.17422892000013235,,0.13838707700006125,,1696164846.0,,,,,,0.03001168300011159,,,94,,3.0559999686374795e-06,,2.3118233680725098,,,0.0024318099999618425,0.0001
19.25,1376.0,40,89061.0,,0.0030000000000001137,2.654208,12.25,43163.0,25.25,0.0,0.0,0.0,,71.42300000000023,6660.0,26008.252416,,,,,,4223.873024,,0.08987646102614996,,3600.756736,1696164846.0,,93.0,15.0,2.236000000000004,972.500992,,53404.0,3.0,95,0.08161810367879546,,0.011186683091907911,,26834.432,3702.173696,,
,,40,,23.194207710492734,,,,,,,,,448.0,,,,0.17509040100003403,0.0007150880001063342,0.0,,55.0,,0.3449137000002338,,0.1356002330001047,,1696164846.0,,,,,,0.03112060900002689,,,96,,2.8059998840035405e-06,,2.081251382827759,,,0.002384563000077833,0.0001
,,41,,46.05094893934686,,,,,,,,,456.0,,,,0.0027311520000239398,0.0007223100001283456,0.0,,56.0,,0.17372063300012996,,0.13003160400012348,,1696164847.0,,,,,,0.037822224999899845,,,97,,2.232000042567961e-06,,2.263080596923828,,,0.002411109999911787,0.0001
19.25,1379.0,41,91324.0,,0.0030000000000001137,2.654208,12.25,44003.0,25.25,0.0,0.0,0.0,,71.42600000000039,6682.0,26008.252416,,,,,,4226.777088,,0.012263629484134779,,3600.760832,1696164847.0,,95.0,15.0,2.2560000000000002,972.500992,,54708.0,3.0,98,0.0,,0.0,,26831.306752,3702.444032,,
,,41,,24.447954566318824,,,,,,,,,464.0,,,,0.15254353799991804,0.0006593759999304893,0.0,,57.0,,0.32722573899991403,,0.13633413100001235,,1696164847.0,,,,,,0.03540024500011896,,,99,,3.007000032084761e-06,,2.3183460235595703,,,0.0022854419999021047,0.0001
,,42,,45.72147731076448,,,,,,,,,472.0,,,,0.0027185760000065784,0.0007040170000891521,0.0,,58.0,,0.1749724740000147,,0.1378323779999846,,1696164848.0,,,,,,0.03129625299993677,,,100,,1.96199994206836e-06,,2.369086742401123,,,0.0024192880000555306,0.0001
19.25,1382.0,42,93514.0,,0.0030000000000001137,2.654208,12.25,44868.0,25.25,0.0,0.0,0.0,,71.42800000000034,6707.0,26008.252416,,,,,,4232.118272,,0.012254243379489918,,3600.764928,1696164848.0,,98.0,15.0,2.2760000000000105,972.500992,,56045.0,3.0,101,0.07591088916459207,,0.01142452898427761,,26826.182656,3702.448128,,
,,42,,25.17741588687492,,,,,,,,,480.0,,,,0.14698432800014416,0.0008779540000887209,0.0,,59.0,,0.3177450790003604,,0.13750088300002972,,1696164848.0,,,,,,0.029956172000083825,,,102,,3.7879999581491575e-06,,2.2874972820281982,,,0.002421954000055848,0.0001
,,43,,45.50792909948762,,,,,,,,,488.0,,,,0.002915673999950741,0.0007518060001530102,0.0,,60.0,,0.17579354100053024,,0.13842622500010293,,1696164849.0,,,,,,0.03131658800020887,,,103,,3.1290001061279327e-06,,2.3728699684143066,,,0.0023801190000085626,0.0001
19.25,1385.0,43,95038.0,,0.0030000000000001137,2.654208,12.25,45517.0,25.25,0.0,0.0,0.0,,71.43000000000029,6741.0,26008.252416,,,,,,4164.1984,,0.012252544978421119,,3600.77312,1696164849.0,,99.0,14.8,2.2920000000000016,972.500992,,56911.0,3.0,104,0.0,,0.0,,26901.573632,3702.460416,0.002421660999971209,
,,43,,43.688231019089734,,,,,,,,,496.0,,,,0.0021624169999086007,0.0007344150001244998,0.0,,61.0,,0.18311567700015985,,0.14757810800006155,,1696164849.0,,,,,,0.03021668800010957,,,105,,2.3879999844211852e-06,,2.3228886127471924,,,,0.0001
,,43,,44.39836584713856,,,,,,,,,504.0,,,,0.0027362479997918854,0.0007370089999767515,0.0,,62.0,,0.1801868119998744,,0.13834639099991364,,1696164849.0,,,,,,0.03597599599993373,,,106,,2.502000143067562e-06,,2.2624599933624268,,,0.002388666000115336,0.0001
19.25,1388.0,44,96346.0,,0.0030000000000001137,2.654208,12.25,46009.0,25.25,0.0,0.0,0.0,,71.43299999999999,6767.0,26008.252416,,,,,,3882.78272,,0.012244036759846548,,3600.77312,1696164850.0,,101.0,13.8,2.312000000000012,975.941632,,57558.0,3.0,107,0.07310550854523601,,0.009900451601054853,,27190.472704,3706.351616,,
19.375,1391.0,45,97473.0,,0.0030000000000001137,2.654208,12.25,46424.0,25.25,0.0,0.0,0.0,,71.4350000000004,6767.0,26008.252416,,,,,,3992.2688,,0.036738298257928986,,3600.77312,1696164851.0,,101.0,14.2,2.3200000000000074,975.941632,,57927.0,3.0,108,0.0,,0.0,,27066.032128,3706.404864,,
19.375,1392.0,46,99093.0,,0.0030000000000001137,2.654208,12.25,47095.0,25.25,0.0,0.0,0.0,,71.43600000000015,6781.0,26008.252416,,0.0009673209999618848,,,,3941.076992,,0.004079836498096585,0.1912996099999873,3600.777216,1696164852.0,,101.0,14.1,2.328000000000003,976.478208,0.04652762399996391,59018.0,3.0,109,0.05965167191500469,2.5800000003073364e-06,0.008916673907814783,,27101.843456,3706.986496,0.002552176000108375,
,,46,,3.6158985561538257,,,,,,,,,512.0,,,,1.9711021380001057,,1.0,,0.0,,2.2124514490001275,,,,1696164852.0,,,,,,,,,110,,,,2.2798967361450195,,,,0.0001
,,46,,45.696271721662335,,,,,,,,,520.0,,,,0.0033498210000288964,0.000751073000174074,1.0,,1.0,,0.17506898700025886,,0.1384507489999578,,1696164852.0,,,,,,0.02999373900001956,,,111,,3.1039999157655984e-06,,2.208503484725952,,,0.002520501000162767,0.0001
19.375,1395.0,47,101054.0,,0.0030000000000001137,2.654208,12.25,47775.0,25.25,0.0,0.0,0.0,,71.4380000000001,6803.0,26015.944704,,0.0007674230000702664,,,,4001.411072,,0.012254732886060243,0.13631249299987758,3600.781312,1696164853.0,,103.0,14.3,2.3400000000000034,973.029376,0.030224286000020584,59949.0,3.0,112,0.01831827259545525,2.1820001165906433e-06,0.05570478190736138,,27048.98048,3703.558144,0.0024444089999633434,
,,47,,30.26808843193894,,,,,,,,,528.0,,,,0.09455397199985782,,1.0,,2.0,,0.2643047649999062,,,,1696164853.0,,,,,,,,,113,,,,2.1063437461853027,,,,0.0001
,,47,,45.78001220863618,,,,,,,,,536.0,,,,0.0021939610001027177,0.0007665420000648737,1.0,,3.0,,0.17474875199991402,,0.13990474299998823,,1696164853.0,,,,,,0.029423130999930436,,,114,,2.1779999315185705e-06,,2.248731851577759,,,0.002458196999896245,0.0001
19.375,1398.0,48,103180.0,,0.0030000000000001137,2.654208,12.25,48592.0,25.25,0.0,0.0,0.0,,71.44100000000026,6825.0,26008.252416,,0.0007300620000023628,,,,4034.78528,,0.012254668781784085,0.13883741399990868,3600.785408,1696164854.0,,106.0,14.4,2.3599999999999994,972.939264,0.039638967999962915,61115.0,3.0,115,0.06250200210760193,2.9400000585155794e-06,0.009406415685022257,,27015.827456,3703.468032,0.002479420000099708,
,,48,,19.748559464782563,,,,,,,,,544.0,,,,0.22340403399994102,,1.0,,4.0,,0.4050928379999732,,,,1696164854.0,,,,,,,,,116,,,,2.0649116039276123,,,,0.0001
,,48,,32.039839233209264,,,,,,,,,552.0,,,,0.08108852200007277,0.0007726730000285897,1.0,,5.0,,0.24968914300006873,,0.13896704400008275,,1696164854.0,,,,,,0.026308845999892583,,,117,,2.728000026763766e-06,,2.1838855743408203,,,0.0025493299999652663,0.0001
19.375,1401.0,49,105419.0,,0.0030000000000001137,2.654208,12.25,49466.0,25.25,0.0,0.0,0.0,,71.44300000000021,6850.0,26008.252416,,0.0007401580000987451,,,,4031.7952,,0.012264140169094776,0.1369844789999206,3600.789504,1696164855.0,,108.0,14.4,2.3760000000000048,973.0048,0.03050300200015954,62455.0,3.0,118,0.0008623223556536596,2.643000016178121e-06,0.0008623223571003523,,27018.477568,3703.54176,0.0024260180000510445,
,,49,,29.46953181386069,,,,,,,,,560.0,,,,0.10081051700012722,,1.0,,6.0,,0.27146681700037334,,,,1696164855.0,,,,,,,,,119,,,,2.063094139099121,,,,0.0001
,,49,,29.870840539170114,,,,,,,,,568.0,,,,0.08880626700010907,0.0007680290000280365,1.0,,7.0,,0.2678197149996322,,0.13978593999991062,,1696164855.0,,,,,,0.03560327999980473,,,120,,2.5609999738662736e-06,,1.9936708211898804,,,0.002853637999805869,0.0001
19.75,1406.0,50,107636.0,,0.0030000000000001137,2.654208,12.5,50324.0,26.25,0.0,0.0,0.0,,71.44700000000012,6875.0,26008.252416,,,,,,4027.342848,,0.04490345280667666,,3600.797696,1696164856.0,,110.0,14.4,2.39200000000001,973.0048,,63842.0,3.0,121,0.07318337949598988,,0.009671144931817505,,27023.27808,3703.549952,0.002472611999792207,
,,50,,24.155303309998498,,,,,,,,,576.0,,,,0.14898199899994324,0.0007389889999558363,1.0,,8.0,,0.3311902109996936,,0.14139531799992255,,1696164856.0,,,,,,0.0375991220000742,,,122,,2.171000005546375e-06,,2.2291784286499023,,,,0.0001
,,50,,35.63476720851166,,,,,,,,,584.0,,,,0.052696260999937294,0.0007618110000748857,1.0,,9.0,,0.22449985299999753,,0.13733172900015234,,1696164856.0,,,,,,0.03121981499998583,,,123,,3.1499998840445187e-06,,2.48742938041687,,,0.0024870869999631395,0.0001
19.75,1409.0,51,109877.0,,0.0030000000000001137,2.654208,12.5,51204.0,26.25,0.0,0.0,0.0,,71.44900000000007,6917.0,26008.252416,,,,,,4026.875904,,0.012252801310678088,,3600.801792,1696164857.0,,113.0,14.4,2.4040000000000106,973.0048,,65206.0,3.0,124,0.0,,0.0,,27023.593472,3703.549952,0.0024507269999958226,
,,51,,25.356813070310395,,,,,,,,,592.0,,,,0.14245888400000695,0.0007508359999519598,1.0,,10.0,,0.3154970609996326,,0.1388462019999679,,1696164857.0,,,,,,0.030987949999826014,,,125,,2.4619998839625623e-06,,2.4910061359405518,,,,0.0001
,,51,,39.06298752449122,,,,,,,,,600.0,,,,0.03750680999996803,0.0007909149999250076,1.0,,11.0,,0.20479744399949595,,0.1374639789999037,,1696164857.0,,,,,,0.026557889999821782,,,126,,2.959999847007566e-06,,2.1939988136291504,,,0.0024748900000304275,0.0001
19.75,1415.0,52,112376.0,,0.0030000000000001137,2.654208,12.5,52302.0,26.25,0.0,0.0,0.0,,71.45400000000018,6938.0,26008.252416,,,,,,4027.211776,,0.0898101706242405,,3600.805888,1696164858.0,,116.0,14.3,2.4200000000000017,972.939264,,66808.0,3.0,127,0.12954064649367852,,0.08302497396042179,,27029.164032,3703.492608,0.0024825210000471998,
,,52,,23.20983028690623,,,,,,,,,608.0,,,,0.17453397600002063,0.0008143169998220401,1.0,,12.0,,0.3446815379995769,,0.1377166469999338,,1696164858.0,,,,,,0.029129464999869015,,,128,,4.611999884218676e-06,,2.342288017272949,,,,0.0001
,,52,,38.96288362591108,,,,,,,,,616.0,,,,0.02892256199993426,0.0008615710000867693,1.0,,13.0,,0.20532361199980187,,0.13824796300013986,,1696164858.0,,,,,,0.034822908999785795,,,129,,4.129999979340937e-06,,2.2437751293182373,,,0.002464476999875842,0.0001
19.75,1418.0,53,114407.0,,0.0030000000000001137,2.654208,12.5,53009.0,26.25,0.0,0.0,0.0,,71.45600000000013,6965.0,26008.252416,,,,,,4044.558336,,0.012246914201223681,,3600.809984,1696164859.0,,118.0,14.4,2.432000000000002,973.0048,,68065.0,3.0,130,0.0,,0.0,,27013.521408,3703.566336,0.0025487020000127814,
,,53,,23.785362341137247,,,,,,,,,624.0,,,,0.15994580799997493,0.0008358760001101473,1.0,,14.0,,0.3363413130000481,,0.13813141800005724,,1696164859.0,,,,,,0.03486737599996559,,,131,,1.2132999927416677e-05,,2.153198003768921,,,,0.0001
,,54,,38.8598258949352,,,,,,,,,632.0,,,,0.028989056000000346,0.0008521249999375868,1.0,,15.0,,0.2058681380001417,,0.13751051000008374,,1696164860.0,,,,,,0.03610765000007632,,,132,,3.2860000374057563e-06,,2.092392921447754,,,0.0024055110000062996,0.0001
19.75,1422.0,54,116650.0,,0.0030000000000001137,2.654208,12.5,53782.0,26.25,0.0,0.0,0.0,,71.46000000000004,6989.0,26008.252416,,,,,,4061.30688,,0.0163388668582266,,3600.809984,1696164860.0,,121.0,14.5,2.4480000000000075,973.0048,,69361.0,3.0,133,0.07267923686068607,,0.010658557676408532,,26996.846592,3703.566336,0.0024477719998685643,
,,54,,24.51643552725983,,,,,,,,,640.0,,,,0.14817016799997873,0.0008359469998140412,1.0,,16.0,,0.32631170999979986,,0.1392990629999531,,1696164860.0,,,,,,0.035555374000068696,,,134,,3.386000116734067e-06,,2.027669668197632,,,,0.0001
,,55,,41.613736811014746,,,,,,,,,648.0,,,,0.01956363399995098,0.0008498790000430745,1.0,,17.0,,0.19224421100011568,,0.1391904390000036,,1696164861.0,,,,,,0.030162575999838737,,,135,,3.81600011678529e-06,,2.570777177810669,,,0.0024738670001624996,0.0001
20.25,1425.0,55,118890.0,,0.0030000000000001137,2.654208,12.625,54696.0,28.125,0.0,0.0,0.0,,71.46199999999999,7012.0,26008.24832,,,,,,4080.529408,,0.01225222749083565,,3600.81408,1696164861.0,,123.0,14.5,2.460000000000008,973.0048,,70731.0,3.0,136,0.0010529258000078583,,0.0020579913366134362,,26977.34144,3703.574528,0.002445164999926419,
,,55,,23.709868901862702,,,,,,,,,656.0,,,,0.1663971970001512,0.0008711520001725148,1.0,,18.0,,0.33741224100026557,,0.1399516730000414,,1696164861.0,,,,,,0.027743532999920717,,,137,,3.52100005329703e-06,,2.349689245223999,,,,0.0001
,,56,,39.10976265859433,,,,,,,,,664.0,,,,0.03277884500016626,0.0008363350000308856,1.0,,19.0,,0.20455250700024408,,0.1391245899999376,,1696164862.0,,,,,,0.02937627600022097,,,138,,4.540999952951097e-06,,2.402271270751953,,,0.002431919999935417,0.0001
20.25,1428.0,56,120967.0,,0.0030000000000001137,2.654208,12.625,55426.0,28.125,0.0,0.0,0.0,,71.46500000000015,7037.0,26008.252416,,,,,,4080.08704,,0.012253442188246236,,3600.822272,1696164862.0,,126.0,14.5,2.480000000000004,973.0048,,72044.0,3.0,139,0.07317762056882608,,0.009868169261933027,,26977.85344,3703.58272,0.0025361059999795543,
,,56,,23.631856139097945,,,,,,,,,672.0,,,,0.15686735600002066,0.0008749050000460556,1.0,,20.0,,0.3385260959998959,,0.14073479299986502,,1696164862.0,,,,,,0.03750865799997882,,,140,,4.278000005797367e-06,,2.134058952331543,,,,0.0001
,,57,,40.308856739084725,,,,,,,,,680.0,,,,0.02350938499989752,0.0008554450000701763,1.0,,21.0,,0.1984675490000427,,0.1393248639999456,,1696164863.0,,,,,,0.0321928430000753,,,141,,3.906000074493932e-06,,2.4061992168426514,,,0.002581105999979627,0.0001
20.25,1433.0,57,123108.0,,0.0030000000000001137,2.654208,12.625,56151.0,28.125,0.0,0.0,0.0,,71.46900000000005,7059.0,26008.252416,,,,,,4078.174208,,0.06535537420427773,,3600.826368,1696164863.0,,129.0,14.5,2.5,973.0048,,73368.0,3.0,142,0.0,,0.0,,26979.688448,3703.652352,0.002450328999884732,
,,57,,24.72258249378787,,,,,,,,,688.0,,,,0.14469254799996634,0.0008347010000306909,1.0,,22.0,,0.3235907899997983,,0.13864408800009187,,1696164863.0,,,,,,0.03696565399991414,,,143,,3.4699999105214374e-06,,2.418609857559204,,,,0.0001
,,58,,36.40813869354943,,,,,,,,,696.0,,,,0.04219467699999768,0.0008206099998915306,1.0,,23.0,,0.21973108999986835,,0.13768422099997224,,1696164864.0,,,,,,0.03653641599998991,,,144,,3.869000011036405e-06,,2.020465612411499,,,0.002491297000005943,0.0001
20.25,1455.0,58,125351.0,,0.0030000000000001137,2.654208,12.625,56938.0,28.125,0.0,0.0,0.0,,71.49400000000014,7085.0,26008.252416,,,,,,4077.780992,,0.11845377120739152,,3600.830464,1696164864.0,,131.0,14.5,2.5200000000000102,973.0048,,74674.0,3.0,145,0.07238221081374199,,0.010761997398470008,,26980.175872,3703.656448,0.002557231999844589,
,,58,,26.446089181112008,,,,,,,,,704.0,,,,0.13373664200003077,0.0008603890000813408,1.0,,24.0,,0.3025021939997714,,0.1386679729998832,,1696164864.0,,,,,,0.026676515999952244,,,146,,3.4419999792589806e-06,,2.3194916248321533,,,,0.0001
,,59,,36.54733756893004,,,,,,,,,712.0,,,,0.043524091000108456,0.000882815000068149,1.0,,25.0,,0.21889419400008592,,0.1416488820000268,,1696164865.0,,,,,,0.030384790999960387,,,147,,4.278000005797367e-06,,2.297208547592163,,,0.0024493369999163406,0.0001
20.25,1458.0,59,127508.0,,0.0030000000000001137,2.654208,12.625,57686.0,28.125,0.0,0.0,0.0,,71.4960000000001,7108.0,26008.252416,,,,,,4077.719552,,0.012250960617062982,,3600.83456,1696164865.0,,132.0,14.5,2.5400000000000063,973.0048,,76017.0,3.0,148,0.0,,0.0,,26980.151296,3703.660544,0.0024490920000062033,
,,59,,24.696803746138674,,,,,,,,,720.0,,,,0.14734050000015486,0.0011313960001189116,1.0,,26.0,,0.32392855700004475,,0.1388086970000586,,1696164865.0,,,,,,0.03419559299982211,,,149,,3.2789998840598855e-06,,2.148388385772705,,,,0.0001
,,60,,35.68375443904677,,,,,,,,,728.0,,,,0.046884130000080404,0.0007568800001536147,1.0,,27.0,,0.2241916560003574,,0.13774858500005394,,1696164866.0,,,,,,0.03626064800005224,,,150,,3.0470000638160855e-06,,2.2223777770996094,,,0.0025383659999533847,0.0001
20.75,1461.0,60,129821.0,,0.0030000000000001137,2.654208,12.875,58466.0,29.875,0.0,0.0,0.0,,71.49800000000005,7135.0,26008.252416,,,,,,4075.204608,,0.012244574904411219,,3600.83456,1696164866.0,,134.0,14.5,2.5520000000000067,973.0048,,77369.0,3.0,151,0.07264636139637559,,0.010283529706186468,,26982.744064,3703.660544,0.0026344190000600065,
,,60,,25.879545132337864,,,,,,,,,736.0,,,,0.13579345399989506,0.000759410000000571,1.0,,28.0,,0.3091244439997354,,0.14005012600000555,,1696164866.0,,,,,,0.02988426599995364,,,152,,2.7689998205460142e-06,,2.3359169960021973,,,,0.0001
,,61,,35.71278529900736,,,,,,,,,744.0,,,,0.04569278899998608,0.0007526730000790849,1.0,,29.0,,0.22400941099999727,,0.13916000199992595,,1696164867.0,,,,,,0.03586111799995706,,,153,,2.488000063749496e-06,,2.137979030609131,,,0.0025403409999853466,0.0001
20.75,1464.0,61,132130.0,,0.0030000000000001137,2.654208,12.875,59167.0,29.875,0.0,0.0,0.0,,71.5,7164.0,26008.252416,,,,,,4074.528768,,0.012259691343525092,,3600.83456,1696164867.0,,135.0,14.5,2.568000000000012,968.794112,,78679.0,3.0,154,0.00046293105333387093,,0.0008620095454223562,,26983.350272,3699.449856,,
,,61,,25.724244147982148,,,,,,,,,752.0,,,,0.1354801069999212,0.0007581219999792665,1.0,,30.0,,0.31099067300010574,,0.14033639300009781,,1696164867.0,,,,,,0.03185724400009349,,,155,,2.5150000055873534e-06,,2.2482006549835205,,,0.0025562920000083977,0.0001
,,62,,23.49509779630282,,,,,,,,,760.0,,,,0.036325611000165736,0.0007711220000601315,1.0,,31.0,,0.340496561000009,,0.1401531750000231,,1696164868.0,,,,,,0.03093517199999951,,,156,,0.129788064999957,,2.0917205810546875,,,0.0025234159998035466,0.0001
20.75,1469.0,62,134490.0,,0.0030000000000001137,2.654208,12.875,60054.0,29.875,0.0,0.0,0.0,,71.50400000000036,7189.0,26008.252416,,,,,,4074.520576,,0.03676385774317687,,3600.83456,1696164868.0,,136.0,14.5,2.588000000000008,976.543744,,80023.0,3.0,157,0.017823450129094722,,0.054355938106055754,,26975.870976,3707.199488,,
,,62,,25.16730445389295,,,,,,,,,768.0,,,,0.14212164000014127,0.0008478119998471811,1.0,,32.0,,0.31787273899976753,,0.1412470889999895,,1696164868.0,,,,,,0.031100749999950494,,,158,,3.634999984569731e-06,,2.1570866107940674,,,0.002551812999854519,0.0001
,,63,,39.22649413511996,,,,,,,,,776.0,,,,0.028137238999988767,0.0008712129999821627,1.0,,33.0,,0.20394379299978027,,0.14131588299983378,,1696164869.0,,,,,,0.03106120200004625,,,159,,3.431999857639312e-06,,2.2266697883605957,,,0.002554824000071676,0.0001
20.75,1477.0,63,136837.0,,0.0030000000000001137,2.654208,12.875,60820.0,29.875,0.0,0.0,0.0,,71.51100000000042,7213.0,26008.252416,,,,,,4073.959424,,0.17155177981263775,,3600.83456,1696164869.0,,137.0,14.5,2.603999999999999,973.094912,,81299.0,3.0,160,0.0008934988532097165,,0.001404069626537194,,26976.636928,3703.750656,,
,,63,,24.34850647950164,,,,,,,,,784.0,,,,0.14518684700010454,0.0008461600000373437,1.0,,34.0,,0.3285622470000362,,0.1405732209998405,,1696164869.0,,,,,,0.03941948200008483,,,161,,3.539999852364417e-06,,2.1624834537506104,,,0.0025329970001166657,0.0001
,,64,,38.146904989996465,,,,,,,,,792.0,,,,0.030311858999994,0.0008592080000653368,1.0,,35.0,,0.20971557199982271,,0.14070408499992482,,1696164870.0,,,,,,0.03534497600003306,,,162,,4.1179998788720695e-06,,1.9733495712280273,,,0.00249132599992663,0.0001
20.75,1480.0,64,139247.0,,0.0030000000000001137,2.654208,12.875,61629.0,29.875,0.0,0.0,0.0,,71.51400000000012,7238.0,26008.252416,,,,,,4073.222144,,0.012256770002973778,,3600.83456,1696164870.0,,139.0,14.5,2.6200000000000045,973.094912,,82605.0,3.0,163,0.0,,0.0,,26976.964608,3703.750656,,
,,64,,26.318548419399473,,,,,,,,,800.0,,,,0.1317919250000159,0.0007968229999733012,1.0,,36.0,,0.3039681320001364,,0.1394888439999704,,1696164870.0,,,,,,0.029355030000033366,,,164,,2.511000047888956e-06,,2.0979950428009033,,,0.002532999000095515,0.0001
,,65,,37.977716954379446,,,,,,,,,808.0,,,,0.03819465400010813,0.0007845959999031038,1.0,,37.0,,0.21064983999985998,,0.14019661699990138,,1696164871.0,,,,,,0.0288933790000101,,,165,,2.4949999897216912e-06,,2.169898271560669,,,0.0025780989999475423,0.0001
21.0,1483.0,65,141481.0,,0.0030000000000001137,2.654208,13.0,62444.0,30.5,0.0,0.0,0.0,,71.51600000000008,7262.0,26008.252416,,,,,,4072.947712,,0.012254662954155872,,3600.83456,1696164871.0,,139.0,14.5,2.63600000000001,973.094912,,83873.0,3.0,166,0.0,,0.0,,26977.452032,3703.750656,,
,,65,,25.03140949087633,,,,,,,,,816.0,,,,0.1432380449998618,0.0008154489999014913,1.0,,38.0,,0.31959846299969286,,0.14209090200006358,,1696164871.0,,,,,,0.030943496999952913,,,167,,3.3510000321257394e-06,,2.0933258533477783,,,0.0025072189998809336,0.0001
,,66,,36.29890469194484,,,,,,,,,824.0,,,,0.04039316399985182,0.0007464899999831687,1.0,,39.0,,0.2203923249996933,,0.140500037000038,,1696164872.0,,,,,,0.03624249099993904,,,168,,2.220999931523693e-06,,2.153022289276123,,,0.002507921999949758,0.0001
21.0,1486.0,66,143671.0,,0.0030000000000001137,2.654208,13.0,63365.0,30.5,0.0,0.0,0.0,,71.51800000000003,7285.0,26008.252416,,,,,,4070.834176,,0.012254086048211208,,3600.83456,1696164872.0,,140.0,14.5,2.6480000000000103,973.094912,,85117.0,3.0,169,0.0,,0.0,,26979.77856,3703.750656,,
,,66,,24.83638950799922,,,,,,,,,832.0,,,,0.14643534500009991,0.0007468469998457294,1.0,,40.0,,0.322108009999738,,0.14121091799984242,,1696164872.0,,,,,,0.031188643999939814,,,170,,2.793000021483749e-06,,2.136751651763916,,,0.0025234629999886238,0.0001
,,67,,38.1337753622682,,,,,,,,,840.0,,,,0.035061231000099724,0.0007823839998764015,1.0,,41.0,,0.2097877779999635,,0.14043054700005086,,1696164873.0,,,,,,0.030971760000056747,,,171,,2.728000026763766e-06,,1.8841464519500732,,,0.002539127999853008,0.0001
21.0,1549.0,67,145978.0,,0.0030000000000001137,2.654208,13.0,64247.0,30.5,0.0,0.0,0.0,,71.6260000000002,7308.0,26008.252416,,,,,,4069.605376,,0.3635916565507013,,3600.83456,1696164873.0,,142.0,14.5,2.6680000000000064,973.094912,,86416.0,3.0,172,0.0,,0.0,,26980.573184,3703.750656,,
,,67,,25.57150475169147,,,,,,,,,848.0,,,,0.1385514549999698,0.0008482849998472375,1.0,,42.0,,0.3128482299998723,,0.14130901199996515,,1696164873.0,,,,,,0.02962453700001788,,,173,,3.867000032187207e-06,,2.059717893600464,,,0.0025110740000400256,0.0001
,,68,,38.813069740347004,,,,,,,,,856.0,,,,0.03438796199998251,0.0008528180001121655,1.0,,43.0,,0.20611613700020825,,0.14102326200008974,,1696164874.0,,,,,,0.02738276000013684,,,174,,3.652999794212519e-06,,2.0270047187805176,,,0.0024656820000927837,0.0001
21.0,1554.0,68,148289.0,,0.0030000000000001137,2.654208,13.0,65049.0,30.5,0.0,0.0,0.0,,71.63100000000031,7330.0,26008.24832,,,,,,4069.376,,0.0530986787008748,,3600.83456,1696164874.0,,145.0,14.5,2.6880000000000024,973.094912,,87692.0,3.0,175,0.0,,0.0,,26981.011456,3703.750656,,
,,68,,25.24384959161725,,,,,,,,,864.0,,,,0.14436260600018613,0.0008694450000348297,1.0,,44.0,,0.3169088760002978,,0.1398302000000058,,1696164874.0,,,,,,0.029384613000047466,,,176,,4.302999968786025e-06,,2.0306742191314697,,,0.0024577090000548196,0.0001
,,69,,39.1306833050866,,,,,,,,,872.0,,,,0.02852829599987672,0.0008545519999643147,1.0,,45.0,,0.20444314599944846,,0.14034314899981837,,1696164875.0,,,,,,0.032215146999988065,,,177,,3.445999936957378e-06,,1.9291211366653442,,,0.0024985559998640383,0.0001
21.0,1560.0,69,150688.0,,0.0030000000000001137,2.654208,13.0,65861.0,30.5,0.0,0.0,0.0,,71.63600000000042,7354.0,26008.252416,,,,,,4067.557376,,0.04084392363343595,,3600.83456,1696164875.0,,146.0,14.5,2.7080000000000126,973.094912,,89042.0,3.0,178,0.0,,0.0,,26982.846464,3703.750656,,
,,69,,23.45386149623723,,,,,,,,,880.0,,,,0.1652626530001271,0.0008132899999964138,1.0,,46.0,,0.341095217999964,,0.14275565499997356,,1696164875.0,,,,,,0.02970626399996945,,,179,,3.947999857700779e-06,,2.0753746032714844,,,0.0025534080000397807,0.0001
,,70,,43.412909812028296,,,,,,,,,888.0,,,,0.013793363000104364,0.0008697959999608429,1.0,,47.0,,0.1842769820000285,,0.13957395900001757,,1696164876.0,,,,,,0.02753218799989554,,,180,,3.268000000389293e-06,,2.1530678272247314,,,0.002504408000049807,0.0001
21.5,1565.0,70,153003.0,,0.0030000000000001137,2.654208,13.125,66696.0,32.0,0.0,0.0,0.0,,71.64000000000033,7378.0,26008.24832,,,,,,4065.398784,,0.02043389309885261,,3600.83456,1696164876.0,,148.0,14.5,2.7280000000000086,973.094912,,90353.0,3.0,181,0.27671162969601626,,0.01936430650608471,,26985.009152,3703.750656,,
,,70,,22.786883927735225,,,,,,,,,896.0,,,,0.17064426699994328,0.0008013229999050964,1.0,,48.0,,0.3510791569997309,,0.14092033499991885,,1696164876.0,,,,,,0.036205102999929295,,,182,,2.2429999262385536e-06,,2.230821132659912,,,0.0025058860001081484,0.0001
,,71,,43.36459872123784,,,,,,,,,904.0,,,,0.002593918999991729,0.0007944589999624441,1.0,,49.0,,0.18448227899966696,,0.14272504700011268,,1696164877.0,,,,,,0.03588959199987585,,,183,,2.917999836427043e-06,,2.1704914569854736,,,0.002476343999887831,0.0001
21.5,1568.0,71,155340.0,,0.0030000000000001137,2.654208,13.125,67646.0,32.0,0.0,0.0,0.0,,71.64200000000028,7399.0,26008.252416,,,,,,4065.56672,,0.012253917063501334,,3600.83456,1696164877.0,,151.0,14.5,2.7439999999999998,973.094912,,91699.0,3.0,184,0.006916761780037295,,0.021899090066685764,,26984.615936,3703.750656,,
,,71,,23.01906971382146,,,,,,,,,912.0,,,,0.17203381299987086,0.0007854959999349376,1.0,,50.0,,0.34753793699997004,,0.1422483020000982,,1696164877.0,,,,,,0.029956633999972837,,,185,,3.079999942201539e-06,,2.112510919570923,,,0.0025106120001510135,0.0001
,,72,,42.71152561387587,,,,,,,,,920.0,,,,0.010345723000000362,0.0007613299999320589,1.0,,51.0,,0.18730307300006643,,0.14294493900001726,,1696164878.0,,,,,,0.03071487400006845,,,186,,2.6709999474405777e-06,,2.1246092319488525,,,0.0025335360001008667,0.0001
21.5,1574.0,72,157653.0,,0.0030000000000001137,2.654208,13.125,68495.0,32.0,0.0,0.0,0.0,,71.64700000000039,7422.0,26008.252416,,,,,,4061.990912,,0.02860081681319186,,3600.83456,1696164878.0,,152.0,14.5,2.760000000000005,973.094912,,93023.0,3.0,187,0.0,,0.0,,26988.404736,3703.750656,,
,,72,,23.57078598129644,,,,,,,,,928.0,,,,0.1647723149999365,0.0007434110000303917,1.0,,52.0,,0.3394031919999634,,0.14113610399999743,,1696164878.0,,,,,,0.030286314000022685,,,188,,3.3149999580928124e-06,,2.022728204727173,,,0.0024617330000182847,0.0001
,,73,,45.882902760061384,,,,,,,,,936.0,,,,0.003080672999885792,0.0007486630001949379,1.0,,53.0,,0.17435688499995194,,0.14148106699985874,,1696164879.0,,,,,,0.026491050999993604,,,189,,2.0620000213966705e-06,,2.452746868133545,,,0.002553368999997474,0.0001
21.5,1579.0,73,159911.0,,0.0030000000000001137,2.654208,13.125,69305.0,32.0,0.0,0.0,0.0,,71.6510000000003,7449.0,26008.24832,,,,,,4062.461952,,0.053085413970281735,,3600.83456,1696164879.0,,156.0,14.5,2.7760000000000105,973.094912,,94316.0,3.0,190,0.0,,0.0,,26988.15488,3703.750656,,
,,73,,23.071481667989787,,,,,,,,,944.0,,,,0.16943719300002158,0.000795546000063041,1.0,,54.0,,0.34674842799972794,,0.142582222999863,,1696164879.0,,,,,,0.03129400199986776,,,191,,3.3179999263666105e-06,,2.1661734580993652,,,0.0026361459999861836,0.0001
,,74,,43.79332168804872,,,,,,,,,952.0,,,,0.0029181330000938033,0.0008984329999748297,1.0,,55.0,,0.18267625500038775,,0.14367770300009397,,1696164880.0,,,,,,0.03260390000014013,,,192,,2.809000079651014e-06,,1.9488600492477417,,,0.0025752770000053715,0.0001
21.5,1585.0,74,162153.0,,0.0030000000000001137,2.654208,13.125,70087.0,32.0,0.0,0.0,0.0,,71.6560000000004,7472.0,26008.252416,,,,,,4061.188096,,0.06943288740182094,,3600.83456,1696164880.0,,158.0,14.5,2.7960000000000065,973.094912,,95636.0,3.0,193,0.0,,0.0,,26989.207552,3703.754752,,
,,74,,22.587667211643772,,,,,,,,,960.0,,,,0.1654401250000319,0.0008008780000636762,1.0,,56.0,,0.3541755739997825,,0.14432343399994352,,1696164880.0,,,,,,0.041089229999897725,,,194,,2.3729999156785198e-06,,2.1385154724121094,,,0.0025195339999299904,0.0001
21.75,1587.0,75,164265.0,,0.0030000000000001137,2.654208,13.375,70796.0,32.5,0.0,0.0,0.0,,71.65800000000036,7492.0,26008.252416,,0.0008282250000775093,,,,4060.409856,,0.008164725873698462,0.1435070850000102,3600.83456,1696164881.0,,160.0,14.5,2.804000000000002,973.094912,0.037557099999958155,96853.0,3.0,195,0.0,2.3580000743095297e-06,0.0,,26989.985792,3703.762944,0.0024676719999661145,
,,75,,42.733968907077916,,,,,,,,,968.0,,,,0.0028422640000371757,,1.0,,57.0,,0.18720470400012346,,,,1696164881.0,,,,,,,,,196,,,,2.1818737983703613,,,,0.0001
,,75,,24.63400420855607,,,,,,,,,976.0,,,,0.1450999310000043,0.0007038869998723385,1.0,,58.0,,0.32475434899947686,,0.14376228599985552,,1696164881.0,,,,,,0.03268411399994875,,,197,,2.29499983106507e-06,,2.23441481590271,,,0.0025018359999648965,0.0001
,,76,,44.09247795387808,,,,,,,,,984.0,,,,0.002953750999949989,0.0007475530001102015,1.0,,59.0,,0.1814368430000286,,0.14395278799997868,,1696164882.0,,,,,,0.031185784999934185,,,198,,2.8720000955217984e-06,,2.112722635269165,,,0.002594093999960023,0.0001
21.75,1591.0,76,166356.0,,0.0030000000000001137,2.654208,13.375,71597.0,32.5,0.0,0.0,0.0,,71.66100000000006,7517.0,26015.944704,,,,,,3991.801856,,0.016334093886570852,,3600.83456,1696164882.0,,162.0,14.3,2.8200000000000074,973.094912,,98020.0,3.0,199,0.0,,0.0,,27058.802688,3703.762944,,
,,76,,21.656014826404693,,,,,,,,,992.0,,,,0.19161148500006675,0.0008359539999673871,1.0,,60.0,,0.36941238100030205,,0.14348566499984372,,1696164882.0,,,,,,0.031019826000147077,,,200,,3.0830001378490124e-06,,2.2517619132995605,,,0.002456368000139264,0.0001
21.75,1593.0,77,167469.0,,0.0030000000000001137,2.654208,13.375,72108.0,32.5,0.0,0.0,0.0,,71.66200000000026,7531.0,26008.252416,,0.0008109069999591156,,,,3899.424768,,0.008169487817908133,0.1459921610000947,3600.83456,1696164883.0,,165.0,13.9,2.832000000000008,973.070336,0.02923425800008772,98655.0,3.0,201,0.024548353527537786,2.8649999421759276e-06,0.08891498214588626,,27158.437888,3703.738368,0.0025769339999897056,
,,77,,44.253386838901854,,,,,,,,,1000.0,,,,0.002159999000014068,,1.0,,61.0,,0.1807771240000875,,,,1696164883.0,,,,,,,,,202,,,,2.1988933086395264,,,,0.0001
,,77,,38.23408298279916,,,,,,,,,1008.0,,,,0.002912745999992694,0.0007761130000289995,1.0,,62.0,,0.20923739699992439,,0.16466438700012986,,1696164883.0,,,,,,0.03835465699989982,,,203,,2.4209998628066387e-06,,2.1089282035827637,,,0.002527073000010205,0.0001
21.75,1596.0,78,168975.0,,0.0030000000000001137,2.654208,13.375,72795.0,32.5,0.0,0.0,0.0,,71.66400000000021,7560.0,26008.252416,,,,,,3927.580672,,0.012236946398389171,,3600.83456,1696164884.0,,167.0,14.0,2.847999999999999,976.539648,,99262.0,3.0,204,0.04450233241012774,,0.006532744820108486,,27145.674752,3707.26912,,
21.75,1599.0,79,170175.0,,0.0030000000000001137,2.654208,13.375,73266.0,32.5,0.0,0.0,0.0,,71.66700000000037,7560.0,26008.252416,,,,,,4018.040832,,0.03673619463505967,,3600.83456,1696164885.0,,167.0,14.3,2.8560000000000088,976.539648,,99900.0,3.0,205,0.00046239133873434064,,0.0008610045632178545,,27039.830016,3707.301888,,
21.75,1600.0,80,171870.0,,0.0030000000000001137,2.654208,13.375,73954.0,31.874999999999996,0.0,0.0,0.0,,71.66700000000037,7569.0,26008.252416,,0.0008845290001318062,,,,3950.505984,,0.004083135260090654,0.19201285500002996,3600.83456,1696164886.0,,168.0,14.1,2.8599999999999994,976.543744,0.03517965300011383,100932.0,3.0,206,0.2544303658588275,2.634000111356727e-06,0.01920349551609065,,27092.414464,3707.416576,0.002512306999960856,
,,80,,3.449337426883967,,,,,,,,,1016.0,,,,2.0886940210000375,,2.0,,0.0,,2.3192859990003853,,,,1696164886.0,,,,,,,,,207,,,,2.140742301940918,,,,0.0001
,,80,,44.167344658382014,,,,,,,,,1024.0,,,,0.0040102609998484695,0.0007857030000195664,2.0,,1.0,,0.18112929500011887,,0.14287354300017796,,1696164886.0,,,,,,0.03094648599994798,,,208,,2.356000095460331e-06,,2.095106840133667,,,0.002510946000029435,0.0001
21.75,1603.0,81,173942.0,,0.0030000000000001137,2.654208,13.375,74665.0,31.874999999999996,0.0,0.0,0.0,,71.67000000000007,7596.0,26015.944704,,0.0007888180000463763,,,,4022.706176,,0.012250972265283515,0.1409595590000663,3600.83456,1696164887.0,,170.0,14.4,2.872,973.094912,0.031139997000082076,101814.0,3.0,209,0.003158453787171742,2.7389999104343588e-06,0.0010528179300253963,,27027.472384,3703.967744,0.002465864999976475,
,,81,,27.92726427799177,,,,,,,,,1032.0,,,,0.11110144200006289,,2.0,,2.0,,0.28645842000014454,,,,1696164887.0,,,,,,,,,210,,,,1.995689868927002,,,,0.0001
,,81,,44.82276124915145,,,,,,,,,1040.0,,,,0.0022147360000417393,0.0007878000001255714,2.0,,3.0,,0.17848074900007305,,0.14311627999995835,,1696164887.0,,,,,,0.029786827999942034,,,211,,3.3149999580928124e-06,,2.0937983989715576,,,0.0025717900000472582,0.0001
21.75,1606.0,82,176408.0,,0.0030000000000001137,2.654208,13.375,75710.0,31.874999999999996,0.0,0.0,0.0,,71.67200000000003,7616.0,26008.252416,,0.0009281620000365365,,,,4059.181056,,0.012252510024853412,0.14344972699996106,3600.83456,1696164888.0,,171.0,14.5,2.89200000000001,973.094912,0.04046140900004502,103281.0,3.0,212,0.06186879411038662,2.9519999316107715e-06,0.07412928103044754,,26991.423488,3704.188928,0.0026741630001652084,
,,82,,21.50008322009436,,,,,,,,,1048.0,,,,0.18457517000001644,,2.0,,4.0,,0.3720915830001559,,,,1696164888.0,,,,,,,,,213,,,,1.952147126197815,,,,0.0001
,,82,,38.7265726987572,,,,,,,,,1056.0,,,,0.032538951999868004,0.0007587569998577237,2.0,,5.0,,0.20657650399971317,,0.14344615200002409,,1696164888.0,,,,,,0.027148010000018985,,,214,,2.3970001166162547e-06,,2.038757801055908,,,0.0026822359998277534,0.0001
21.75,1610.0,83,178656.0,,0.0030000000000001137,2.654208,13.375,76456.0,31.874999999999996,0.0,0.0,0.0,,71.67500000000018,7638.0,26008.252416,,0.0007457280000835453,,,,4055.539712,,0.01635031159818534,0.14419509000003927,3600.83456,1696164889.0,,174.0,14.5,2.9080000000000013,973.029376,0.03336876899993513,104560.0,3.0,215,0.0031614860319427287,2.5690001166367438e-06,0.0010538286782833211,,26995.07712,3704.123392,0.0025034189998223155,
,,83,,24.0416490074527,,,,,,,,,1064.0,,,,0.15194030199995723,,2.0,,6.0,,0.3327558769999541,,,,1696164889.0,,,,,,,,,216,,,,1.9276338815689087,,,,0.0001
,,83,,36.335784159237996,,,,,,,,,1072.0,,,,0.03714560399998845,0.0010800550001022202,2.0,,7.0,,0.2201686350001637,,0.14215889599995535,,1696164889.0,,,,,,0.03732935900006851,,,217,,2.561999963290873e-06,,1.882171392440796,,,0.002452159000085885,0.0001
21.75,1615.0,84,181002.0,,0.0030000000000001137,2.654208,13.375,77351.0,31.874999999999996,0.0,0.0,0.0,,71.67900000000009,7654.0,26008.252416,,0.0009997620002195617,,,,4049.887232,,0.05718723053988314,0.14232561299991175,3600.83456,1696164890.0,,177.0,14.4,2.932000000000002,973.094912,0.04115745300009621,105988.0,3.0,218,0.0031593391871395653,2.3570000848849304e-06,0.0005265565316764998,,27000.50432,3704.188928,0.0025263090001317323,
,,84,,23.590059378961346,,,,,,,,,1080.0,,,,0.1521144009998352,,2.0,,8.0,,0.33912589500027934,,,,1696164890.0,,,,,,,,,219,,,,2.093822956085205,,,,0.0001
,,84,,37.633559444379166,,,,,,,,,1088.0,,,,0.035893698000109,0.0007886250000410655,2.0,,9.0,,0.2125762250000207,,0.14143747299999632,,1696164890.0,,,,,,0.0319840419999764,,,220,,2.687999995032442e-06,,2.3358654975891113,,,0.002469698999902903,0.0001
21.875,1618.0,85,183275.0,,0.0030000000000001137,2.654208,13.5,78170.0,31.374999999999996,0.0,0.0,0.0,,71.68100000000004,7678.0,26008.252416,,0.0007368349999978818,,,,4046.995456,,0.012261689269102285,0.14274958400005744,3600.83456,1696164891.0,,179.0,14.4,2.9480000000000075,973.094912,0.032686066999985997,107326.0,3.0,221,0.0031612167647187936,2.6679999791667797e-06,0.0010537389189117377,,27003.613184,3704.188928,0.002522250000083659,
,,85,,24.969786792059875,,,,,,,,,1096.0,,,,0.14168979300006868,,2.0,,10.0,,0.3203871970001728,,,,1696164891.0,,,,,,,,,222,,,,2.3242809772491455,,,,0.0001
,,85,,40.1724335425551,,,,,,,,,1104.0,,,,0.02494551299992054,0.0007799150000664667,2.0,,11.0,,0.19914153299987447,,0.1430294279998634,,1696164891.0,,,,,,0.027932367999937924,,,223,,2.6899999738816405e-06,,2.0438425540924072,,,0.0024516190001122595,0.0001
21.875,1624.0,86,185502.0,,0.0030000000000001137,2.654208,13.5,79057.0,31.374999999999996,0.0,0.0,0.0,,71.68600000000015,7701.0,26008.252416,,0.0008915510002225346,,,,4042.334208,,0.08169279984760966,0.14552245400000174,3600.83456,1696164892.0,,181.0,14.4,2.9680000000000035,973.094912,0.029033733000005668,108606.0,3.0,224,0.003159213744088357,2.078999841614859e-06,0.0010530712489978343,,27008.352256,3704.188928,0.0025237089998881856,
,,86,,22.876143651342556,,,,,,,,,1112.0,,,,0.17173576599998341,,2.0,,12.0,,0.34970929199994316,,,,1696164892.0,,,,,,,,,225,,,,2.239772319793701,,,,0.0001
,,86,,42.81815180697466,,,,,,,,,1120.0,,,,0.003095413999972152,0.0008153820001552958,2.0,,13.0,,0.18683664900026997,,0.14520668899990596,,1696164892.0,,,,,,0.035211237000112305,,,226,,2.268000116600888e-06,,2.1159164905548096,,,0.002505659000007654,0.0001
21.875,1643.0,87,187663.0,,0.0030000000000001137,2.654208,13.5,79803.0,31.374999999999996,0.0,0.0,0.0,,71.70600000000013,7722.0,26008.252416,,0.0008050600001752173,,,,4039.02464,,0.10212177849677001,0.14301157099998818,3600.83456,1696164893.0,,183.0,14.4,2.984000000000009,973.029376,0.036851053999953365,109930.0,3.0,227,0.0031593925222534592,2.423000069029513e-06,0.0010531308417195896,,27011.366912,3704.123392,0.0026162839999415155,
,,87,,21.877427223637664,,,,,,,,,1128.0,,,,0.18238731899987215,,2.0,,14.0,,0.36567371099999946,,,,1696164893.0,,,,,,,,,228,,,,2.010695695877075,,,,0.0001
,,87,,43.49135507659573,,,,,,,,,1136.0,,,,0.002919065000014598,0.0007664210002076288,2.0,,15.0,,0.18394460199988316,,0.14129290799996852,,1696164893.0,,,,,,0.03648181999983535,,,229,,2.888999915739987e-06,,1.968237042427063,,,0.002481498999941323,0.0001
21.875,1646.0,88,189798.0,,0.0030000000000001137,2.654208,13.5,80565.0,31.374999999999996,0.0,0.0,0.0,,71.70800000000008,7742.0,26008.252416,,0.0007625240000379563,,,,4035.592192,,0.01225664466721903,0.14076627400004327,3600.83456,1696164894.0,,186.0,14.4,3.0,973.094912,,111173.0,3.0,230,0.0031599162032957553,,0.0015799580994720777,,27014.59456,3704.188928,0.002430564999940543,
,,88,,21.920974268508676,,,,,,,,,1144.0,,,,0.18534853599999224,,2.0,,16.0,,0.36494728299976487,,,,1696164894.0,,,,,,0.035636346999808666,,,231,,3.0369999421964167e-06,,1.901258111000061,,,,0.0001
,,88,,44.75286828412707,,,,,,,,,1152.0,,,,0.0027273309999600315,0.000752954999825306,2.0,,17.0,,0.1787594919996991,,0.14225510699998267,,1696164894.0,,,,,,0.030560597999965466,,,232,,3.499000058582169e-06,,2.4228017330169678,,,0.0024600019999070355,0.0001
21.875,1649.0,89,192069.0,,0.0030000000000001137,2.654208,13.5,81389.0,31.374999999999996,0.0,0.0,0.0,,71.71000000000004,7777.0,26008.24832,,,,,,4032.888832,,0.012245404030506519,,3600.83456,1696164895.0,,190.0,14.4,3.0120000000000005,973.094912,,112576.0,3.0,233,0.0031570182266432855,,0.000526169704924402,,27017.29792,3704.188928,0.0026624710001215135,
,,89,,21.148328544736263,,,,,,,,,1160.0,,,,0.20208659200011425,0.0008830849999412749,2.0,,18.0,,0.37828048600044895,,0.14502425100022265,,1696164895.0,,,,,,0.027620673999990686,,,234,,3.4130000585719245e-06,,2.2013490200042725,,,,0.0001
,,90,,44.72628289190271,,,,,,,,,1168.0,,,,0.0028465100001540122,0.0008875429998624895,2.0,,19.0,,0.17886574700014535,,0.14384763100019882,,1696164896.0,,,,,,0.028786017000129505,,,235,,3.730999878825969e-06,,2.2100348472595215,,,0.0024943149999216985,0.0001
22.125,1652.0,90,194335.0,,0.0030000000000001137,2.654208,13.625000000000002,82281.0,31.874999999999996,0.0,0.0,0.0,,71.71300000000019,7818.0,26008.252416,,,,,,4032.79872,,0.012254214243427208,,3600.83456,1696164896.0,,193.0,14.4,3.024000000000001,973.094912,,113989.0,3.0,236,0.26447083474801647,,0.02020828429862266,,27017.601024,3704.188928,0.002582313999937469,
,,90,,21.75631058920835,,,,,,,,,1176.0,,,,0.18680003600002237,0.0008903929999632965,2.0,,20.0,,0.36770940400015206,,0.1404349590000038,,1696164896.0,,,,,,0.03699827200011896,,,237,,3.4300001061637886e-06,,2.0294530391693115,,,,0.0001
,,91,,44.14766276259852,,,,,,,,,1184.0,,,,0.002781084000162082,0.0008494039998367953,2.0,,21.0,,0.18121004599993285,,0.14327116100002968,,1696164897.0,,,,,,0.031677659000024505,,,238,,3.612000000430271e-06,,2.2809572219848633,,,0.002627125999879354,0.0001
22.125,1657.0,91,196525.0,,0.0030000000000001137,2.654208,13.625000000000002,83013.0,31.874999999999996,0.0,0.0,0.0,,71.7170000000001,7837.0,26008.252416,,,,,,4087.844864,,0.048994828412534754,,3600.83456,1696164897.0,,196.0,14.5,3.0400000000000063,973.094912,,115285.0,3.0,239,0.003157869800054985,,0.001052623264026619,,26970.304512,3704.188928,0.0028135580000707705,
,,91,,22.099792563581076,,,,,,,,,1192.0,,,,0.18124567800009572,0.0008219620001455041,2.0,,22.0,,0.36199434800050767,,0.14059124899995368,,1696164897.0,,,,,,0.03651942000010422,,,240,,2.4810001377773006e-06,,2.2796852588653564,,,,0.0001
,,92,,43.63377781935922,,,,,,,,,1200.0,,,,0.0030742730000383744,0.0008515150000221183,2.0,,23.0,,0.18334419799998614,,0.14095194499986974,,1696164898.0,,,,,,0.03590135500007818,,,241,,4.011999862996163e-06,,1.8908085823059082,,,0.0025610980001147254,0.0001
22.125,1670.0,92,198864.0,,0.0030000000000001137,2.654208,13.625000000000002,83965.0,31.874999999999996,0.0,0.0,0.0,,71.73100000000022,7858.0,26008.252416,,,,,,4087.291904,,0.05718823675213936,,3600.83456,1696164898.0,,198.0,14.5,3.0600000000000023,973.094912,,116638.0,3.0,242,0.020025456786546967,,0.05429212487339207,,26970.656768,3704.188928,0.0025022579998221772,
,,92,,20.325560446925834,,,,,,,,,1208.0,,,,0.21965832199998658,0.000784946999829117,2.0,,24.0,,0.39359308299958684,,0.1428450900000371,,1696164898.0,,,,,,0.027799948999927437,,,243,,2.516999984436552e-06,,2.19014573097229,,,,0.0001
,,93,,44.274052800632944,,,,,,,,,1216.0,,,,0.0032001029999264574,0.0008287329999348003,2.0,,25.0,,0.18069274200001928,,0.1427553450000687,,1696164899.0,,,,,,0.03131758299991816,,,244,,2.874000074370997e-06,,2.1731908321380615,,,0.0025881040000967914,0.0001
22.125,1673.0,93,200979.0,,0.0030000000000001137,2.654208,13.625000000000002,84705.0,31.874999999999996,0.0,0.0,0.0,,71.73400000000038,7888.0,26015.944704,,,,,,4041.408512,,0.012236458311696521,,3600.83456,1696164899.0,,199.0,14.4,3.0720000000000027,973.094912,,117718.0,3.0,245,0.004046953660411817,,0.0032104770180496033,,27016.454144,3704.188928,0.0024708220000775327,
,,93,,22.174411173531226,,,,,,,,,1224.0,,,,0.18308342900013486,0.0007540699998571654,2.0,,26.0,,0.36077620900027796,,0.13929821500005346,,1696164899.0,,,,,,0.035167055000101755,,,246,,2.618000053189462e-06,,1.9950929880142212,,,,0.0001
,,94,,43.422860379631786,,,,,,,,,1232.0,,,,0.00220051299993429,0.0007522139999309729,2.0,,27.0,,0.18423475399958988,,0.14112467199993262,,1696164900.0,,,,,,0.037417420999872775,,,247,,2.61299987869279e-06,,2.0927622318267822,,,0.002737321000040538,0.0001
22.125,1677.0,94,203290.0,,0.0030000000000001137,2.654208,13.625000000000002,85433.0,31.874999999999996,0.0,0.0,0.0,,71.73800000000028,7918.0,26008.252416,,,,,,4082.782208,,0.09393780839760707,,3600.83456,1696164900.0,,201.0,14.5,3.088000000000008,973.094912,,118858.0,3.0,248,0.0015794570365775377,,0.001052971358681925,,26967.617536,3704.188928,,
,,94,,22.635674128021243,,,,,,,,,1240.0,,,,0.17652518399995643,0.0007650649999959569,2.0,,28.0,,0.3534244199997829,,0.14244719099997383,,1696164900.0,,,,,,0.0311012770000616,,,249,,2.63599986283225e-06,,2.1790976524353027,,,0.002583066999932271,0.0001
,,95,,43.24468574571838,,,,,,,,,1248.0,,,,0.0029685439999411756,0.0008012050000161253,2.0,,29.0,,0.18499382899994998,,0.14352802400003384,,1696164901.0,,,,,,0.035176788999933706,,,250,,3.11000007968687e-06,,2.0293822288513184,,,0.0025161569999454514,0.0001
22.375,1680.0,95,205642.0,,0.0030000000000001137,2.654208,13.750000000000002,86275.0,32.25,0.0,0.0,0.0,,71.74000000000024,7937.0,26008.252416,,,,,,4093.874176,,0.012254234638656557,,3600.83456,1696164901.0,,202.0,14.6,3.103999999999999,973.094912,,120184.0,3.0,251,0.0035901078043293426,,0.002353515114760576,,26956.517376,3704.188928,,
,,95,,22.319417208335707,,,,,,,,,1256.0,,,,0.17790959699982523,0.0007621190000008937,2.0,,30.0,,0.3584322979997978,,0.13926052500005426,,1696164901.0,,,,,,0.03799740699992071,,,252,,3.584999831218738e-06,,2.108614921569824,,,0.0024990650001655013,0.0001
,,96,,25.922967995253135,,,,,,,,,1264.0,,,,0.0032799000000522938,0.0007627410000168311,2.0,,31.0,,0.30860663800012844,,0.14069831300002988,,1696164902.0,,,,,,0.035237036999888005,,,253,,0.12605567500008874,,1.9788810014724731,,,0.0025729720000526868,0.0001
22.375,1685.0,96,208494.0,,0.0030000000000001137,2.654208,13.750000000000002,88201.0,32.25,0.0,0.0,0.0,,71.74400000000014,7962.0,26008.252416,,,,,,4115.922944,,0.06941394281685162,,3600.83456,1696164902.0,,206.0,14.6,3.1200000000000045,976.543744,,121882.0,3.0,254,0.004051273317044506,,0.0024004591901097866,,26934.685696,3707.63776,,
,,96,,21.465906370374757,,,,,,,,,1272.0,,,,0.19476717900010954,0.0009459140001126798,2.0,,32.0,,0.37268400700008897,,0.14523603800012097,,1696164902.0,,,,,,0.02932412499990278,,,255,,3.5289999686938245e-06,,2.034108877182007,,,0.0024072219998743094,0.0001
,,97,,44.174499721108695,,,,,,,,,1280.0,,,,0.0027224960001603904,0.000831961000130832,2.0,,33.0,,0.18109995700024228,,0.14335828799994488,,1696164903.0,,,,,,0.03162834399995518,,,256,,4.075999868291547e-06,,2.099621057510376,,,0.002554792000182715,0.0001
22.375,1692.0,97,211859.0,,0.0030000000000001137,2.654208,13.750000000000002,89969.0,32.25,0.0,0.0,0.0,,71.74900000000025,7987.0,26008.252416,,,,,,4089.42592,,0.07758086063451979,,3600.83456,1696164903.0,,208.0,14.6,3.13600000000001,973.094912,,124296.0,3.0,257,0.0035887528048384686,,0.0015391762054281677,,26960.973824,3704.188928,,
,,97,,19.321302724514815,,,,,,,,,1288.0,,,,0.22851050899998882,0.0010191250000843866,2.0,,34.0,,0.4140507560005062,,0.14164880900011667,,1696164903.0,,,,,,0.040028403000178514,,,258,,2.240000185338431e-06,,2.026845693588257,,,0.002841669999952501,0.0001
,,98,,43.79920837641205,,,,,,,,,1296.0,,,,0.002970166000068275,0.0008495329998368106,2.0,,35.0,,0.1826517029999195,,0.14096925600006216,,1696164904.0,,,,,,0.035318469999992885,,,259,,2.1099999685247894e-06,,1.875750184059143,,,0.002542167999990852,0.0001
22.375,1711.0,98,214769.0,,0.0030000000000001137,2.654208,13.750000000000002,91812.0,32.25,0.0,0.0,0.0,,71.76200000000017,8010.0,26008.252416,,,,,,4065.476608,,0.27359243086600255,,3600.83456,1696164904.0,,212.0,14.5,3.1680000000000064,973.094912,,126152.0,3.0,260,0.055509658314660135,,0.13741830643069136,,26984.61184,3704.188928,,
,,98,,21.62929803487789,,,,,,,,,1304.0,,,,0.19666689499990753,0.0007622959999480372,2.0,,36.0,,0.36986868399981176,,0.14076806499997474,,1696164904.0,,,,,,0.02924164700016263,,,261,,3.2699999792384915e-06,,1.9851040840148926,,,0.002426510999839593,0.0001
22.375,1713.0,99,217130.0,,0.0030000000000001137,2.654208,13.750000000000002,92537.0,32.25,0.0,0.0,0.0,,71.76300000000037,8031.0,26008.252416,,0.0008239680000770022,,,,4061.417472,,0.008169584939317957,0.14150654000013674,3600.83456,1696164905.0,,215.0,14.5,3.176000000000002,973.094912,0.029264532999832227,127493.0,3.0,262,0.003159331675312535,2.3490001694881357e-06,0.0010531105594059297,,26988.969984,3704.188928,0.002497786000049018,
,,99,,45.21846984345707,,,,,,,,,1312.0,,,,0.002823680999881617,,2.0,,37.0,,0.1769188570001461,,,,1696164905.0,,,,,,,,,263,,,,2.0417239665985107,,,,0.0001
,,99,,21.52946694946962,,,,,,,,,1320.0,,,,0.19713922400001138,0.0010352290000810171,2.0,,38.0,,0.37158374700015884,,0.1399329169998964,,1696164905.0,,,,,,0.030938054999978704,,,264,,3.4260001484653912e-06,,1.9636720418930054,,,0.0025348960000428633,0.0001
22.625,1716.0,100,219463.0,,0.0030000000000001137,2.654208,13.875000000000002,93287.0,32.75,0.0,0.0,0.0,,71.76600000000008,8055.0,26008.252416,,0.0007637300000169489,,,,4055.18336,,0.012265853463005868,0.14191761300003236,3600.83456,1696164906.0,,218.0,14.5,3.1920000000000073,973.094912,0.03637620500012417,128788.0,3.0,265,0.2805734123868957,3.000000106112566e-06,0.021744738916144833,,26995.22048,3704.188928,0.002573281999957544,
,,100,,43.24062496492888,,,,,,,,,1328.0,,,,0.003377371999931711,,2.0,,39.0,,0.18501120200016885,,,,1696164906.0,,,,,,,,,266,,,,2.02201771736145,,,,0.0001
,,101,,19.844710378566482,,,,,,,,,1336.0,,,,0.22752608899986626,0.0007466130000466364,2.0,,40.0,,0.4031300959998134,,0.1413517179998962,,1696164907.0,,,,,,0.030984085999989475,,,267,,2.9600000743812416e-06,,1.9962999820709229,,,0.0025186299999404582,0.0001
22.625,1727.0,101,221776.0,,0.0030000000000001137,2.654208,13.875000000000002,94009.0,32.75,0.0,0.0,0.0,,71.77800000000025,8080.0,26008.252416,,0.0007903940002051968,,,,3999.535104,,0.04901390858853058,0.14279521799994654,3600.83456,1696164907.0,,218.0,14.3,3.2080000000000126,973.094912,0.03142563300002621,129997.0,3.0,268,0.003685616173196418,2.320000021427404e-06,0.0018667406598774628,,27050.94656,3704.188928,0.0025654440000835166,
,,101,,44.26745406360389,,,,,,,,,1344.0,,,,0.003140668000014557,,2.0,,41.0,,0.18071967700029745,,,,1696164907.0,,,,,,,,,269,,,,1.762722373008728,,,,0.0001
,,102,,20.62449363162864,,,,,,,,,1352.0,,,,0.21260994699991898,0.0007920289999674424,2.0,,42.0,,0.38788831099986965,,0.1411752989999968,,1696164908.0,,,,,,0.030735419999928126,,,270,,2.7290000161883654e-06,,1.9500908851623535,,,0.002572887000042101,0.0001
22.625,1730.0,102,223810.0,,0.0030000000000001137,2.654208,13.875000000000002,94668.0,32.75,0.0,0.0,0.0,,71.7800000000002,8105.0,26008.24832,,0.0008117830000173853,,,,3990.921216,,0.012251429475436745,0.1423404979998395,3600.83456,1696164908.0,,220.0,14.3,3.2240000000000038,973.070336,0.027079767000032007,130884.0,3.0,271,0.003158571661664373,3.2419998206023593e-06,0.0010528572215229759,,27059.257344,3704.164352,0.0025930159999916214,
,,102,,45.70911483807851,,,,,,,,,1360.0,,,,0.0021914910000759846,,2.0,,43.0,,0.1750197969997771,,,,1696164908.0,,,,,,,,,272,,,,1.8906233310699463,,,,0.0001
,,103,,19.223357009290137,,,,,,,,,1368.0,,,,0.23597911299998486,0.0011166599999796745,2.0,,44.0,,0.416160403000049,,0.14594108999995115,,1696164909.0,,,,,,0.030539078000174413,,,273,,3.3999999686784577e-06,,1.8994466066360474,,,0.0025810619999901974,0.0001
22.625,1735.0,103,225774.0,,0.0030000000000001137,2.654208,13.875000000000002,95360.0,32.75,0.0,0.0,0.0,,71.78500000000031,8126.0,26008.252416,,0.0011021679999885237,,,,3982.290944,,0.06539337357587881,0.14240426900005332,3600.83456,1696164909.0,,224.0,14.2,3.2480000000000047,973.094912,0.03148539799985883,131776.0,3.0,274,0.003161105460928294,2.5239999104087474e-06,0.0005268509106415598,,27067.977728,3704.188928,0.002566307000051893,
,,103,,44.35883337468142,,,,,,,,,1376.0,,,,0.0027867280000464234,,2.0,,45.0,,0.1803473939999094,,,,1696164909.0,,,,,,,,,275,,,,1.8239630460739136,,,,0.0001
,,104,,22.61463411744685,,,,,,,,,1384.0,,,,0.18222914700004367,0.0008890199999314063,2.0,,46.0,,0.35375323599987496,,0.13862375600001542,,1696164910.0,,,,,,0.029524690000016562,,,276,,5.8159998843621e-06,,1.9484699964523315,,,0.0024808069999835425,0.0001
22.625,1741.0,104,227682.0,,0.0030000000000001137,2.654208,13.875000000000002,96073.0,32.75,0.0,0.0,0.0,,71.79000000000042,8148.0,26008.24832,,0.0008727429999453307,,,,4030.042112,,0.04077594795096346,0.14256463100014116,3600.83456,1696164910.0,,227.0,14.4,3.26400000000001,973.070336,0.028318873999978678,132755.0,3.0,277,0.003153764724313939,3.665999884105986e-06,0.0015768823599854051,,27028.054016,3704.164352,0.002553113999965717,
,,104,,45.283783651217725,,,,,,,,,1392.0,,,,0.0023506550001002324,,2.0,,47.0,,0.17666368300001523,,,,1696164910.0,,,,,,,,,278,,,,2.0156331062316895,,,,0.0001
,,105,,19.81947225591366,,,,,,,,,1400.0,,,,0.22543880400007765,0.0008042279998790036,2.0,,48.0,,0.40364344199997504,,0.13869536699985474,,1696164911.0,,,,,,0.036349008000115646,,,279,,2.443000084895175e-06,,2.0832881927490234,,,0.0023535919999631005,0.0001
22.625,1744.0,105,229759.0,,0.0030000000000001137,2.654208,13.875000000000002,96850.0,32.125,0.0,0.0,0.0,,71.79300000000012,8173.0,26008.252416,,,,,,3970.822144,,0.012248899230902707,,3600.83456,1696164911.0,,228.0,14.2,3.2760000000000105,973.070336,,134011.0,3.0,280,0.0031579193329954354,,0.0010526397786331304,,27079.348224,3704.164352,0.0025419559999591,
,,105,,44.01071275767032,,,,,,,,,1408.0,,,,0.0027464570000574895,0.0007801379999818892,2.0,,49.0,,0.1817739249997885,,0.14014773099984268,,1696164911.0,,,,,,0.03555455800005802,,,281,,3.0849998893245356e-06,,2.053730010986328,,,,0.0001
,,106,,23.704490201126,,,,,,,,,1416.0,,,,0.16231459699997686,0.0007818809999662335,2.0,,50.0,,0.3374888020000526,,0.14086642799998117,,1696164912.0,,,,,,0.03101198299987118,,,282,,2.890000132538262e-06,,1.9852867126464844,,,0.0025110230001246236,0.0001
22.625,1747.0,106,231884.0,,0.0030000000000001137,2.654208,13.875000000000002,97592.0,32.125,0.0,0.0,0.0,,71.79500000000007,8193.0,26008.252416,,,,,,4020.08064,,0.01226351568013888,,3600.83456,1696164912.0,,228.0,14.3,3.2920000000000016,973.094912,,134919.0,3.0,283,0.00316168763631417,,0.0005269479398702651,,27030.306816,3704.188928,0.0025195139999141247,
,,106,,44.44524174272778,,,,,,,,,1424.0,,,,0.0033969339999657677,0.0010999769999671116,2.0,,51.0,,0.1799967709998782,,0.14265180300003522,,1696164912.0,,,,,,0.030326215000059165,,,284,,2.327999936824199e-06,,1.991089940071106,,,,0.0001
,,107,,21.82165435753447,,,,,,,,,1432.0,,,,0.19023550500014608,0.001078843999948731,2.0,,52.0,,0.366608318000317,,0.14179706500021894,,1696164913.0,,,,,,0.03078400499998679,,,285,,3.0020000849617645e-06,,1.8946034908294678,,,0.002709896999931516,0.0001
22.625,1750.0,107,234210.0,,0.0030000000000001137,2.654208,13.875000000000002,98417.0,32.125,0.0,0.0,0.0,,71.79800000000023,8214.0,26008.24832,,,,,,4018.409472,,0.012254508524027772,,3600.83456,1696164913.0,,229.0,14.3,3.308000000000007,973.094912,,136245.0,3.0,286,0.02055183200400358,,0.055552176335437894,,27031.994368,3704.188928,0.0031172540000170557,
,,107,,44.86809749607195,,,,,,,,,1440.0,,,,0.0033968540001296788,0.0007522519999838551,2.0,,53.0,,0.17830040600006214,,0.14260302200000297,,1696164913.0,,,,,,0.028428135000012844,,,287,,2.888999915739987e-06,,2.334045648574829,,,,0.0001
,,108,,21.12572927074348,,,,,,,,,1448.0,,,,0.20151798699998835,0.0007883920000040234,2.0,,54.0,,0.37868515199988906,,0.14067672399983167,,1696164914.0,,,,,,0.03317157100013901,,,288,,2.2649999209534144e-06,,2.054670572280884,,,0.002528213000005053,0.0001
22.625,1766.0,108,236388.0,,0.0030000000000001137,2.654208,13.875000000000002,99230.0,32.125,0.0,0.0,0.0,,71.81600000000026,8236.0,26008.252416,,,,,,3965.001728,,0.11039617548431613,,3600.83456,1696164914.0,,230.0,14.2,3.332000000000008,973.094912,,137537.0,3.0,289,0.00605326251576452,,0.0024436653456811346,,27085.389824,3704.188928,0.0025155289999929664,
,,108,,44.17426555612593,,,,,,,,,1456.0,,,,0.003290612000000692,0.000932981000005384,2.0,,55.0,,0.1811009169996396,,0.1423364649999712,,1696164914.0,,,,,,0.03202245199986464,,,290,,2.877999804695719e-06,,1.8407268524169922,,,,0.0001
,,109,,21.44146751406931,,,,,,,,,1464.0,,,,0.18808685999988484,0.0010985220001202833,2.0,,56.0,,0.37310879000006025,,0.14055252599996493,,1696164915.0,,,,,,0.040887788999953045,,,291,,2.570000106061343e-06,,2.033970832824707,,,0.0024805230000310985,0.0001
22.625,1769.0,109,238324.0,,0.0030000000000001137,2.654208,13.875000000000002,99844.0,32.125,0.0,0.0,0.0,,71.81800000000021,8256.0,26008.252416,,,,,,3964.198912,,0.012261365475263351,,3600.83456,1696164915.0,,231.0,14.2,3.347999999999999,973.070336,,138485.0,3.0,292,0.003161133286137571,,0.001053711092722794,,27086.184448,3704.168448,0.0025250999999570922,
,,109,,42.84131666269814,,,,,,,,,1472.0,,,,0.0031202539998957945,0.0007582970001749345,2.0,,57.0,,0.18673562400022092,,0.14331127500008733,,1696164915.0,,,,,,0.037006503000156954,,,293,,1.4194999948813347e-05,,2.059351921081543,,,,0.0001
,,110,,23.179859282190375,,,,,,,,,1480.0,,,,0.1713038800000959,0.0008270700000139186,2.0,,58.0,,0.34512720300017463,,0.1396025510000527,,1696164916.0,,,,,,0.030823973999986265,,,294,,2.9180000638007186e-06,,2.1243247985839844,,,0.002566809999962061,0.0001
22.875,1772.0,110,240724.0,,0.0030000000000001137,2.654208,14.000000000000002,100625.0,32.5,0.0,0.0,0.0,,71.82100000000037,8277.0,26008.252416,,,,,,4019.007488,,0.012249597928146722,,3600.83456,1696164916.0,,233.0,14.3,3.3599999999999994,973.070336,,139823.0,3.0,295,0.27548037840851386,,0.020049146611090942,,27038.855168,3704.168448,0.002546329000097103,
,,110,,43.608620545648904,,,,,,,,,1488.0,,,,0.002789081999935661,0.0007949440000629693,2.0,,59.0,,0.18344996699966032,,0.14192221399980554,,1696164916.0,,,,,,0.035394519999954355,,,296,,2.877999804695719e-06,,1.975258469581604,,,,0.0001
,,111,,22.45519178055495,,,,,,,,,1496.0,,,,0.1817919019999863,0.0008275939999293769,2.0,,60.0,,0.35626504899983047,,0.14005133499995281,,1696164917.0,,,,,,0.031113744999856863,,,297,,2.260999963255017e-06,,2.1340951919555664,,,0.002478212000141866,0.0001
22.875,1775.0,111,242171.0,,0.0030000000000001137,2.654208,14.000000000000002,101099.0,32.5,0.0,0.0,0.0,,71.82400000000007,8305.0,26008.252416,,,,,,3895.226368,,0.01224623617870201,,3600.83456,1696164917.0,,235.0,13.9,3.3760000000000048,973.094912,,140591.0,3.0,298,0.004050187486218346,,0.0029499397025199233,,27162.857472,3704.193024,0.0027351180001460307,
,,111,,45.347244598133194,,,,,,,,,1504.0,,,,0.002195463000134623,0.0007804330000453774,2.0,,61.0,,0.17641645200046696,,0.14127832100007254,,1696164917.0,,,,,,0.02942442500011566,,,299,,2.691999952730839e-06,,2.0909082889556885,,,,0.0001
,,112,,40.79842205983093,,,,,,,,,1512.0,,,,0.002792912999893815,0.0007708739999543468,2.0,,62.0,,0.19608601499999168,,0.15306979000001775,,1696164918.0,,,,,,0.03700432300001921,,,300,,3.169000137859257e-06,,1.9808112382888794,,,0.002444945999968695,0.0001
22.875,1778.0,112,243976.0,,0.0030000000000001137,2.654208,14.000000000000002,101951.0,32.5,0.0,0.0,0.0,,71.82600000000002,8343.0,26008.252416,,,,,,3865.976832,,0.012228375682945915,,3600.83456,1696164918.0,,239.0,13.8,3.39200000000001,976.535552,,141495.0,3.0,301,0.060632362761777886,,0.07527297661940806,,27207.274496,3707.63776,,
22.875,1830.0,113,244892.0,,0.0030000000000001137,2.654208,14.000000000000002,102351.0,32.5,0.0,0.0,0.0,,71.89800000000014,8343.0,26008.252416,,,,,,4076.425216,,0.3259412288014749,,3600.83456,1696164919.0,,239.0,14.5,3.412000000000006,976.535552,,141741.0,3.0,302,0.0,,0.0,,26997.026816,3707.65824,,
22.875,1831.0,114,246401.0,,0.0030000000000001137,2.654208,14.000000000000002,102957.0,32.5,0.0,0.0,0.0,,71.89900000000034,8346.0,26008.252416,,,,,,4101.935104,,0.004081285471884284,,3600.83456,1696164920.0,,239.0,14.6,3.4200000000000017,976.543744,,142878.0,3.0,303,0.0015783096165546038,,0.0,,26956.132352,3707.691008,0.0028568400000494876,
,,114,,3.467335273505285,,,,,,,,,1520.0,,,,2.0723398869999983,0.0010577670000202488,3.0,,0.0,,2.3072473150000405,,0.1870880970000144,,1696164920.0,,,,,,0.04390201100000013,,,304,,2.7129999580211006e-06,,2.0078115463256836,,,,0.0001
,,115,,45.03955432775953,,,,,,,,,1528.0,,,,0.00393879500006733,0.0007957379998515535,3.0,,1.0,,0.17762165099998128,,0.13949579000018275,,1696164921.0,,,,,,0.030901942999889798,,,305,,2.4769999527052278e-06,,1.9877697229385376,,,0.002486908000037147,0.0001
23.0,1834.0,115,248187.0,,0.0030000000000001137,2.654208,14.124999999999998,103594.0,31.874999999999996,0.0,0.0,0.0,,71.90200000000004,8369.0,26015.944704,,,,,,4079.013888,,0.012246658115225132,,3600.83456,1696164921.0,,241.0,14.5,3.432000000000002,973.094912,,143757.0,3.0,306,0.0031573415453598056,,0.0010524471791286706,,26978.9184,3704.242176,,
,,115,,25.79945970962659,,,,,,,,,1536.0,,,,0.13707012100007887,0.0007243519999065029,3.0,,2.0,,0.310084013000278,,0.13885200100003203,,1696164921.0,,,,,,0.030010472000185473,,,307,,3.136000032100128e-06,,1.9077825546264648,,,0.0034239310000430123,0.0001
,,116,,44.95595454395886,,,,,,,,,1544.0,,,,0.0021648120000463678,0.0008403780000207917,3.0,,3.0,,0.1779519550002533,,0.14125207500001125,,1696164922.0,,,,,,0.031113550000100076,,,308,,2.556000026743277e-06,,1.975049376487732,,,0.0025785840000480675,0.0001
23.0,1837.0,116,250170.0,,0.0030000000000001137,2.654208,14.124999999999998,104228.0,31.874999999999996,0.0,0.0,0.0,,71.904,8388.0,26008.252416,,,,,,4075.790336,,0.01224984249101391,,3600.83456,1696164922.0,,244.0,14.5,3.4480000000000075,973.094912,,144790.0,3.0,309,0.0015790812586143454,,0.0010527208400490122,,26974.72,3704.242176,,
,,116,,20.34910331523853,,,,,,,,,1552.0,,,,0.20881536599995343,0.0007553000000370957,3.0,,4.0,,0.3931377159999556,,0.1410988319998978,,1696164922.0,,,,,,0.039935818000003565,,,310,,2.3180000425782055e-06,,1.8604861497879028,,,0.002530082000021139,0.0001
,,117,,46.03433508851807,,,,,,,,,1560.0,,,,0.00266771300016444,0.0007357879999290162,3.0,,5.0,,0.17378332900034366,,0.14111192100017433,,1696164923.0,,,,,,0.026771087999804877,,,311,,2.181000127166044e-06,,1.9257088899612427,,,0.002494638000143823,0.0001
23.0,1840.0,117,252279.0,,0.0030000000000001137,2.654208,14.124999999999998,104961.0,31.874999999999996,0.0,0.0,0.0,,71.90700000000015,8418.0,26008.24832,,,,,,4073.086976,,0.012253564545221373,,3600.83456,1696164923.0,,246.0,14.5,3.460000000000008,973.094912,,146125.0,3.0,312,0.003159122109343227,,0.0010530407040827629,,26977.312768,3704.242176,,
,,117,,22.26111994280854,,,,,,,,,1568.0,,,,0.1842400989999078,0.0008115230000385054,3.0,,6.0,,0.3593709579999995,,0.14062478100004228,,1696164923.0,,,,,,0.031172732999948494,,,313,,2.249000090159825e-06,,1.8295063972473145,,,0.002519572999972297,0.0001
,,118,,43.35600847143745,,,,,,,,,1576.0,,,,0.0027651440000227012,0.0008016050001060648,3.0,,7.0,,0.18451883100055966,,0.141179903000193,,1696164924.0,,,,,,0.03725960000019768,,,314,,1.8980001641466515e-06,,1.7915771007537842,,,0.002510680999876058,0.0001
23.0,1851.0,118,254523.0,,0.0030000000000001137,2.654208,14.124999999999998,105758.0,31.874999999999996,0.0,0.0,0.0,,71.91800000000012,8441.0,26008.252416,,,,,,4069.126144,,0.06535212671682587,,3600.83456,1696164924.0,,248.0,14.5,3.480000000000004,976.543744,,147408.0,3.0,315,0.0031591115942206775,,0.0010530371990419098,,26981.4784,3707.691008,,
,,118,,21.305577846884166,,,,,,,,,1584.0,,,,0.19071471600000223,0.0008204029998069018,3.0,,8.0,,0.37548852500003704,,0.14114416600000368,,1696164924.0,,,,,,0.04036177200009661,,,316,,2.389999963270384e-06,,1.9961960315704346,,,0.002445078000164358,0.0001
,,119,,44.448640890035676,,,,,,,,,1592.0,,,,0.0029287329998624045,0.0009321949999048229,3.0,,9.0,,0.17998300599992945,,0.14185573100007787,,1696164925.0,,,,,,0.031807030999971175,,,317,,2.291000100740348e-06,,2.19976544380188,,,0.002457025000012436,0.0001
23.0,1854.0,119,256839.0,,0.0030000000000001137,2.654208,14.124999999999998,106570.0,31.874999999999996,0.0,0.0,0.0,,71.92100000000028,8463.0,26008.252416,,,,,,4063.744,,0.012253809266502578,,3600.83456,1696164925.0,,249.0,14.5,3.4960000000000093,973.094912,,148786.0,3.0,318,0.0038771818382647596,,0.0017710583679062507,,26986.651648,3704.242176,,
,,119,,21.79548752436412,,,,,,,,,1600.0,,,,0.19090625300009378,0.0008258650000243506,3.0,,10.0,,0.367048454000269,,0.14088901200011605,,1696164925.0,,,,,,0.031947546000083094,,,319,,1.9920000795536907e-06,,2.1869192123413086,,,0.0024777859998721397,0.0001
,,120,,42.626677614202954,,,,,,,,,1608.0,,,,0.017376008999917758,0.0007896140000411833,3.0,,11.0,,0.1876758979999522,,0.1397594800000661,,1696164926.0,,,,,,0.027209828999957608,,,320,,2.9739999263256323e-06,,1.9258462190628052,,,0.002537992000043232,0.0001
23.25,1860.0,120,259236.0,,0.0030000000000001137,2.654208,14.249999999999998,107445.0,32.375,0.0,0.0,0.0,,71.92600000000039,8489.0,26008.24832,,,,,,4055.117824,,0.08168538091144818,,3600.83456,1696164926.0,,253.0,14.5,3.5080000000000098,973.094912,,150181.0,3.0,321,0.2509910961895454,,0.016775816023142324,,26995.277824,3704.242176,,
,,121,,19.46205815444954,,,,,,,,,1616.0,,,,0.23821671800010336,0.0007700429998749314,3.0,,12.0,,0.4110562169998957,,0.13950883600000452,,1696164927.0,,,,,,0.03009007700006805,,,322,,2.362999794058851e-06,,2.158370018005371,,,0.002468180000050779,0.0001
23.25,1862.0,121,261478.0,,0.0030000000000001137,2.654208,14.249999999999998,108185.0,32.375,0.0,0.0,0.0,,71.92800000000034,8506.0,26008.252416,,0.0008036319998154795,,,,4047.900672,,0.008168973111171712,0.14093790199990508,3600.83456,1696164927.0,,253.0,14.4,3.5200000000000102,973.094912,0.036658536999993885,151464.0,3.0,323,0.0031590950705980975,2.2029998945072293e-06,0.0010530316875399584,,27002.589184,3704.242176,0.0024704039999505767,
,,121,,43.57542079597975,,,,,,,,,1624.0,,,,0.0027170579999165057,,3.0,,13.0,,0.18358973599947603,,,,1696164927.0,,,,,,,,,324,,,,2.00295352935791,,,,0.0001
,,122,,20.010234584646422,,,,,,,,,1632.0,,,,0.21951927600002819,0.0007348520000505232,3.0,,14.0,,0.3997954130002199,,0.14038282799992885,,1696164928.0,,,,,,0.03654059700011203,,,325,,2.4000000848900527e-06,,1.9133493900299072,,,0.002615460000015446,0.0001
23.25,1865.0,122,263751.0,,0.0030000000000001137,2.654208,14.249999999999998,109070.0,32.375,0.0,0.0,0.0,,71.93100000000004,8524.0,26008.252416,,0.0008077630000116187,,,,4041.87136,,0.012255473049454112,0.1419727340000918,3600.83456,1696164928.0,,256.0,14.4,3.5360000000000014,973.094912,0.03617624100002104,152827.0,3.0,326,0.020553449590478164,2.370999936829321e-06,0.05356184282041516,,27008.749568,3704.242176,0.0024946999999428954,
,,122,,43.396855444359616,,,,,,,,,1640.0,,,,0.002891344999852663,,3.0,,15.0,,0.18434515399985685,,,,1696164928.0,,,,,,,,,327,,,,1.869191288948059,,,,0.0001
,,123,,21.525261867034523,,,,,,,,,1648.0,,,,0.18984944500016354,0.000771722000081354,3.0,,16.0,,0.37165633800032083,,0.14141059200005657,,1696164929.0,,,,,,0.037054354000019885,,,328,,3.606000063882675e-06,,1.8067156076431274,,,0.0025666189999355993,0.0001
23.25,1871.0,123,265859.0,,0.0030000000000001137,2.654208,14.249999999999998,109794.0,32.375,0.0,0.0,0.0,,71.93600000000015,8544.0,26008.252416,,0.0007805180000559631,,,,4039.389184,,0.024509209356357156,0.14254954200009706,3600.83456,1696164929.0,,257.0,14.4,3.5520000000000067,973.094912,0.03175536200001261,154132.0,3.0,329,0.003159390268621259,3.091000053245807e-06,0.0005265650452544279,,27011.096576,3704.242176,0.0024951999998847896,
,,123,,44.32484665072101,,,,,,,,,1656.0,,,,0.0029019649998645036,,3.0,,17.0,,0.18048567799996817,,,,1696164929.0,,,,,,,,,330,,,,2.2924532890319824,,,,0.0001
,,124,,22.529818517553977,,,,,,,,,1664.0,,,,0.18476521899992804,0.0007448629999089462,3.0,,18.0,,0.35508497299997543,,0.1406011229998967,,1696164930.0,,,,,,0.026496666000184632,,,331,,2.2489998627861496e-06,,2.0762903690338135,,,0.0024748530001943436,0.0001
23.25,1874.0,124,268149.0,,0.0030000000000001137,2.654208,14.249999999999998,110648.0,32.375,0.0,0.0,0.0,,71.9390000000003,8569.0,26008.252416,,0.0007792740000240883,,,,4035.452928,,0.012253914150044,0.1429163160000826,3600.83456,1696164930.0,,261.0,14.4,3.568000000000012,973.094912,0.029041151000001264,155450.0,3.0,332,0.004052726815281993,2.6249999791616574e-06,0.003007633875451031,,27014.946816,3704.242176,0.0024923139999373234,
,,124,,44.930450386713694,,,,,,,,,1672.0,,,,0.0028212869999606482,,3.0,,19.0,,0.17805296699998507,,,,1696164930.0,,,,,,,,,333,,,,2.055619239807129,,,,0.0001
,,125,,20.771789496198675,,,,,,,,,1680.0,,,,0.2038180189999821,0.0007780920000186597,3.0,,20.0,,0.38513773699969533,,0.14002567800002907,,1696164931.0,,,,,,0.03803202299991426,,,334,,3.0839998998999363e-06,,1.9349446296691895,,,0.0024808409998513525,0.0001
23.25,1881.0,125,270407.0,,0.0030000000000001137,2.654208,14.249999999999998,111456.0,31.75,0.0,0.0,0.0,,71.94600000000037,8589.0,26008.252416,,0.0007624669999586331,,,,4033.37216,,0.1307389422156752,0.14189160600017203,3600.83456,1696164931.0,,262.0,14.4,3.5919999999999987,973.094912,0.032063126999901215,156762.0,3.0,335,0.004516494219597822,2.5100000584643567e-06,0.01120345916032787,,27017.015296,3704.242176,0.0025176859999191947,
,,125,,44.45546050756601,,,,,,,,,1688.0,,,,0.00271799999995892,,3.0,,21.0,,0.17995539599996846,,,,1696164931.0,,,,,,,,,336,,,,2.17018723487854,,,,0.0001
,,126,,21.870021742329516,,,,,,,,,1696.0,,,,0.18612886400001116,0.0008523139999851992,3.0,,22.0,,0.3657975329999772,,0.13985698300007243,,1696164932.0,,,,,,0.03640861400003814,,,337,,4.880999995293678e-06,,2.145113945007324,,,0.002545876999874963,0.0001
23.25,1884.0,126,272478.0,,0.0030000000000001137,2.654208,14.249999999999998,112207.0,31.75,0.0,0.0,0.0,,71.94900000000007,8611.0,26008.252416,,0.0008716239999557729,,,,4029.476864,,0.012253917063501334,0.14269922199991925,3600.83456,1696164932.0,,264.0,14.4,3.612000000000009,973.094912,0.03724735299988424,158026.0,3.0,338,0.0044835295506181145,3.5969999316876056e-06,0.006956650833558228,,27021.2096,3704.242176,0.0025476480000179436,
,,126,,42.9639312427327,,,,,,,,,1704.0,,,,0.002833256000030815,,3.0,,23.0,,0.1862026999997397,,,,1696164932.0,,,,,,,,,339,,,,1.7824455499649048,,,,0.0001
,,127,,23.922608614812294,,,,,,,,,1712.0,,,,0.16337601299983362,0.0008246859999871958,3.0,,24.0,,0.33441169099955914,,0.140681437000012,,1696164933.0,,,,,,0.027038574999778575,,,340,,2.6019999950221973e-06,,2.0953004360198975,,,0.002488377999952718,0.0001
23.25,1887.0,127,274606.0,,0.0030000000000001137,2.654208,14.249999999999998,112884.0,31.75,0.0,0.0,0.0,,71.95200000000023,8636.0,26008.252416,,0.0007940680000046996,,,,4026.687488,,0.012253611158045139,0.14205967699990651,3600.83456,1696164933.0,,264.0,14.4,3.628,973.094912,0.03273622999995496,159334.0,3.0,341,0.003621835589708593,2.6019999950221973e-06,0.0019146267422541817,,27023.704064,3704.242176,0.002747001999978238,
,,127,,44.113754506577685,,,,,,,,,1720.0,,,,0.0030097549999936746,,3.0,,25.0,,0.1813493339998331,,,,1696164933.0,,,,,,,,,342,,,,2.071336507797241,,,,0.0001
23.25,1891.0,128,276220.0,,0.0030000000000001137,2.654208,14.249999999999998,113748.0,31.75,0.0,0.0,0.0,,71.95500000000038,8646.0,25491.922944,,,,,,3814.572032,,0.01633703734186074,,3576.455168,1696164934.0,,265.0,13.6,3.6400000000000006,968.900608,,160435.0,3.0,343,0.07757699617318727,,0.21986397619967943,,27250.958336,3681.97632,,
23.25,1892.0,129,276410.0,,0.0030000000000001137,2.654208,14.249999999999998,113858.0,31.75,0.0,0.0,0.0,,71.95600000000013,8649.0,25483.53024,,,,,,3814.572032,,0.0040842583654001645,,3568.06656,1696164935.0,,266.0,13.6,3.6440000000000055,968.900608,,160729.0,3.0,344,0.0,,0.0005264864303257984,,27250.958336,3681.97632,,
22.875,1893.0,130,276584.0,,0.0030000000000001137,2.654208,14.249999999999998,114008.0,29.25,0.0,0.0,0.0,,71.95700000000033,8650.0,25475.137536,,,,,,3812.37248,,0.0040845467643513276,,3559.677952,1696164936.0,,266.0,13.6,3.6480000000000103,968.900608,,160952.0,3.0,345,0.2584672472650791,,0.018045399960082753,,27253.157888,3681.951744,,
22.875,1902.0,131,277751.0,,0.0030000000000001137,2.654208,14.249999999999998,114780.0,29.25,0.0,0.0,0.0,,71.96500000000015,8672.0,25441.56672,,,,,,3814.899712,,0.06535629101752514,,3526.12352,1696164937.0,,266.0,13.6,3.6680000000000064,968.900608,,162290.0,3.0,346,0.3894252047295212,,0.5041178365218365,,27250.62656,3679.82592,,
