memory/total_memory_sys_MB,cpu/logical_core_count,01_general/dataset_iteration_count,process/memory/shared_memory_proc_MB,cpu/load/avg_sys_load_one_min_percent,process/involuntary_proc_ctx_switches,cpu/load/avg_sys_load_five_min_percent,cpu/interrupts/soft_interrupts_count,02_timing/backward_time_s,disk/time/disk_busy_time_sys_s,01_general/step,process/memory/lib_memory_proc_MB,cpu/load/avg_sys_load_fifteen_min_percent,02_timing/dataload_time_s,memory/used_memory_sys_percent,memory/available_memory_sys_MB,process/voluntary_proc_ctx_switches,cpu/interrupts/ctx_switches_count,02_timing/dataload_cuda_move_time_s,memory/used_memory_sys_MB,01_general/lr,process/memory/text_resident_set_proc_MB,01_general/step_based_sps,process/memory/virtual_memory_size_proc_MB,disk/time/disk_read_time_sys_s,02_timing/loss_calc_time_s,bandwidth/net_recv_sys_bandwidth_Mbits,_runtime,02_timing/forward_time_s,_step,disk/time/disk_write_time_sys_s,cpu/interrupts/interrupts_count,01_general/minibatch_loss,02_timing/opt_step_time_s,process/memory/dirty_pages_proc_count,disk/counter/disk_write_sys_count,_timestamp,bandwidth/net_sent_sys_bandwidth_Mbits,02_timing/step_time_s,01_general/locally_processed_samples,bandwidth/disk_read_sys_bandwidth_MBs,process/memory/data_resident_set_proc_MB,disk/counter/disk_read_sys_count,process/memory/resident_set_size_proc_MB,bandwidth/disk_write_sys_bandwidth_MBs
31557.169152,8.0,,,,,,,,,,,,,,,,,,,,,,,,,,0,,0,,,,,,,1696189957.0,,,,,,,,
,,,243.519488,4.125,28.0,4.375,14.0,,0.0,,1110.40512,8.875,,4.8,30041.37472,102.0,27.0,,1054.519296,,2.654208,,9347.117056,0.0,,0.40646986691641646,0,,1,0.0,28.0,,,0.0,0.0,1696189957.0,0.48225238511430424,,,0.0,0.0,0.0,552.718336,0.0
,,,248.832,4.125,29.0,4.375,722.0,,0.008000000000009777,,2224.164864,8.875,,8.3,28932.038656,118.0,574.0,,2163.859456,,2.654208,,10945.073152,0.0,,0.3291629731028577,1,,2,0.0019999999999527063,869.0,,,0.0,3.0,1696189958.0,0.2829408683252269,,,0.0,0.0,0.0,1666.719744,0.012253564545221373
,,,249.094144,4.125,31.0,4.375,889.0,,0.012000000000000455,,2763.145216,8.875,,10.0,28393.148416,122.0,801.0,,2702.7456,,2.654208,,11484.045312,0.0,,0.043764784055892784,2,,3,0.003000000000156433,1305.0,,,0.0,4.0,1696189959.0,0.051807610361181484,,,0.0,0.0,0.0,2203.676672,0.004085245110961469
,,,249.094144,4.125,33.0,4.375,1098.0,,0.016000000000019554,,3235.835904,8.875,,11.5,27912.68352,122.0,992.0,,3183.2064,,2.654208,,11956.731904,0.0,,0.01848841142814306,3,,4,0.003000000000156433,1755.0,,,0.0,5.0,1696189960.0,0.005912780696403251,,,0.0,0.0,0.0,2683.875328,0.004085484097589112
,,,411.394048,4.125,35.0,4.375,1313.0,,0.020000000000010232,,2551.76704,8.875,,9.6,28538.73664,134.0,1271.0,,2544.570368,,2.654208,,11914.264576,0.0,,0.007397303505333355,4,,5,0.00400000000036016,2616.0,,,0.0,6.0,1696189961.0,0.0035031458807946465,,,0.0,0.0,0.0,2127.310848,0.004085673561329297
,,,527.52384,4.75,37.0,4.5,1507.0,,0.02800000000002001,,3045.216256,8.875,,11.1,28041.252864,138.0,1496.0,,3042.050048,,2.654208,,13246.574592,0.0,,0.007037760871061013,5,,6,0.007000000000061846,3073.0,,,0.0,9.0,1696189962.0,0.052360302508114485,,,0.0,0.0,0.0,2736.709632,0.1348186027676741
,,,528.089088,4.75,40.0,4.5,1994.0,,0.03200000000001069,,2638.577664,8.875,,10.6,28201.025536,152.0,2213.0,,2882.23232,,2.654208,,14047.690752,0.0,,0.0,6,,7,0.007000000000061846,4289.0,,,0.0,10.0,1696189963.0,0.0,,,0.0,0.0,0.0,2313.736192,0.004081300015316151
,,,615.632896,4.75,43.0,4.5,2541.0,,0.040000000000020464,,2786.463744,8.875,,12.0,27766.444032,158.0,3108.0,0.0013486779998856946,3300.478976,,2.654208,,14324.883456,0.0,,0.007676530105684704,7,,8,0.009000000000014552,5610.0,,,0.0,12.0,1696189964.0,0.04045523400888473,,,0.0,0.0,0.0,2549.682176,0.008162790073535214
,,,861.077504,4.75,44.0,4.5,2675.0,,0.04400000000001114,,3390.349312,8.875,,14.2,27067.301888,158.0,3336.0,,3999.420416,,2.654208,,15564.238848,0.0,,0.0,8,,9,0.009000000000014552,6263.0,,,0.0,13.0,1696189965.0,0.0,,,0.0,0.0,0.0,3392.421888,0.0040847730434244575
,,0.0,,,,,,0.4446948379991227,,0.0,,,1.1698819310004183,,,,,,,0.0001,,0.8233679448227806,,,0.0002614720006022253,,9,2.0273823199995604,10,,,2.174150228500366,2.2879994503455237e-06,,,1696189966.0,,3.6435715269990396,3.0,,,,,
,,,968.433664,4.75,46.0,4.5,2981.0,,0.05200000000002092,,3594.539008,8.875,,14.9,26855.272448,175.0,3697.0,0.0009921800001393422,4214.140928,,2.654208,,27675.480064,0.0,0.0009666799996921327,0.008352128277457987,9,0.1656736129998535,11,0.010999999999967258,7045.0,,,0.0,15.0,1696189966.0,0.042662064900611245,,,0.0,0.0,0.0,3695.77984,0.008168652669097326
,,0.0,,,,,,0.052266896000219276,,1.0,,,0.0013919570001235115,,,,,,,0.0001,,13.556683122142692,,,,,10,,12,,,2.5438857078552246,1.7419997675460763e-06,,,1696189967.0,,0.2212930679997953,6.0,,,,,
,,0.0,,,,,,0.062115640999763855,,2.0,,,0.0020961119998901268,,,,,0.0010519220004425733,,0.0001,,13.04492460272936,,,0.0011193249993084464,,10,0.16358974000013404,13,,,2.7422070503234863,1.759000042511616e-06,,,1696189967.0,,0.22997449899958156,9.0,,,,,
,,,968.564736,6.375,46.0,4.875,3770.0,,0.07200000000000273,,3594.539008,9.0,,14.9,26842.841088,193.0,4467.0,0.0010798670000440325,4226.760704,,2.654208,,28178.796544,0.0,0.0012168570001449552,0.0730868601471375,10,0.16534616299941263,14,0.014000000000123691,8583.0,,,0.0,20.0,1696189967.0,0.05871840309617443,,,0.0,0.0,0.0,3695.910912,0.07761041105295785
,,0.0,,,,,,0.06702617799965083,,3.0,,,0.0009834120000959956,,,,,,,0.0001,,12.730474148342115,,,,,11,,15,,,2.0890746116638184,2.5320005079265684e-06,,,1696189968.0,,0.23565500899985636,12.0,,,,,
,,0.0,,,,,,0.06291443999998592,,4.0,,,0.0014762159999008873,,,,,0.0009978859998227563,,0.0001,,13.103817294483834,,,0.0010681079993446474,,11,0.16248275300040405,16,,,1.9639681577682495,1.51799940795172e-06,,,1696189968.0,,0.2289409209988662,15.0,,,,,
,,,968.564736,6.375,48.0,4.875,4319.0,0.06380333400011295,0.08400000000000318,,3594.539008,9.0,,15.0,26836.287488,216.0,5022.0,0.0011014159999831463,4233.121792,,2.654208,,28178.796544,0.0,0.0012231110003995127,0.010491591720064931,11,0.1682866709998052,17,0.016000000000076398,9982.0,,1.9780000002356246e-06,0.0,23.0,1696189968.0,0.06871793111141782,,,0.0,0.0,0.0,3695.935488,0.012254817388176248
,,0.0,,,,,,,,5.0,,,0.0014302630006568506,,,,,,,0.0001,,12.720123162286454,,,,,12,,18,,,1.8970965147018433,,,,1696189969.0,,0.2358467730009579,18.0,,,,,
,,0.0,,,,,,0.06412816900046892,,6.0,,,0.0015095439994183835,,,,,0.0011277600005996646,,0.0001,,12.770820194750783,,,0.0011459659999673022,,12,0.16699753400007467,19,,,2.254643201828003,1.5459991118405014e-06,,,1696189969.0,,0.23491051899964077,21.0,,,,,
,,,968.564736,6.375,49.0,4.875,4817.0,0.07403091300056985,0.09600000000000364,,3594.539008,9.0,,15.0,26831.425536,235.0,5511.0,0.0011512080000102287,4238.17216,,2.654208,,28178.796544,0.0,0.001263471000129357,0.0,12,0.16419657000005827,20,0.018000000000029104,11304.0,,1.749999682942871e-06,0.0,26.0,1696189969.0,0.0,,,0.0,0.0,0.0,3695.935488,0.012253130480327968
,,0.0,,,,,,,,7.0,,,0.0016496439993716194,,,,,,,0.0001,,12.381674731796005,,,,,13,,21,,,2.0945701599121094,,,,1696189970.0,,0.24229355599982227,24.0,,,,,
,,0.0,,,,,,0.06529166599921155,,8.0,,,0.0015282819995263708,,,,,0.0011096600001110346,,0.0001,,12.68083585233351,,,0.0012216489994898438,,13,0.1674243560000832,22,,,2.047053575515747,1.851999513746705e-06,,,1696189970.0,,0.23657746499793575,27.0,,,,,
,,,968.564736,6.375,50.0,4.875,5359.0,0.058028751999700035,0.10800000000000409,,3594.539008,9.0,,15.0,26825.936896,254.0,6020.0,0.001097606000257656,4243.468288,,2.654208,,28178.796544,0.0,0.0011532930002431385,0.011176832894739286,13,0.16449133300011454,23,0.01999999999998181,12699.0,,1.7250004020752385e-06,0.0,29.0,1696189970.0,0.07294857969479056,,,0.0,0.0,0.0,3695.935488,0.012253829660383906
,,0.0,,,,,,,,9.0,,,0.0014392210005098605,,,,,,,0.0001,,13.261900024387412,,,,,14,,24,,,2.1768674850463867,,,,1696189971.0,,0.2262119300012273,30.0,,,,,
,,0.0,,,,,,0.059669550999387866,,10.0,,,0.0017127119999713614,,,,,0.0010838830003194744,,0.0001,,13.08569224896173,,,0.0011606999996729428,,14,0.16562944399993285,25,,,2.205570936203003,1.737999809847679e-06,,,1696189971.0,,0.22925802799909434,33.0,,,,,
,,,968.564736,6.375,51.0,4.875,5791.0,0.06787002500004746,0.12400000000002365,,3594.539008,9.0,,15.0,26837.049344,273.0,6488.0,0.0011038950005968218,4229.85728,,2.654208,,28178.796544,0.0,0.001202148000629677,0.0,14,0.16619031299978815,26,0.021999999999934516,14004.0,,2.0990000848541968e-06,0.0,32.0,1696189971.0,0.0,,,0.0,0.0,0.0,3695.935488,0.012252140111818795
,,0.0,,,,,,,,11.0,,,0.001470402999984799,,,,,,,0.0001,,12.613580934054944,,,,,15,,27,,,1.9309252500534058,,,,1696189972.0,,0.23783888300113176,36.0,,,,,
,,0.0,,,,,,0.07262683599947195,,12.0,,,0.001621031000468065,,,,,0.0011273580003035022,,0.0001,,12.203709840669681,,,0.0012003350002487423,,15,0.16924956800085056,28,,,1.7240192890167236,1.759000042511616e-06,,,1696189972.0,,0.24582688700138533,39.0,,,,,
,,,968.564736,6.875000000000001,53.0,5.0,6308.0,0.05597596799998428,0.14400000000000546,,3594.539008,9.0,,15.0,26833.46944,293.0,7003.0,0.0011248929995417711,4233.224192,,2.654208,,28178.796544,0.0,0.001289017000090098,0.004211850389110289,15,0.16658811700017395,29,0.026000000000294676,15249.0,,1.8450000425218605e-06,0.0,38.0,1696189972.0,0.0715934795647682,,,0.0,0.0,0.0,3695.935488,0.08168437110810614
,,0.0,,,,,,,,13.0,,,0.0015229290002025664,,,,,,,0.0001,,13.244871191837545,,,,,16,,30,,,2.5731167793273926,,,,1696189973.0,,0.2265027690000352,42.0,,,,,
,,0.0,,,,,,0.05579545099953975,,14.0,,,0.001448751000680204,,,,,0.0011067590003221994,,0.0001,,13.244161278370562,,,0.0011825359997601481,,16,0.16698002900011488,31,,,2.6079676151275635,1.3839999155607074e-06,,,1696189973.0,,0.22651491000033275,45.0,,,,,
,,,968.564736,6.875000000000001,55.0,5.0,6837.0,0.05639232300018193,0.1640000000000157,,3594.539008,9.0,,15.0,26828.791808,312.0,7505.0,0.0010920739996436168,4237.930496,,2.654208,,28178.796544,0.0,0.0011607510004978394,0.059873075956730096,16,0.16530568599955586,32,0.028999999999996362,16679.0,,1.6590001905569807e-06,0.0,42.0,1696189973.0,0.017915657949435365,,,0.0,0.0,0.0,3695.935488,0.02042034031546648
,,0.0,,,,,,,,15.0,,,0.0015277689999493305,,,,,,,0.0001,,13.304933981315603,,,,,16,,33,,,2.583911657333374,,,,1696189973.0,,0.22548026200001914,48.0,,,,,
,,0.0,,,,,,0.06677027800014912,,16.0,,,0.0016149329994732398,,,,,0.001128286000493972,,0.0001,,12.609188638585318,,,0.001254030999916722,,17,0.16715116300019872,34,,,2.01057505607605,3.0409992177737877e-06,,,1696189974.0,,0.23792173199944955,51.0,,,,,
,,,968.564736,6.875000000000001,59.0,5.0,7380.0,0.058341185999779555,0.1839999999999975,,3594.539008,9.0,,15.0,26823.213056,334.0,8011.0,0.0011402010004530894,4243.509248,,2.654208,,28178.796544,0.0,0.001300217999414599,0.009541463740699899,17,0.16540514400003303,35,0.03099999999994907,18019.0,,1.4300003385869786e-06,0.0,45.0,1696189974.0,0.058557143641284344,,,0.0,0.0,0.0,3695.935488,0.012253919976960055
,,0.0,,,,,,,,17.0,,,0.0015167349993134849,,,,,,,0.0001,,13.174946237694266,,,,,17,,36,,,1.9764775037765503,,,,1696189974.0,,0.22770491399933235,54.0,,,,,
,,0.0,,,,,,0.05605647399988811,,18.0,,,0.0014856460002192762,,,,,0.0010190160001002369,,0.0001,,13.22151906411666,,,0.001289008000640024,,18,0.16705074399942532,37,,,2.092965602874756,1.9350000002305023e-06,,,1696189975.0,,0.2269028230002732,57.0,,,,,
,,,968.564736,6.875000000000001,61.0,5.0,7829.0,0.05585500400047749,0.20000000000001705,,3594.539008,9.0,,15.0,26818.31424,356.0,8496.0,0.0010316529996998725,4248.408064,,2.654208,,28178.796544,0.0,0.001262346000657999,0.0,18,0.16724186400006147,38,0.0340000000001055,19219.0,,1.5969999367371202e-06,0.0,49.0,1696189975.0,0.0,,,0.0,0.0,0.0,3695.935488,0.016343833090419774
,,0.0,,,,,,,,19.0,,,0.0015026560004116618,,,,,,,0.0001,,13.221967929427198,,,,,18,,39,,,2.366741895675659,,,,1696189975.0,,0.22689512000124523,60.0,,,,,
,,0.0,,,,,,0.06934434000049805,,20.0,,,0.001363320000564272,,,,,0.0010990289993060287,,0.0001,,12.41835444207781,,,0.0012418229998729657,,19,0.16852735100019345,40,,,1.9053585529327393,2.0380002752062865e-06,,,1696189976.0,,0.24157790100070997,63.0,,,,,
,,0.0,,,,,,0.058242248999704316,,21.0,,,0.0017908130002979306,,,,,0.0010735900004874566,,0.0001,,13.117577115636598,,,0.0012275259996386012,,19,0.16636483799993584,41,,,2.3513240814208984,1.7550000848132186e-06,,,1696189976.0,,0.22870077100014896,66.0,,,,,
,,,968.564736,6.875000000000001,65.0,5.0,8359.0,,0.22400000000001796,,3594.571776,9.0,,15.0,26815.67232,389.0,9112.0,0.0011157540002386668,4253.741056,,2.654208,,28178.796544,0.0,,0.026574076624726044,19,,42,0.037000000000261934,20599.0,,,0.0,53.0,1696189976.0,0.08883539214195524,,,0.0,0.0,0.0,3695.935488,0.016328745568305283
,,0.0,,,,,,0.05523092900057236,,22.0,,,0.0015372810003100312,,,,,,,0.0001,,13.12760968675931,,,0.0013110619993312866,,20,0.16932922399973904,43,,,2.2479124069213867,1.7399997886968777e-06,,,1696189977.0,,0.22852598999998008,69.0,,,,,
,,0.0,,,,,,0.07117488400035654,,23.0,,,0.0016176720000657951,,,,,0.0011429260002842057,,0.0001,,12.431230639204378,,,0.0012506470002335845,,20,0.1661395139999513,44,,,2.150500774383545,2.0330007828306407e-06,,,1696189977.0,,0.24132767600167426,72.0,,,,,
,,,968.564736,8.25,66.0,5.25,8952.0,,0.2560000000000002,,3594.571776,9.125,,15.0,26811.838464,426.0,9765.0,0.0011623400005191797,4257.763328,,2.654208,,28178.796544,0.0,,0.038257468201764615,20,,45,0.07600000000002183,22065.0,,,0.0,88.0,1696189977.0,0.009596274860071844,,,0.0,0.0,0.0,3695.935488,0.2409678063334402
,,0.0,,,,,,0.06665145000079065,,24.0,,,0.001450075000320794,,,,,,,0.0001,,12.579586167054806,,,0.0011874820002049091,,21,0.1680286229993726,46,,,2.1263558864593506,1.6429994502686895e-06,,,1696189978.0,,0.2384816130006584,75.0,,,,,
,,0.0,,,,,,0.05060479900021164,,25.0,,,0.0018866050004362478,,,,,0.0010992889992849086,,0.0001,,13.430729942504346,,,0.001254919000530208,,21,0.1685207160007849,47,,,3.269477128982544,2.0229999790899456e-06,,,1696189978.0,,0.22336835100122698,78.0,,,,,
,,,968.564736,8.25,67.0,5.25,9482.0,,0.2680000000000007,,3594.571776,9.125,,15.1,26803.736576,445.0,10255.0,0.0011530850006238325,4265.668608,,2.654208,,28178.796544,0.0,,0.010982854820380925,21,,48,0.07799999999997453,23479.0,,,0.0,91.0,1696189978.0,0.07654499468051597,,,0.0,0.0,0.0,3695.935488,0.01225102759463354
,,0.0,,,,,,0.05161238900018361,,26.0,,,0.0014968410005167243,,,,,,,0.0001,,13.418056312395777,,,0.0011776910005210084,,22,0.1681376040005489,49,,,3.5494039058685303,1.716999577183742e-06,,,1696189979.0,,0.22357932700197125,81.0,,,,,
,,0.0,,,,,,0.06529466900065017,,27.0,,,0.0016273749997708364,,,,,0.001143907999903604,,0.0001,,12.686563099474013,,,0.0012553889991977485,,22,0.1671472839998387,50,,,2.1791868209838867,2.038999809883535e-06,,,1696189979.0,,0.23647066399917094,84.0,,,,,
,,,968.564736,8.25,69.0,5.25,9978.0,,0.28000000000000114,,3594.571776,9.125,,15.1,26797.334528,465.0,10722.0,0.0011149609999847598,4272.074752,,2.654208,,28178.796544,0.0,,0.0,22,,51,0.07999999999992724,24636.0,,,0.0,94.0,1696189979.0,0.0,,,0.0,0.0,0.0,3695.935488,0.01225008124037526
,,0.0,,,,,,0.05370781400051783,,28.0,,,0.0015478100003747386,,,,,,,0.0001,,13.158437464600562,,,0.0012495179998950334,,23,0.17036854900015896,52,,,2.378486156463623,1.9440003597992472e-06,,,1696189980.0,,0.22799059600129112,87.0,,,,,
,,0.0,,,,,,0.05210030799935339,,29.0,,,0.0016428939998149872,,,,,0.0010920739996436168,,0.0001,,13.407119744659296,,,0.0013396489994192962,,23,0.1675847509995947,53,,,2.851060152053833,2.031000803981442e-06,,,1696189980.0,,0.22376170699862996,90.0,,,,,
,,,968.564736,8.25,71.0,5.25,10518.0,,0.2920000000000016,,3594.571776,9.125,,15.1,26789.421056,485.0,11287.0,0.001079431999642111,4279.99232,,2.654208,,28178.796544,0.0,,0.010917856201234602,23,,54,0.0820000000003347,26033.0,,,0.0,97.0,1696189980.0,0.07313129384473106,,,0.0,0.0,0.0,3695.935488,0.01224969109380181
,,0.0,,,,,,0.058100577000004705,,30.0,,,0.001723304999359243,,,,,,,0.0001,,13.086485516275523,,,0.0012208409998493153,,24,0.1671180719995391,55,,,1.955939769744873,1.903999873320572e-06,,,1696189981.0,,0.2292441309982678,93.0,,,,,
,,0.0,,,,,,0.055471846000727965,,31.0,,,0.0015354400002252078,,,,,0.0011278940000920556,,0.0001,,13.210585679256347,,,0.0012178369997855043,,24,0.16773583999929542,56,,,2.510053873062134,1.7560005289851688e-06,,,1696189981.0,,0.22709061300065514,96.0,,,,,
,,,968.564736,8.25,72.0,5.25,10981.0,,0.30400000000000205,,3594.571776,9.125,,15.1,26780.971008,510.0,11852.0,0.0010961469997710083,4288.638976,,2.654208,,28178.796544,0.0,0.001200932999381621,0.0,24,0.16871299300055398,57,0.0840000000002874,27485.0,,,0.0,100.0,1696189981.0,0.0,,,0.0,0.0,0.0,3695.935488,0.01224665520521851
,,0.0,,,,,,0.06085790500037547,,32.0,,,0.001779145000000426,,,,,,,0.0001,,12.839748739483394,,,,,25,,58,,,2.2666516304016113,2.3089996830094606e-06,,,1696189982.0,,0.2336494319997655,99.0,,,,,
,,0.0,,,,,,0.0627127930001734,,33.0,,,0.0016257999996014405,,,,,0.001097876000130782,,0.0001,,12.815860389339786,,,0.0014227520005078986,,25,0.16722388000016508,59,,,2.4616308212280273,1.845999577199109e-06,,,1696189982.0,,0.2340849470001558,102.0,,,,,
,,,968.564736,10.625,75.0,5.875,12551.0,,0.3240000000000123,,3594.571776,9.25,,15.3,26729.775104,532.0,12754.0,0.0012572579998959554,4339.625984,,2.654208,,28178.796544,0.0,0.0012655410000661504,0.009858963531873781,25,0.16752407799958746,60,0.08699999999998909,29585.0,,,0.0,105.0,1696189982.0,0.0730089750755655,,,0.0,0.0,0.0,3695.935488,0.0612595792235672
,,0.0,,,,,,0.05599471899950004,,34.0,,,0.0017481899994891137,,,,,,,0.0001,,13.169911067805394,,,,,26,,61,,,2.767732620239258,2.1849991753697395e-06,,,1696189983.0,,0.2277919709977141,105.0,,,,,
,,0.0,,,,,,0.05961574600041786,,35.0,,,0.0020110639998165425,,,,,0.0011138059999211691,,0.0001,,12.900767835640867,,,0.0014566630006811465,,26,0.16834485399976984,62,,,2.432921886444092,2.164999386877753e-06,,,1696189983.0,,0.23254429799999343,108.0,,,,,
,,,968.564736,10.625,80.0,5.875,14350.0,0.05526242599989928,0.3440000000000225,,3594.571776,9.25,,15.2,26761.244672,556.0,14522.0,0.0011673440003505675,4308.365312,,2.654208,,28178.796544,0.0,0.0012067099996784236,0.0657630362266672,26,0.16869269299968437,63,0.09200000000009823,32183.0,,2.5200006348313764e-06,0.0,112.0,1696189983.0,0.020798358289387288,,,0.0,0.0,0.0,3695.935488,0.10215617279072296
,,0.0,,,,,,,,36.0,,,0.0016242559995589545,,,,,,,0.0001,,13.1604374141714,,,,,27,,64,,,2.252122640609741,,,,1696189984.0,,0.22795594899980642,111.0,,,,,
,,0.0,,,,,,0.06857636099994124,,37.0,,,0.001654689999668335,,,,,0.0010728360002758563,,0.0001,,12.37320353458148,,,0.0011782809997384902,,27,0.1699753660004717,65,,,2.00380802154541,1.9059998521697707e-06,,,1696189984.0,,0.2424594399999478,114.0,,,,,
,,,968.564736,10.625,87.0,5.875,15460.0,0.06985464900026273,0.3800000000000239,,3594.571776,9.25,,15.2,26757.013504,578.0,15511.0,0.0011015629997928045,4312.788992,,2.654208,,28178.796544,0.0,0.0011972669999522623,0.08115675516319837,27,0.16931097299948306,66,0.10300000000006548,34158.0,,1.8499995348975062e-06,0.0,131.0,1696189984.0,0.10537610151479047,,,0.0,0.0,0.0,3695.935488,0.2696606756223525
,,0.0,,,,,,,,38.0,,,0.0016496539992658654,,,,,,,0.0001,,12.339790647147327,,,,,28,,67,,,2.047351121902466,,,,1696189985.0,,0.2431159559982916,117.0,,,,,
,,0.0,,,,,,0.05725196900039009,,39.0,,,0.0015825270002096659,,,,,0.0010883559998546843,,0.0001,,13.011304247082634,,,0.0012641309995160555,,28,0.16937955700086604,68,,,2.3334057331085205,2.1980004021315835e-06,,,1696189985.0,,0.23056873800123867,120.0,,,,,
,,,968.564736,10.625,89.0,5.875,15988.0,0.06278478099920903,0.4000000000000057,,3594.571776,9.25,,15.2,26750.644224,595.0,16057.0,0.001111591999688244,4318.765056,,2.654208,,28178.796544,0.0,0.0012632049993044348,0.0,28,0.16970942500029196,69,0.19200000000000728,35507.0,,1.9030003386433236e-06,0.0,194.0,1696189985.0,0.0,,,0.0,0.0,0.0,3695.935488,0.3226694514979281
,,0.0,,,,,,,,40.0,,,0.0017516239995529759,,,,,,,0.0001,,12.678420774304424,,,,,29,,70,,,1.9085807800292969,,,,1696189986.0,,0.2366225299983853,123.0,,,,,
,,0.0,,,,,,0.07085992000065744,,41.0,,,0.0015583330005028984,,,,,0.0011146140004711924,,0.0001,,12.351311718681426,,,0.0011962690005020704,,29,0.16815790700002253,71,,,1.9784252643585205,2.13899966183817e-06,,,1696189986.0,,0.24288918200181797,126.0,,,,,
,,,968.564736,10.625,95.0,5.875,16507.0,0.0670920020002086,0.41200000000000614,,3594.571776,9.25,,15.3,26742.82496,616.0,16565.0,0.0011222399998587207,4326.97344,,2.654208,,28178.796544,0.0,0.0012269480002942146,0.010216692036211672,29,0.1705225559999235,72,0.19399999999995998,36949.0,,2.0319994291639887e-06,0.0,197.0,1696189986.0,0.07221071789583983,,,0.0,0.0,0.0,3695.935488,0.01225045976453332
,,0.0,,,,,,,,42.0,,,0.0019157990000167047,,,,,,,0.0001,,12.402763522594933,,,,,30,,73,,,2.0735011100769043,,,,1696189987.0,,0.2418815769997309,129.0,,,,,
,,0.0,,,,,,0.05870626199975959,,43.0,,,0.0015874020000410383,,,,,0.0011072659999626921,,0.0001,,12.945605822317836,,,0.001230904999829363,,30,0.1691052670003046,74,,,1.8710612058639526,1.7630000002100132e-06,,,1696189987.0,,0.2317388649998975,132.0,,,,,
,,,968.564736,11.75,97.0,6.125,17036.0,0.06396181800027989,0.4240000000000066,,3594.571776,9.375,,15.3,26738.446336,634.0,17123.0,0.0011011449996658484,4331.155456,,2.654208,,28178.796544,0.0,0.0012333610002315254,0.0625617925218037,30,0.16858813999988342,75,0.19700000000011642,38404.0,,1.635999979043845e-06,0.0,201.0,1696189987.0,0.0474397682361917,,,0.0,0.0,0.0,3695.935488,0.016334338487050345
,,0.0,,,,,,,,44.0,,,0.0015904689998933463,,,,,,,0.0001,,12.686246306291974,,,,,31,,76,,,1.8120511770248413,,,,1696189988.0,,0.23647656899993308,135.0,,,,,
,,0.0,,,,,,0.06517093399997975,,45.0,,,0.0013904540001021815,,,,,0.001007376999950793,,0.0001,,12.600166864054627,,,0.0012617819993465673,,31,0.16925941399949807,77,,,2.182208299636841,2.124000275216531e-06,,,1696189988.0,,0.23809208499915258,138.0,,,,,
,,,968.564736,11.75,101.0,6.125,17631.0,0.06117654900026537,0.4399999999999977,,3594.571776,9.375,,15.2,26749.161472,652.0,17681.0,0.0011168789997100248,4317.351936,,2.654208,,28178.796544,0.0,0.00118814800043765,0.06325173670693185,31,0.16932599500069045,78,0.20200000000022555,39893.0,,1.7410002328688279e-06,0.0,208.0,1696189988.0,0.09710354281704187,,,0.0,0.0,0.0,3696.054272,0.02859412517492238
,,0.0,,,,,,,,46.0,,,0.001521160999800486,,,,,,,0.0001,,12.802432229910814,,,,,32,,79,,,2.2824957370758057,,,,1696189989.0,,0.23433047300113685,141.0,,,,,
,,0.0,,,,,,0.06672621799953049,,47.0,,,0.0018557619996499852,,,,,0.0011140810001961654,,0.0001,,12.556752334987104,,,0.001217564000398852,,32,0.16799996999998257,80,,,2.3914623260498047,1.6849999155965634e-06,,,1696189989.0,,0.23891527999967366,144.0,,,,,
,,,968.564736,11.75,103.0,6.125,18122.0,0.05414859400025307,0.46000000000000796,,3594.575872,9.375,,15.2,26745.188352,673.0,18165.0,0.0011395259998607798,4321.521664,,2.654208,,28178.796544,0.0,0.0012097569997422397,0.0,32,0.1688276249997216,81,0.20499999999992724,41331.0,,2.382999809924513e-06,0.0,213.0,1696189989.0,0.0,,,0.0,0.0,0.0,3696.054272,0.07353607318789016
,,0.0,,,,,,,,48.0,,,0.0017657449998296215,,,,,,,0.0001,,13.210410173153429,,,,,33,,82,,,2.8686020374298096,,,,1696189990.0,,0.22709362999921723,147.0,,,,,
,,0.0,,,,,,0.059777199000563996,,49.0,,,0.001579785000103584,,,,,0.0010444079998706002,,0.0001,,12.98729094870953,,,0.0012469040002542897,,33,0.16734487499979878,83,,,2.2172698974609375,1.8850005290005356e-06,,,1696189990.0,,0.23099505600112025,150.0,,,,,
,,,968.564736,11.75,107.0,6.125,18655.0,0.053865159999986645,0.4800000000000182,,3594.579968,9.375,,15.3,26741.768192,692.0,18668.0,0.0011549840000952827,4324.732928,,2.654208,,28178.796544,0.0,0.0011709020000125747,0.009599949251363303,33,0.16881171699969855,84,0.22499999999990905,42762.0,,1.7180000213556923e-06,0.0,235.0,1696189990.0,0.07233078951070858,,,0.0,0.0,0.0,3696.054272,0.1348302095491906
,,0.0,,,,,,,,50.0,,,0.001625220999812882,,,,,,,0.0001,,13.23745287369673,,,,,34,,85,,,2.893446207046509,,,,1696189991.0,,0.2266297019996273,153.0,,,,,
,,0.0,,,,,,0.05263839300005202,,51.0,,,0.0017369779998261947,,,,,0.0011560330003703712,,0.0001,,13.333507735608018,,,0.0012358449994280818,,34,0.1682265780000307,86,,,3.019580841064453,3.230000402254518e-06,,,1696189991.0,,0.22499705700010963,156.0,,,,,
,,,968.564736,11.75,109.0,6.125,19127.0,0.06396367399975134,0.5,,3594.584064,9.375,,15.3,26736.316416,710.0,19141.0,0.001084867999452399,4330.3936,,2.654208,,28178.796544,0.0,0.001301239999520476,0.0,34,0.16916507400037517,87,0.2339999999999236,44011.0,,1.8279997675563209e-06,0.0,243.0,1696189991.0,0.0,,,0.0,0.0,0.0,3696.054272,0.16751966751315994
,,0.0,,,,,,,,52.0,,,0.0015472490003958228,,,,,,,0.0001,,12.654814091898702,,,,,35,,88,,,2.1462738513946533,,,,1696189992.0,,0.23706393299926276,159.0,,,,,
,,0.0,,,,,,0.06033153600037622,,53.0,,,0.0019431720002103248,,,,,0.0013443620000543888,,0.0001,,12.859145319954113,,,0.001240071999745851,,35,0.1684360059998653,89,,,2.2331182956695557,1.850000444392208e-06,,,1696189992.0,,0.23329699800069648,162.0,,,,,
,,,968.564736,11.875,112.0,6.25,19654.0,0.07334972199987533,0.5160000000000196,,3594.58816,9.375,,15.3,26730.409984,731.0,19629.0,0.001090050999664527,4336.10752,,2.654208,,28178.796544,0.0,0.0011812950006060419,0.01132967893812192,35,0.16783380000015313,90,0.23600000000033106,45295.0,,2.0710003809654154e-06,0.0,246.0,1696189992.0,0.07201526923786669,,,0.0,0.0,0.0,3696.054272,0.012255202033222149
,,0.0,,,,,,,,54.0,,,0.0014965170003051753,,,,,,,0.0001,,12.247224631882451,,,,,35,,91,,,2.0324902534484863,,,,1696189992.0,,0.24495345600098517,165.0,,,,,
,,0.0,,,,,,0.0684037780001745,,55.0,,,0.0014105640002526343,,,,,0.0010852209998120088,,0.0001,,12.415559298060591,,,0.0011960510000790237,,36,0.16953459700016538,92,,,2.210411548614502,2.0770003175130114e-06,,,1696189993.0,,0.24163228800080105,168.0,,,,,
,,,968.564736,11.875,113.0,6.25,20119.0,0.05754663400057325,0.52800000000002,,3594.592256,9.375,,15.3,26727.50592,747.0,20108.0,0.001238142999682168,4339.212288,,2.654208,,28178.796544,0.0,0.0012870640002802247,0.0,36,0.17101833500055363,93,0.23800000000028376,46460.0,,1.6460007827845402e-06,0.0,249.0,1696189993.0,0.0,,,0.0,0.0,0.0,3696.062464,0.012256070487346523
,,0.0,,,,,,,,56.0,,,0.0016987700000754558,,,,,,,0.0001,,12.88711873706177,,,,,36,,94,,,2.591120719909668,,,,1696189993.0,,0.23279059200194752,171.0,,,,,
,,0.0,,,,,,0.06967522200011445,,57.0,,,0.0014815919994362048,,,,,0.0009937610002452857,,0.0001,,12.357060678890036,,,0.0011659250003503985,,37,0.16945798599954287,95,,,2.3938069343566895,1.6949998098425567e-06,,,1696189994.0,,0.24277618099949905,174.0,,,,,
,,,968.564736,11.875,114.0,6.25,20641.0,0.06815143399944645,0.5480000000000018,,3594.596352,9.375,,15.3,26720.694272,767.0,20669.0,0.0011197720004929579,4346.011648,,2.654208,,28178.796544,0.0,0.0011478780006655143,0.011164962736156905,37,0.16878280400032963,96,0.24299999999993815,47849.0,,1.720000000204891e-06,0.0,257.0,1696189994.0,0.0723049051782533,,,0.0,0.0,0.0,3696.06656,0.11441094046313516
,,0.0,,,,,,,,58.0,,,0.001645407000069099,,,,,,,0.0001,,12.45593634662569,,,,,37,,97,,,1.9894578456878662,,,,1696189994.0,,0.24084901500100386,177.0,,,,,
,,0.0,,,,,,0.05150819099981163,,59.0,,,0.0014931179994164268,,,,,0.0010200890001215157,,0.0001,,13.323196985935933,,,0.0012452029995984049,,38,0.16990279899982852,98,,,3.4645204544067383,1.7809998098528013e-06,,,1696189995.0,,0.22517118099858635,180.0,,,,,
,,,968.564736,11.875,117.0,6.25,21082.0,0.08763902300051996,0.5600000000000023,,3594.604544,9.375,,15.3,26716.32384,787.0,21205.0,0.001086309000129404,4350.590976,,2.654208,,28178.796544,0.0,0.0013862340001651319,0.0,38,0.15868674800003646,99,0.2450000000003456,49212.0,,1.978999534912873e-06,0.0,260.0,1696189995.0,0.0,,,0.0,0.0,0.0,3696.070656,0.012258102218123271
,,0.0,,,,,,,,60.0,,,0.0015557679998892127,,,,,,,0.0001,,11.982933379019347,,,,,38,,100,,,2.177506446838379,,,,1696189995.0,,0.2503560610002751,183.0,,,,,
,,0.0,,,,,,0.07215817900032562,,61.0,,,0.0015669840004193247,,,,,0.0010620729999573086,,0.0001,,12.144871410272586,,,0.0011985419996562996,,39,0.17103030399994168,101,,,1.7834014892578125,1.7659995137364604e-06,,,1696189996.0,,0.24701784799981397,186.0,,,,,
,,,968.564736,11.875,122.0,6.25,21563.0,0.06655415299974266,0.5800000000000125,,3594.60864,9.375,,15.4,26710.069248,811.0,21700.0,0.0011483560001579463,4356.452352,,2.654208,,28178.796544,0.0,0.0012082849998478196,0.010549760818858856,39,0.1669492339997305,102,0.24700000000029831,50526.0,,1.6770000001997687e-06,0.0,263.0,1696189996.0,0.07257948155602657,,,0.0,0.0,0.0,3696.078848,0.012257513325824667
,,0.0,,,,,,,,62.0,,,0.0016618980007478967,,,,,,,0.0001,,12.630323732488737,,,,,39,,103,,,1.8665313720703125,,,,1696189996.0,,0.237523603000227,189.0,,,,,
,,0.0,,,,,,0.06044933400062291,,63.0,,,0.001637528999708593,,,,,0.001107032999243529,,0.0001,,12.708917984175095,,,0.001254341999811004,,40,0.1716047370000524,104,,,2.3305389881134033,1.7390002540196292e-06,,,1696189997.0,,0.23605471399969247,192.0,,,,,
,,0.0,,,,,,0.059708391999265586,,64.0,,,0.0019154609999532113,,,,,0.0011733369992725784,,0.0001,,12.812371106266763,,,0.0012024150000797817,,40,0.17014698300044984,105,,,2.1053340435028076,2.10899997910019e-06,,,1696189997.0,,0.2341486969990001,195.0,,,,,
,,,968.564736,11.875,124.0,6.375,22327.0,,0.6000000000000227,,3594.612736,9.375,,15.4,26710.233088,845.0,22506.0,0.0010831520003193873,4359.376896,,2.654208,,28178.796544,0.0,,0.07307138015520057,40,,106,0.2510000000002037,52232.0,,,0.0,268.0,1696189997.0,0.059647176144668086,,,0.0,0.0,0.0,3696.095232,0.02041946655977816
,,0.0,,,,,,0.052104674000474915,,65.0,,,0.001590749000570213,,,,,,,0.0001,,13.201419469385423,,,0.001286459999391809,,41,0.17118073500023456,107,,,3.518671989440918,2.5199997253366746e-06,,,1696189998.0,,0.22724829000071622,198.0,,,,,
,,0.0,,,,,,0.05496210000001156,,66.0,,,0.0016131390002556145,,,,,0.0010857280003619962,,0.0001,,13.095475954779971,,,0.0013004910006202408,,41,0.17012281600000279,108,,,2.3902335166931152,2.4739993023104034e-06,,,1696189998.0,,0.2290867480005545,201.0,,,,,
,,,968.564736,11.875,128.0,6.375,22852.0,,0.6200000000000045,,3594.616832,9.375,,15.4,26704.269312,882.0,23079.0,0.0010459949999130913,4365.139968,,2.654208,,28178.796544,0.0,,0.009935683734115346,41,,109,0.25400000000036016,53796.0,,,0.0,272.0,1696189998.0,0.07670028628287316,,,0.0,0.0,0.0,3696.103424,0.01634400023830649
,,0.0,,,,,,0.0671514269997715,,67.0,,,0.0015233300000545569,,,,,,,0.0001,,12.545263887090574,,,0.0013333220003914903,,42,0.1680775699996957,110,,,2.305973768234253,2.425000275252387e-06,,,1696189999.0,,0.2391340690001016,204.0,,,,,
,,0.0,,,,,,0.06602691199987021,,68.0,,,0.0015724770000815624,,,,,0.00105065600018861,,0.0001,,12.635580941773298,,,0.0012941759996465407,,42,0.1674775999999838,111,,,2.374884605407715,2.9570001061074436e-06,,,1696189999.0,,0.23742477799987682,207.0,,,,,
,,,968.564736,11.875,130.0,6.375,23324.0,,0.6400000000000148,,3594.883072,9.375,,15.4,26698.702848,912.0,23608.0,0.0011779950000345707,4371.091456,,2.654208,,28179.058688,0.0,,0.0,42,,112,0.25700000000006185,55141.0,,,0.0,277.0,1696189999.0,0.0,,,0.0,0.0,0.0,3696.111616,0.05310040827584752
,,0.0,,,,,,0.060158207999847946,,69.0,,,0.0027811250001832377,,,,,,,0.0001,,12.758119780968926,,,0.001285634999476315,,43,0.16973954900004173,113,,,2.0316781997680664,1.8549999367678538e-06,,,1696190000.0,,0.23514436699952057,210.0,,,,,
,,0.0,,,,,,0.06877193399941461,,70.0,,,0.001662231999944197,,,,,0.0011243829994782573,,0.0001,,12.488664715586347,,,0.0011352109995641513,,43,0.1675222419999045,114,,,2.140087127685547,1.8330001694266684e-06,,,1696190000.0,,0.24021783499847515,213.0,,,,,
,,,968.564736,11.875,135.0,6.375,23858.0,,0.6520000000000152,,3594.887168,9.375,,15.4,26691.923968,933.0,24148.0,0.0010968609994961298,4377.47712,,2.654208,,28179.058688,0.0,,0.010978294794530124,43,,115,0.2600000000002183,56433.0,,,0.0,280.0,1696190000.0,0.07238015288681834,,,0.0,0.0,0.0,3696.111616,0.012254840699309882
,,0.0,,,,,,0.060062343000026885,,71.0,,,0.0014754789999642526,,,,,,,0.0001,,12.833603974131709,,,0.0012849050008298946,,44,0.16983967399937683,116,,,2.1491127014160156,2.041999323409982e-06,,,1696190001.0,,0.2337613039990174,216.0,,,,,
,,0.0,,,,,,0.07030285299970274,,72.0,,,0.0016525239998372854,,,,,0.0010444409999763593,,0.0001,,12.250764325274941,,,0.0012769409995598835,,44,0.1706042019995948,117,,,1.9776540994644165,1.7189995560329407e-06,,,1696190001.0,,0.2448826799982271,219.0,,,,,
,,,968.564736,11.875,137.0,6.375,24298.0,,0.6640000000000157,,3594.89536,9.375,,15.4,26686.263296,955.0,24620.0,0.0011045049996027956,4383.342592,,2.654208,,28179.058688,0.0,,0.0,44,,118,0.262000000000171,57690.0,,,0.0,283.0,1696190001.0,0.0,,,0.0,0.0,0.0,3696.119808,0.012258073063707908
,,0.0,,,,,,0.05262685599973338,,73.0,,,0.0018422240000290913,,,,,,,0.0001,,13.171874717740799,,,0.0012369459991532494,,45,0.17094547800024884,119,,,3.478534460067749,2.002999281103257e-06,,,1696190002.0,,0.22775801199804846,222.0,,,,,
,,0.0,,,,,,0.06060299899945676,,74.0,,,0.001450106000447704,,,,,0.0011922940002477844,,0.0001,,12.838512579763323,,,0.0012785669996446813,,45,0.16914629799975955,120,,,1.7799301147460938,1.6650001271045767e-06,,,1696190002.0,,0.2336719289996836,225.0,,,,,
,,,968.564736,13.0,139.0,6.625,24793.0,,0.6760000000000161,,3594.899456,9.5,,15.5,26680.070144,978.0,25104.0,0.0011617689997365233,4389.33504,,2.654208,,28179.058688,0.0,,0.011100547044101128,45,,121,0.2640000000001237,58963.0,,,0.0,286.0,1696190002.0,0.07341044745427606,,,0.0,0.0,0.0,3696.123904,0.012257685323171008
,,0.0,,,,,,0.05230665700037207,,75.0,,,0.0015171909999480704,,,,,,,0.0001,,13.270970741507222,,,0.0012258579999979702,,46,0.1698439239999061,122,,,2.673152208328247,1.9150002117385156e-06,,,1696190003.0,,0.22605731400017248,228.0,,,,,
,,0.0,,,,,,0.05982414399932168,,76.0,,,0.0017573619998074719,,,,,0.001191682999888144,,0.0001,,12.818729428507504,,,0.00122366800042073,,46,0.17003388200009795,123,,,2.142815351486206,1.8159998944611289e-06,,,1696190003.0,,0.23403255499943043,231.0,,,,,
,,,968.564736,13.0,140.0,6.625,25354.0,,0.6920000000000073,,3594.903552,9.5,,15.5,26673.180672,1002.0,25620.0,0.0011582870001802803,4396.220416,,2.654208,,28179.058688,0.0,,0.05234456869715615,46,,124,0.2670000000002801,60218.0,,,0.0,289.0,1696190003.0,0.016863215198670987,,,0.0,0.0,0.0,3696.128,0.012252553716844205
,,0.0,,,,,,0.06932578800024203,,77.0,,,0.0014495250006802962,,,,,,,0.0001,,12.239223705131458,,,0.001142387000072631,,47,0.17203579000033642,125,,,2.03059983253479,1.8079999790643342e-06,,,1696190004.0,,0.24511358500149072,234.0,,,,,
,,0.0,,,,,,0.0601334909997604,,78.0,,,0.0014440900004046853,,,,,0.0012141329998485162,,0.0001,,12.833186414713625,,,0.0011859699998240103,,47,0.16978934700000536,126,,,2.239995241165161,1.8790005924529396e-06,,,1696190004.0,,0.23376891000043543,237.0,,,,,
,,,968.564736,13.0,145.0,6.625,25867.0,,0.7120000000000175,,3594.907648,9.5,,15.5,26668.691456,1042.0,26268.0,0.0012712970001302892,4400.72192,,2.654208,,28179.058688,0.0,,0.011495574089618498,47,,127,0.2699999999999818,61531.0,,,0.0,294.0,1696190004.0,0.07277073338980404,,,0.0,0.0,0.0,3696.132096,0.04492926666108597
,,0.0,,,,,,0.055263737000132096,,79.0,,,0.0016668320004100678,,,,,,,0.0001,,12.902272869529027,,,0.00116978799997014,,48,0.17314323200025683,128,,,2.863417148590088,2.285999471496325e-06,,,1696190005.0,,0.23251717200037092,240.0,,,,,
,,0.0,,,,,,0.06970459900003334,,80.0,,,0.0015124970004762872,,,,,0.001214204999996582,,0.0001,,12.366623339361983,,,0.0012226150001879432,,48,0.16893269999945915,129,,,2.047067642211914,1.835000148275867e-06,,,1696190005.0,,0.24258845100030157,243.0,,,,,
,,,968.564736,13.0,148.0,6.625,26387.0,,0.724000000000018,,3594.91584,9.5,,15.5,26662.8096,1083.0,26901.0,0.001237706000210892,4406.587392,,2.654208,,28179.058688,0.0,0.0011839750004583038,0.0,48,0.16921999199985294,130,0.27500000000009095,62824.0,,,0.0,301.0,1696190005.0,0.0,,,0.0,0.0,0.0,3696.136192,0.085808919662523
,,0.0,,,,,,0.06480285300040123,,81.0,,,0.0017144260000350187,,,,,,,0.0001,,12.596537395712984,,,,,49,,131,,,2.19822359085083,1.7350002963212319e-06,,,1696190006.0,,0.2381606870012547,246.0,,,,,
,,0.0,,,,,,0.06613581199962937,,82.0,,,0.0013938719994257553,,,,,0.0011455320000095526,,0.0001,,12.492788589917419,,,0.0012109109993616585,,49,0.1702502469997853,132,,,1.6999157667160034,2.1650002963724546e-06,,,1696190006.0,,0.240138538998508,249.0,,,,,
,,,968.564736,13.0,150.0,6.625,26985.0,,0.7360000000000184,,3594.919936,9.5,,15.5,26657.23904,1100.0,27414.0,0.0012201519994050614,4412.350464,,2.654208,,28179.058688,0.0,0.001148543000454083,0.010700676213238008,49,0.16951327500009938,133,0.2780000000002474,64011.0,,,0.0,304.0,1696190006.0,0.07304548106327649,,,0.0,0.0,0.0,3696.144384,0.012256702962600055
,,0.0,,,,,,0.0690491639998072,,83.0,,,0.0015945489994919626,,,,,,,0.0001,,12.36969388221805,,,,,50,,134,,,1.8242249488830566,2.5500003175693564e-06,,,1696190007.0,,0.24252823299957527,252.0,,,,,
,,0.0,,,,,,0.06455467799969483,,84.0,,,0.0015350550002040109,,,,,0.0012039780003760825,,0.0001,,12.573018064341186,,,0.001188533999993524,,50,0.17012213799989695,135,,,2.3046247959136963,1.8119999367627315e-06,,,1696190007.0,,0.23860619500010216,255.0,,,,,
,,,968.564736,13.875000000000002,152.0,7.000000000000001,27494.0,,0.7480000000000189,,3594.924032,9.625,,15.6,26650.013696,1120.0,27886.0,0.0011689679995470215,4419.772416,,2.654208,,28179.058688,0.0,0.0011652679995677317,0.000861915648385953,50,0.17014475300038612,136,0.2800000000002001,65146.0,,,0.0,307.0,1696190007.0,0.000861915648385953,,,0.0,0.0,0.0,3696.14848,0.012258355867388673
,,0.0,,,,,,0.059148542000002635,,85.0,,,0.002197094999246474,,,,,,,0.0001,,12.830044392166723,,,,,51,,137,,,2.8144421577453613,1.532999704068061e-06,,,1696190008.0,,0.23382615899845405,258.0,,,,,
,,0.0,,,,,,0.06712154399974679,,86.0,,,0.0013637619995279238,,,,,0.0012084169993613614,,0.0001,,12.422224967190113,,,0.001266966000002867,,51,0.170540362999418,138,,,1.8954015970230103,1.577999682922382e-06,,,1696190008.0,,0.24150262999773986,261.0,,,,,
,,,968.564736,13.875000000000002,155.0,7.000000000000001,28052.0,,0.76400000000001,,3594.928128,9.625,,15.6,26645.684224,1137.0,28403.0,0.0011997279998468002,4423.921664,,2.654208,,28179.058688,0.0,0.0012721529992631986,0.010152556875566947,51,0.17267264800011617,139,0.3040000000000873,66379.0,,,0.0,332.0,1696190008.0,0.07332668253234272,,,0.0,0.0,0.0,3696.160768,0.10625065831176066
,,0.0,,,,,,0.05560448600044765,,87.0,,,0.0015119039999262895,,,,,,,0.0001,,12.916391025544925,,,,,52,,140,,,2.6463654041290283,2.101999598380644e-06,,,1696190009.0,,0.2322630209991985,264.0,,,,,
,,0.0,,,,,,0.0604718619997584,,88.0,,,0.0014647120005975012,,,,,0.0012136240002291743,,0.0001,,12.811570946252841,,,0.0011132539993923274,,52,0.16989807000027213,141,,,2.434232711791992,1.7989996194955893e-06,,,1696190009.0,,0.23416332099986903,267.0,,,,,
,,,968.564736,13.875000000000002,156.0,7.000000000000001,28565.0,,0.7800000000000011,,3594.932224,9.625,,15.6,26637.692928,1169.0,28911.0,0.0012009199999738485,4432.109568,,2.654208,,28179.058688,0.0,0.001297924000027706,0.0,52,0.17294364600002154,142,0.30600000000004,67577.0,,,0.0,335.0,1696190009.0,0.0,,,0.0,0.0,0.0,3696.16896,0.012257801934287004
,,0.0,,,,,,0.06451123799979541,,89.0,,,0.0014556080004695104,,,,,,,0.0001,,12.426930683166422,,,,,53,,143,,,2.352714776992798,1.8439995983499102e-06,,,1696190010.0,,0.24141117999988637,270.0,,,,,
,,0.0,,,,,,0.07213227200008987,,90.0,,,0.001506090000475524,,,,,0.00120230199991056,,0.0001,,12.075345956512267,,,0.0012666310003623948,,53,0.1723308629998428,144,,,1.825053095817566,1.9290000636829063e-06,,,1696190010.0,,0.24844008700074482,273.0,,,,,
,,,968.564736,13.875000000000002,158.0,7.000000000000001,29116.0,0.05183698400014691,0.804000000000002,,3594.93632,9.625,,15.6,26634.858496,1192.0,29450.0,0.0012598129997059004,4434.939904,,2.654208,,28179.058688,0.0,0.0012313649995121523,0.010987984508163708,53,0.17340022999997018,145,0.30999999999994543,68890.0,,1.8760001694317907e-06,0.0,340.0,1696190010.0,0.07292606419826181,,,0.0,0.0,0.0,3696.173056,0.040855831998285255
,,0.0,,,,,,,,91.0,,,0.0016898910007512313,,,,,,,0.0001,,13.0764446030946,,,,,54,,146,,,3.1045641899108887,,,,1696190011.0,,0.2294201590002558,276.0,,,,,
,,0.0,,,,,,0.0649939489994722,,92.0,,,0.0014567770003850455,,,,,0.001223121999828436,,0.0001,,12.410025967358209,,,0.001291519000005792,,54,0.17277261300023383,147,,,2.3301286697387695,2.0459992811083794e-06,,,1696190011.0,,0.2417400259992064,279.0,,,,,
,,,968.564736,13.875000000000002,159.0,7.000000000000001,29599.0,0.05785190799997508,0.8160000000000025,,3594.940416,9.625,,15.6,26626.609152,1220.0,29943.0,0.0012455629994292394,4442.99264,,2.654208,,28179.058688,0.0,0.0012158409999756259,0.0,54,0.1724556320004922,148,0.3120000000003529,70119.0,,1.5690002328483388e-06,0.0,343.0,1696190011.0,0.0,,,0.0,0.0,0.0,3696.181248,0.012257548307944757
,,0.0,,,,,,,,93.0,,,0.0015068559996507247,,,,,,,0.0001,,12.805334176358828,,,,,55,,149,,,2.5520691871643066,,,,1696190012.0,,0.2342773689997557,282.0,,,,,
,,0.0,,,,,,0.07294761299999664,,94.0,,,0.0016931999998632818,,,,,0.0012957300004927674,,0.0001,,12.356119730102737,,,0.0013099910001983517,,55,0.16554615699988062,150,,,2.061760425567627,1.9780000002356246e-06,,,1696190012.0,,0.2427946690004319,285.0,,,,,
,,,968.564736,14.875,163.0,7.249999999999999,30225.0,0.06680805300038628,0.828000000000003,,3594.944512,9.625,,15.6,26619.912192,1238.0,30563.0,0.001152877999629709,4449.492992,,2.654208,,28179.058688,0.0,0.001296549000471714,0.01305658763463272,55,0.17254019499978313,151,0.3140000000003056,71578.0,,1.75300010596402e-06,0.0,346.0,1696190012.0,0.0754327380775857,,,0.0,0.0,0.0,3696.185344,0.012266005259994099
,,0.0,,,,,,,,95.0,,,0.001627790000384266,,,,,,,0.0001,,12.324012181705255,,,,,56,,152,,,1.826338291168213,,,,1696190013.0,,0.24342721800076106,288.0,,,,,
,,0.0,,,,,,0.06650975000047765,,96.0,,,0.0016989080004350399,,,,,0.0010586700000203564,,0.0001,,12.430496587400778,,,0.0011940500007767696,,56,0.17087846100002935,153,,,2.2430548667907715,2.088000655930955e-06,,,1696190013.0,,0.2413419270023951,291.0,,,,,
,,,968.564736,14.875,164.0,7.249999999999999,30672.0,0.058911021999847435,0.8440000000000225,,3594.948608,9.625,,15.7,26617.344,1259.0,31049.0,0.0010719100000642356,4452.450304,,2.654208,,28179.058688,0.0,0.0013434499996947125,0.0,56,0.17230607000055898,154,0.3160000000002583,72847.0,,1.6859994502738118e-06,0.0,349.0,1696190013.0,0.0,,,0.0,0.0,0.0,3696.18944,0.012259875067157392
,,0.0,,,,,,,,97.0,,,0.0017255209995710175,,,,,,,0.0001,,12.746449466985196,,,,,57,,155,,,2.0433037281036377,,,,1696190014.0,,0.23535965899918665,294.0,,,,,
,,0.0,,,,,,0.06599260799976037,,98.0,,,0.0018466370001988253,,,,,0.0010585150002953014,,0.0001,,12.411564756785173,,,0.0014076050001676776,,57,0.17140312399988034,156,,,2.3777170181274414,1.5659998098271899e-06,,,1696190014.0,,0.24171005500011233,297.0,,,,,
,,,968.564736,14.875,167.0,7.249999999999999,31200.0,0.06701365000026271,0.8640000000000043,,3594.952704,9.625,,15.7,26614.677504,1278.0,31658.0,0.0010949990000881371,4454.735872,,2.654208,,28179.058688,0.0,0.0013964950003355625,0.010853804237269579,57,0.16605622799943376,157,0.31899999999996,74259.0,,2.1890000425628386e-06,0.0,353.0,1696190014.0,0.07264866163851481,,,0.0,0.0,0.0,3696.193536,0.016344552239336316
,,0.0,,,,,,,,99.0,,,0.0019975639997937833,,,,,,,0.0001,,12.628328814323257,,,,,58,,158,,,2.185105323791504,,,,1696190015.0,,0.23756112499995652,300.0,,,,,
,,0.0,,,,,,0.06166355100049259,,100.0,,,0.0018507289996705367,,,,,0.0011065290000260575,,0.0001,,12.763361596289247,,,0.0013478720002240152,,58,0.16907723799977248,159,,,2.2140913009643555,1.8760001694317907e-06,,,1696190015.0,,0.2350477950003551,303.0,,,,,
,,,968.564736,14.875,169.0,7.249999999999999,31678.0,0.05308684400006314,0.8840000000000146,,3594.9568,9.625,,15.7,26614.267904,1298.0,32189.0,0.0010901269997702911,4455.337984,,2.654208,,28179.058688,0.0,0.0013584040007117437,0.0,58,0.17159113900015655,160,0.32300000000032014,75672.0,,1.64500033861259e-06,0.0,358.0,1696190015.0,0.0,,,0.0,0.0,0.0,3696.193536,0.057208667797378536
,,0.0,,,,,,,,101.0,,,0.0019915549992219894,,,,,,,0.0001,,13.093591763110203,,,,,59,,161,,,2.8080525398254395,,,,1696190016.0,,0.22911971400026232,306.0,,,,,
,,0.0,,,,,,0.053042335999634815,,102.0,,,0.0018376039997747284,,,,,0.001117820999752439,,0.0001,,13.044139882321108,,,0.0014207910007826285,,59,0.17256796800029406,162,,,3.0110886096954346,1.8139999156119302e-06,,,1696190016.0,,0.22998833400015428,309.0,,,,,
,,,968.564736,14.875,174.0,7.249999999999999,32229.0,0.06662536300063948,0.9040000000000248,,3594.9568,9.625,,15.6,26632.814592,1315.0,32750.0,0.001055347999681544,4436.779008,,2.654208,,28179.058688,0.0,0.0013600900001620175,0.00991119779589695,59,0.17165145099988877,163,0.32700000000022555,77130.0,,2.017999577219598e-06,0.0,364.0,1696190016.0,0.07275393751658261,,,0.0,0.0,0.0,3696.193536,0.08988706289179611
,,0.0,,,,,,,,103.0,,,0.0018069249999825843,,,,,,,0.0001,,12.371073058014606,,,,,60,,164,,,2.2904202938079834,,,,1696190017.0,,0.2425011949999316,312.0,,,,,
,,0.0,,,,,,0.056866535999688494,,104.0,,,0.001992229999814299,,,,,0.0010793960000228253,,0.0001,,12.872163034817707,,,0.0013914470000599977,,60,0.1717293920000884,165,,,2.9722471237182617,2.0620000213966705e-06,,,1696190017.0,,0.23306106299969542,315.0,,,,,
,,,968.564736,15.625,178.0,7.625,32690.0,0.06962035699962144,0.9200000000000159,,3594.9568,9.75,,15.6,26630.3488,1334.0,33239.0,0.001061533999745734,4436.369408,,2.654208,,28179.058688,0.0,0.0013844999994034879,0.0,61,0.17316388800009008,166,0.3330000000000837,78697.0,,1.7040001694113016e-06,0.0,371.0,1696190018.0,0.0,,,0.0,0.0,0.0,3696.193536,0.028601245346119415
,,0.0,,,,,,,,105.0,,,0.0019191870005670353,,,,,,,0.0001,,12.138320041150886,,,,,61,,167,,,2.311990976333618,,,,1696190018.0,,0.2471511699995972,318.0,,,,,
,,0.0,,,,,,0.07007380499999272,,106.0,,,0.001975344000129553,,,,,0.0011396350000723032,,0.0001,,12.187820950958438,,,0.0013868180003555608,,61,0.1715698780008097,168,,,2.024432897567749,1.8840000848285854e-06,,,1696190018.0,,0.24614736400144466,321.0,,,,,
,,,968.564736,15.625,183.0,7.625,33250.0,0.06939687900012359,0.9320000000000164,,3594.9568,9.75,,15.7,26612.117504,1353.0,33721.0,0.0010662549993867287,4457.283584,,2.654208,,28179.058688,0.0,0.0013583359996118816,0.05393502473837754,62,0.17263058900061878,169,0.3350000000000364,80206.0,,1.6909998521441594e-06,0.0,374.0,1696190019.0,0.016869158520549918,,,0.0,0.0,0.0,3696.193536,0.01225687202415533
,,0.0,,,,,,,,107.0,,,0.002063633000034315,,,,,,,0.0001,,12.169527209383583,,,,,62,,170,,,2.0829696655273438,,,,1696190019.0,,0.24651738299962744,324.0,,,,,
,,0.0,,,,,,0.05744618499920762,,108.0,,,0.0019653619992823224,,,,,0.0012103210001441767,,0.0001,,12.820730827767056,,,0.0013932480005678372,,62,0.17197930400016048,171,,,2.33670711517334,1.6009998944355175e-06,,,1696190019.0,,0.23399602099925687,327.0,,,,,
,,,968.564736,15.625,185.0,7.625,33749.0,0.061744169000121474,0.9480000000000075,,3594.9568,9.75,,15.6,26628.99712,1370.0,34210.0,0.0010598999997455394,4437.712896,,2.654208,,28179.058688,0.0,0.001336698000159231,0.0,63,0.17279044399947452,172,0.3369999999999891,81561.0,,1.8099999579135329e-06,0.0,377.0,1696190020.0,0.0,,,0.0,0.0,0.0,3696.193536,0.01225826548541215
,,0.0,,,,,,,,109.0,,,0.001832047999414499,,,,,,,0.0001,,12.564651992767661,,,,,63,,173,,,2.073934555053711,,,,1696190020.0,,0.23876506899887318,330.0,,,,,
,,0.0,,,,,,0.05907123799988767,,110.0,,,0.001970765000805841,,,,,0.0010980630004269187,,0.0001,,12.691119051851377,,,0.001426050000191026,,63,0.1728174299996681,174,,,2.254948616027832,2.227999175374862e-06,,,1696190020.0,,0.23638577400015492,333.0,,,,,
,,,968.564736,15.625,189.0,7.625,34212.0,0.0682983749993582,0.9639999999999986,,3594.9568,9.75,,15.6,26627.346432,1388.0,34687.0,0.0011030539999410394,4439.16288,,2.654208,,28179.058688,0.0,0.0013615630005006096,0.0,64,0.17270607499995094,175,0.3389999999999418,83027.0,,1.7760003174771555e-06,0.0,380.0,1696190021.0,0.0,,,0.0,0.0,0.0,3696.193536,0.012258291725203518
,,0.0,,,,,,,,111.0,,,0.001931947999764816,,,,,,,0.0001,,12.224799839387485,,,,,64,,176,,,1.706918716430664,,,,1696190021.0,,0.2454027909998331,336.0,,,,,
,,0.0,,,,,,0.06585944400012522,,112.0,,,0.0019382939999559312,,,,,0.001128376999986358,,0.0001,,12.194216307608864,,,0.0014343769998959033,,64,0.17565562199979468,177,,,2.4908204078674316,2.1559999368037097e-06,,,1696190021.0,,0.2460182699996949,339.0,,,,,
,,,968.564736,15.625,191.0,7.625,34701.0,0.056527718999859644,0.9879999999999995,,3594.9568,9.75,,15.7,26608.861184,1405.0,35175.0,0.0011852999996335711,4460.519424,,2.654208,,28179.058688,0.0,0.0012851820001742453,0.0,65,0.1765268039998773,178,0.34400000000005093,84429.0,,2.6190000426140614e-06,0.0,386.0,1696190022.0,0.0,,,0.0,0.0,0.0,3696.193536,0.13885788502172508
,,0.0,,,,,,,,113.0,,,0.0016325099995810888,,,,,,,0.0001,,12.649680827092629,,,,,65,,179,,,2.6232540607452393,,,,1696190022.0,,0.23716013399916847,342.0,,,,,
,,0.0,,,,,,0.05910936800046329,,114.0,,,0.0017841670005509513,,,,,0.0010823490001712344,,0.0001,,12.737131962083438,,,0.0012489020000430173,,65,0.17230487300003006,180,,,2.1890549659729004,2.1710002329200506e-06,,,1696190022.0,,0.23553183000149147,345.0,,,,,
,,,968.564736,16.375,192.0,7.875,35241.0,0.06055652900067798,1.004000000000019,,3594.9568,9.875,,15.6,26624.49152,1427.0,35647.0,0.0012327980002737604,4442.025984,,2.654208,,28179.058688,0.0,0.0013089659996694536,0.0,66,0.17310472200006188,181,0.34600000000000364,85713.0,,2.1710002329200506e-06,0.0,389.0,1696190023.0,0.0,,,0.0,0.0,0.0,3696.193536,0.012253678164600606
,,0.0,,,,,,,,115.0,,,0.0016844359997776337,,,,,,,0.0001,,12.610890608717906,,,,,66,,182,,,1.9744815826416016,,,,1696190023.0,,0.23788962200069363,348.0,,,,,
,,0.0,,,,,,0.052248109000174736,,116.0,,,0.0016311010003846604,,,,,0.0011647549999906914,,0.0001,,13.006605213654833,,,0.001345863999631547,,66,0.17425989999992453,183,,,2.9314417839050293,2.3090005925041623e-06,,,1696190023.0,,0.23065203800069867,351.0,,,,,
,,,968.564736,16.375,193.0,7.875,35684.0,0.061054990000229736,1.0160000000000196,,3594.9568,9.875,,15.6,26624.380928,1448.0,36109.0,0.0012044869999954244,4442.4192,,2.654208,,28179.058688,0.0,0.001252936000128102,0.0,67,0.1724366660000669,184,0.34799999999995634,86843.0,,2.6289999368600547e-06,0.0,392.0,1696190024.0,0.0,,,0.0,0.0,0.0,3696.193536,0.01225722181592212
,,0.0,,,,,,,,117.0,,,0.001820666999265086,,,,,,,0.0001,,12.617109115408246,,,,,67,,185,,,2.020643472671509,,,,1696190024.0,,0.23777237499962212,354.0,,,,,
,,0.0,,,,,,0.06562776999999187,,118.0,,,0.0016443250005977461,,,,,0.0011278310003035585,,0.0001,,12.364520251411298,,,0.001198934000058216,,67,0.1730286760002855,186,,,2.3885722160339355,2.1770001694676466e-06,,,1696190024.0,,0.24262971300140634,357.0,,,,,
,,,968.564736,16.375,195.0,7.875,36200.0,0.05618411100022058,1.0320000000000107,,3594.9568,9.875,,15.6,26623.778816,1467.0,36616.0,0.0011987889993179124,4442.738688,,2.654208,,28179.058688,0.0,0.0012735720001728623,0.0,68,0.17358433800018247,187,0.34999999999990905,88085.0,,2.255999788758345e-06,0.0,395.0,1696190025.0,0.0,,,0.0,0.0,0.0,3696.193536,0.012256994447823358
,,0.0,,,,,,,,119.0,,,0.0015434300003107637,,,,,,,0.0001,,12.832221070630553,,,,,68,,188,,,2.461731433868408,,,,1696190025.0,,0.23378649599999335,360.0,,,,,
,,0.0,,,,,,0.07117922199995519,,120.0,,,0.0018735030007519526,,,,,0.001141372999882151,,0.0001,,12.12042975356291,,,0.001230666000083147,,68,0.17208867200042732,189,,,2.118594169616699,2.5399995138286613e-06,,,1696190025.0,,0.2475159760006136,363.0,,,,,
,,,968.564736,16.375,196.0,7.875,36642.0,0.06724872500035417,1.0440000000000111,,3594.9568,9.875,,15.6,26623.11936,1487.0,37095.0,0.0011769689999709954,4443.598848,,2.654208,,28179.058688,0.0,0.0012299290001465124,0.0,69,0.17277496799943037,190,0.3520000000003165,89274.0,,3.186999492754694e-06,0.0,398.0,1696190026.0,0.0,,,0.0,0.0,0.0,3696.193536,0.012256863277757216
,,0.0,,,,,,,,121.0,,,0.001867346999461006,,,,,,,0.0001,,12.279927077757216,,,,,69,,191,,,1.851324200630188,,,,1696190026.0,,0.2443011249988558,366.0,,,,,
,,0.0,,,,,,0.06496176599921455,,122.0,,,0.0016822769994178088,,,,,0.0011463970004115254,,0.0001,,12.451218822486734,,,0.001192986999740242,,69,0.1719532730003266,192,,,2.052823305130005,3.5679995562531985e-06,,,1696190026.0,,0.24094026799866697,369.0,,,,,
,,,968.564736,16.375,197.0,7.875,37143.0,0.05857283700061089,1.0640000000000214,,3594.9568,9.875,,15.6,26623.803392,1505.0,37606.0,0.0011132419995192322,4442.988544,,2.654208,,28179.058688,0.0,0.0012698489999820595,0.01724169661826335,70,0.17340409499956877,193,0.36100000000033106,90580.0,,2.3789998522261158e-06,0.0,411.0,1696190027.0,0.2764096888190846,,,0.0,0.0,0.0,3696.193536,0.114380824932702
,,0.0,,,,,,,,123.0,,,0.0017484420004620915,,,,,,,0.0001,,12.705896727047659,,,,,70,,194,,,2.5730175971984863,,,,1696190027.0,,0.23611084399999527,372.0,,,,,
,,0.0,,,,,,0.06666165200022078,,124.0,,,0.0015882490006333683,,,,,0.0012892599997940124,,0.0001,,12.209065746518478,,,0.0012509079997471417,,70,0.17492707300061738,195,,,1.8753713369369507,1.9049994079978205e-06,,,1696190027.0,,0.2457190470004207,375.0,,,,,
,,,968.564736,17.125,199.0,8.125,37921.0,0.05752366700016864,1.0880000000000223,,3594.9568,9.875,,15.6,26623.643648,1524.0,38348.0,0.0010822900003404357,4442.873856,,2.654208,,28179.058688,0.0,0.0013895370002501295,0.07310387662329895,71,0.1751031450003211,196,0.4420000000000073,92295.0,,1.985000380955171e-06,0.0,478.0,1696190028.0,0.058732074230828636,,,0.0,0.0,0.0,3696.193536,0.39631382265794096
,,0.0,,,,,,,,125.0,,,0.001676408000093943,,,,,,,0.0001,,12.670147837566844,,,,,71,,197,,,2.2485134601593018,,,,1696190028.0,,0.2367770320015552,378.0,,,,,
,,0.0,,,,,,0.06518769700051052,,126.0,,,0.0017226560003109626,,,,,0.0010919289998128079,,0.0001,,12.327120355075708,,,0.0012365659995339229,,71,0.17412501400031033,198,,,2.54963755607605,1.9780000002356246e-06,,,1696190028.0,,0.24336584000047878,381.0,,,,,
,,,968.564736,17.125,201.0,8.125,38392.0,0.06415745300000708,1.1000000000000227,,3594.9568,9.875,,15.6,26623.541248,1544.0,38821.0,0.0010425410000607371,4443.373568,,2.654208,,28179.058688,0.0,0.0012995560000490514,0.0,72,0.16803789000005054,199,0.44399999999996,93628.0,,1.8840000848285854e-06,0.0,481.0,1696190029.0,0.0,,,0.0,0.0,0.0,3696.193536,0.012256912830563349
,,0.0,,,,,,,,127.0,,,0.002024319000156538,,,,,,,0.0001,,12.681576771265803,,,,,72,,200,,,2.083967447280884,,,,1696190029.0,,0.23656364300040877,384.0,,,,,
,,0.0,,,,,,0.055323104000308376,,128.0,,,0.0014390140004252316,,,,,0.0010556439992797095,,0.0001,,12.856088749679158,,,0.001159387999905448,,72,0.17437353700006497,201,,,2.955042839050293,1.7780002963263541e-06,,,1696190029.0,,0.23335246500028006,387.0,,,,,
,,,968.564736,17.125,202.0,8.125,38860.0,0.07097707200045988,1.1120000000000232,,3594.9568,9.875,,15.6,26622.107648,1565.0,39302.0,0.001146902000073169,4444.61056,,2.654208,,28179.058688,0.0,0.0012557760001072893,0.0,73,0.17645060600079887,202,0.4470000000001164,94973.0,,1.764999979059212e-06,0.0,484.0,1696190030.0,0.0,,,0.0,0.0,0.0,3696.193536,0.01225875822913461
,,0.0,,,,,,,,129.0,,,0.0018280300000697025,,,,,,,0.0001,,11.9208384325505,,,,,73,,203,,,2.0913467407226562,,,,1696190030.0,,0.251660151001488,390.0,,,,,
,,0.0,,,,,,0.06168361000072764,,130.0,,,0.0015163999996730126,,,,,0.0010507309998502024,,0.0001,,12.486393524936963,,,0.0012441859998943983,,73,0.17476458399960393,204,,,2.732663631439209,2.0180004867142998e-06,,,1696190030.0,,0.2402615290002359,393.0,,,,,
,,,968.564736,17.125,203.0,8.125,39356.0,0.07188232899989089,1.1240000000000236,,3594.9568,9.875,,15.6,26620.973056,1586.0,39771.0,0.0011362059995008167,4445.749248,,2.654208,,28179.058688,0.0,0.0011998889995084028,0.0,74,0.17495127399979538,205,0.4490000000000691,96326.0,,1.7269994714297354e-06,0.0,487.0,1696190031.0,0.0,,,0.0,0.0,0.0,3696.197632,0.012257519156164149
,,0.0,,,,,,,,131.0,,,0.0016772990002209553,,,,,,,0.0001,,11.959399083964566,,,,,74,,206,,,2.1290316581726074,,,,1696190031.0,,0.25084872399838787,396.0,,,,,
,,0.0,,,,,,0.0715821350004262,,132.0,,,0.0014576749999832828,,,,,0.0011251999994783546,,0.0001,,11.931087422993262,,,0.0012010790005660965,,74,0.17607560800024658,207,,,2.3401269912719727,2.2740005078958347e-06,,,1696190031.0,,0.2514439710012084,399.0,,,,,
,,,968.564736,17.125,204.0,8.125,39808.0,0.06738357899939729,1.1400000000000148,,3594.9568,9.875,,15.6,26621.386752,1606.0,40224.0,0.001148861999354267,4445.134848,,2.654208,,28179.058688,0.0,0.0012418609994711005,0.0,75,0.17445434799992654,208,0.45100000000002183,97635.0,,1.716999577183742e-06,0.0,490.0,1696190032.0,0.0,,,0.0,0.0,0.0,3696.197632,0.012257239306125267
,,0.0,,,,,,,,133.0,,,0.0017060400004993426,,,,,,,0.0001,,12.198275304646714,,,,,75,,209,,,1.8030946254730225,,,,1696190032.0,,0.24593640699822572,402.0,,,,,
,,0.0,,,,,,0.060073452999859,,134.0,,,0.001681751000432996,,,,,0.001184464999823831,,0.0001,,12.497658199204901,,,0.00128019099975063,,75,0.1758231430003434,210,,,2.6355018615722656,1.9680001059896313e-06,,,1696190032.0,,0.24004497100031585,405.0,,,,,
,,,968.564736,17.75,207.0,8.5,40318.0,0.05384083099943382,1.1599999999999966,,3594.9568,10.0,,15.6,26619.334656,1625.0,40704.0,0.0011187710006197449,4447.379456,,2.654208,,28179.058688,0.0,0.0011825920000774204,0.0,76,0.17687198800012993,211,0.45400000000017826,98976.0,,1.7460006347391754e-06,0.0,495.0,1696190033.0,0.0,,,0.0,0.0,0.0,3696.201728,0.053111217503839424
,,0.0,,,,,,,,135.0,,,0.0016305280005326495,,,,,,,0.0001,,12.785192033676992,,,,,76,,212,,,3.0735459327697754,,,,1696190033.0,,0.2346464560014283,408.0,,,,,
,,0.0,,,,,,0.06687877300009859,,136.0,,,0.0014963550001994008,,,,,0.0010737189995779772,,0.0001,,12.199572662743375,,,0.0012560600007418543,,76,0.1752035950003119,213,,,1.9141191244125366,1.7510001271148212e-06,,,1696190033.0,,0.24591025300105684,411.0,,,,,
,,,968.564736,17.75,208.0,8.5,40858.0,0.0596058119999725,1.171999999999997,,3594.9568,10.0,,15.7,26618.118144,1644.0,41211.0,0.0010543349999352358,4448.595968,,2.654208,,28179.058688,0.0,0.001119647000450641,0.05388829973314325,77,0.172587210000529,214,0.45600000000013097,100276.0,,1.7089996617869474e-06,0.0,498.0,1696190034.0,0.01686951955516946,,,0.0,0.0,0.0,3696.201728,0.012257134365655103
,,0.0,,,,,,,,137.0,,,0.0017880149998745765,,,,,,,0.0001,,12.70342803866514,,,,,77,,215,,,2.733839511871338,,,,1696190034.0,,0.23615672800042375,414.0,,,,,
,,0.0,,,,,,0.060738803000276675,,138.0,,,0.0014456009994319174,,,,,0.0010571000002528308,,0.0001,,12.581652460507524,,,0.0011240420008107321,,77,0.17407502500009286,216,,,2.8490419387817383,1.8760001694317907e-06,,,1696190034.0,,0.23844244700103445,417.0,,,,,
,,,968.564736,17.75,210.0,8.5,41346.0,0.06778280899925448,1.1839999999999975,,3594.9568,10.0,,15.7,26617.50784,1665.0,41729.0,0.0010354340001867968,4449.01376,,2.654208,,28179.058688,0.0,0.0011385449997760588,0.0,78,0.17422507599985693,217,0.4580000000000837,101511.0,,1.6530002540093847e-06,0.0,501.0,1696190035.0,0.0,,,0.0,0.0,0.0,3696.201728,0.012256874937204966
,,0.0,,,,,,,,139.0,,,0.0015622109995092615,,,,,,,0.0001,,12.207740189136436,,,,,78,,218,,,1.8560436964035034,,,,1696190035.0,,0.24574572799883754,420.0,,,,,
,,0.0,,,,,,0.06563834699954896,,140.0,,,0.0016266759994323365,,,,,0.001082737999240635,,0.0001,,12.252246656735057,,,0.00125208100052987,,78,0.17525152000052913,219,,,1.9606512784957886,1.6909998521441594e-06,,,1696190035.0,,0.24485305299913307,423.0,,,,,
,,,968.564736,17.75,211.0,8.5,41830.0,0.05844084799991833,1.200000000000017,,3594.9568,10.0,,15.7,26617.618432,1685.0,42307.0,0.0010321310001017991,4449.292288,,2.654208,,28179.058688,0.0,0.0011924970003747148,0.016367517325856687,79,0.17652577200078667,220,0.4600000000000364,102807.0,,1.7239999579032883e-06,0.0,504.0,1696190036.0,0.0026733877698151766,,,0.0,0.0,0.0,3696.201728,0.012257682407921536
,,0.0,,,,,,,,141.0,,,0.001661148000493995,,,,,,,0.0001,,12.559967565053867,,,,,79,,221,,,2.6462056636810303,,,,1696190036.0,,0.23885412000163342,426.0,,,,,
,,0.0,,,,,,0.058304162999775144,,142.0,,,0.0017821009996623616,,,,,0.0011070419996030978,,0.0001,,12.681297000194478,,,0.0012222850000398466,,79,0.17415163699934055,222,,,2.846071720123291,1.6340000001946464e-06,,,1696190036.0,,0.2365688619984212,429.0,,,,,
,,,968.564736,17.75,214.0,8.5,42463.0,0.05824900199968397,1.2199999999999989,,3594.9568,10.0,,15.7,26616.987648,1705.0,42888.0,0.0010854150004888652,4449.726464,,2.654208,,28179.058688,0.0,0.0012416210001902073,0.039770674618132267,80,0.17684045300029538,223,0.4619999999999891,104121.0,,2.3130005502025597e-06,0.0,507.0,1696190037.0,0.27758877571670243,,,0.0,0.0,0.0,3696.201728,0.01225677291778927
,,0.0,,,,,,,,143.0,,,0.0015389350000987179,,,,,,,0.0001,,12.554521199179856,,,,,80,,224,,,2.467639207839966,,,,1696190037.0,,0.23895773900130735,432.0,,,,,
,,0.0,,,,,,0.05230059899986372,,144.0,,,0.0016049109999585198,,,,,0.0010736180001913453,,0.0001,,12.862090076329519,,,0.0012175499996374128,,80,0.17704493000019283,225,,,3.6269874572753906,1.977000465558376e-06,,,1696190037.0,,0.2332435850003094,435.0,,,,,
,,,968.564736,18.25,216.0,8.75,42939.0,0.06997969199983345,1.2360000000000184,,3594.9568,10.125,,15.7,26616.365056,1725.0,43433.0,0.0010795959997267346,4450.541568,,2.654208,,28179.058688,0.0,0.001179167000373127,0.016366345738401726,81,0.17499408399999083,226,0.4650000000001455,105454.0,,1.8239998098579235e-06,0.0,512.0,1696190038.0,0.002681176097328979,,,0.0,0.0,0.0,3696.201728,0.04494161826433066
,,0.0,,,,,,,,145.0,,,0.001609431000360928,,,,,,,0.0001,,12.055755748519312,,,,,81,,227,,,1.9524253606796265,,,,1696190038.0,,0.24884379400009493,438.0,,,,,
,,0.0,,,,,,0.06196748599995772,,146.0,,,0.0016780129999460769,,,,,0.0011282759996902314,,0.0001,,12.45228362742624,,,0.001185695999993186,,81,0.17495815099937317,228,,,2.358926296234131,2.043000677076634e-06,,,1696190038.0,,0.24091966499963746,441.0,,,,,
,,,968.564736,18.25,219.0,8.75,43476.0,0.07104463599989685,1.2520000000000095,,3594.9568,10.125,,15.7,26616.008704,1745.0,43930.0,0.001195073999952001,4450.680832,,2.654208,,28179.058688,0.0,0.001177590999759559,0.0,82,0.17870159300036903,229,0.46900000000005093,106745.0,,1.720000000204891e-06,0.0,518.0,1696190039.0,0.0,,,0.0,0.0,0.0,3696.205824,0.08580136892753489
,,0.0,,,,,,,,147.0,,,0.0016304609998769592,,,,,,,0.0001,,11.822610012594899,,,,,82,,230,,,1.8428170680999756,,,,1696190039.0,,0.2537510749998546,444.0,,,,,
,,0.0,,,,,,0.06499570300002233,,148.0,,,0.0018707910003286088,,,,,0.0011204699994777911,,0.0001,,12.218979160334731,,,0.0012282509997021407,,82,0.1763023390003582,231,,,2.095350503921509,2.1380001271609217e-06,,,1696190039.0,,0.24551969200001622,447.0,,,,,
,,,968.564736,18.25,220.0,8.75,43932.0,0.0605153930000597,1.2680000000000007,,3594.9568,10.125,,15.7,26615.083008,1765.0,44402.0,0.0010707660003390629,4451.803136,,2.654208,,28179.058688,0.0,0.0011978450002061436,0.0,83,0.1767607429992495,232,0.47100000000000364,108039.0,,1.981999957934022e-06,0.0,521.0,1696190040.0,0.0,,,0.0,0.0,0.0,3696.205824,0.012257641594574514
,,0.0,,,,,,,,149.0,,,0.0015887330000623479,,,,,,,0.0001,,12.44113982704692,,,,,83,,233,,,2.332568883895874,,,,1696190040.0,,0.24113546199987468,450.0,,,,,
,,0.0,,,,,,0.05438726299962582,,150.0,,,0.0015494400004172348,,,,,0.0011232390006625792,,0.0001,,12.744699125955824,,,0.0012310309994063573,,83,0.17709899100009352,234,,,3.1043641567230225,2.0190000213915482e-06,,,1696190040.0,,0.2353919830002269,453.0,,,,,
,,,968.564736,18.25,223.0,8.75,44448.0,0.07625697399998899,1.2800000000000011,,3594.9568,10.125,,15.7,26614.235136,1785.0,44937.0,0.001087904000087292,4452.253696,,2.654208,,28179.058688,0.0,0.0013186219994167914,0.0,84,0.17713646200081712,235,0.47400000000016007,109338.0,,1.851999513746705e-06,0.0,524.0,1696190041.0,0.0,,,0.0,0.0,0.0,3696.205824,0.012256259931611429
,,0.0,,,,,,,,151.0,,,0.0016339140001946362,,,,,,,0.0001,,11.65339412406573,,,,,84,,236,,,1.9353009462356567,,,,1696190041.0,,0.25743572800001857,456.0,,,,,
,,0.0,,,,,,0.0747347209999134,,152.0,,,0.0015734159997009556,,,,,0.001209594000101788,,0.0001,,11.69793849920127,,,0.0013854230001015821,,84,0.17755031900014728,237,,,1.7492177486419678,1.97000008483883e-06,,,1696190041.0,,0.25645544300004985,459.0,,,,,
,,,968.564736,18.25,223.0,8.75,46089.0,0.054498240000611986,1.2960000000000207,,3594.9568,10.125,,15.8,26569.674752,1805.0,45772.0,0.0012147709994678735,4497.227776,,2.654208,,28179.058688,0.0,0.0012725730002784985,0.0,85,0.17972963400006847,238,0.4760000000001128,111162.0,,1.7689999367576092e-06,0.0,527.0,1696190042.0,0.0,,,0.0,0.0,0.0,3696.205824,0.012255764474366545
,,0.0,,,,,,,,153.0,,,0.0017897190000439878,,,,,,,0.0001,,12.578262684131294,,,,,85,,239,,,3.058239698410034,,,,1696190042.0,,0.23850670600040758,462.0,,,,,
,,0.0,,,,,,0.06951569900047616,,154.0,,,0.0019586379994507297,,,,,0.0011083599993071402,,0.0001,,11.931283870520213,,,0.001261433999388828,,85,0.1775925219999408,240,,,2.538996934890747,3.178000042680651e-06,,,1696190042.0,,0.25143983099860634,465.0,,,,,
,,,968.564736,19.875,224.0,9.25,48002.0,0.06881090400020184,1.3120000000000118,,3594.9568,10.25,,15.7,26614.611968,1824.0,47511.0,0.0010713109995776904,4452.306944,,2.654208,,28179.058688,0.0,0.0013034140001764172,0.11444946048539446,86,0.17747808700005407,241,0.4780000000000655,113908.0,,2.663000486791134e-06,0.0,530.0,1696190043.0,0.03847966102336159,,,0.0,0.0,0.0,3696.20992,0.012257312182508988
,,0.0,,,,,,,,155.0,,,0.0015969039995979983,,,,,,,0.0001,,11.987375711038137,,,,,86,,242,,,2.3071203231811523,,,,1696190043.0,,0.2502632830000948,468.0,,,,,
,,0.0,,,,,,0.06683787400015717,,156.0,,,0.0014974980003898963,,,,,0.0010781669998323196,,0.0001,,12.064087375782046,,,0.0012681489997703466,,86,0.17798830199990334,243,,,2.074669122695923,1.948999852174893e-06,,,1696190043.0,,0.24867193899990525,471.0,,,,,
,,,968.564736,19.875,226.0,9.25,48836.0,0.068928464000237,1.3400000000000034,,3594.9568,10.25,,15.7,26615.742464,1846.0,48336.0,0.0010348579999117646,4451.151872,,2.654208,,28179.058688,0.0,0.0011673890003294218,0.021705775722430067,87,0.17743898000026093,244,0.5070000000000618,115461.0,,1.9110002540401183e-06,0.0,567.0,1696190044.0,0.013613990204941437,,,0.0,0.0,0.0,3696.20992,0.40040772150157194
,,0.0,,,,,,,,157.0,,,0.0016409930003646878,,,,,,,0.0001,,11.989804110315548,,,,,87,,245,,,2.419611692428589,,,,1696190044.0,,0.25021259500135784,474.0,,,,,
,,0.0,,,,,,0.05996489900007873,,158.0,,,0.0017107300000134273,,,,,0.0011288400000921683,,0.0001,,12.478701975413376,,,0.001159241999630467,,87,0.17644416999974055,246,,,2.8326914310455322,1.7390002540196292e-06,,,1696190044.0,,0.24040961999980937,477.0,,,,,
,,,968.564736,19.875,229.0,9.25,49331.0,0.06697830600023735,1.3600000000000136,,3594.9568,10.25,,15.7,26615.259136,1862.0,49006.0,0.0011011040005541872,4451.467264,,2.654208,,28179.058688,0.0,0.0011802150002040435,0.0,88,0.1760109030001331,247,0.5100000000002183,116812.0,,1.624000105948653e-06,0.0,571.0,1696190045.0,0.0,,,0.0,0.0,0.0,3696.20992,0.016344622213960647
,,0.0,,,,,,,,159.0,,,0.001446600000235776,,,,,,,0.0001,,12.159594581534362,,,,,88,,248,,,1.9348162412643433,,,,1696190045.0,,0.24671875200147042,480.0,,,,,
,,0.0,,,,,,0.08863058900078613,,160.0,,,0.0016836509994391236,,,,,0.0010721100006776396,,0.0001,,11.946082836394451,,,0.0011651120003079996,,88,0.15857454399974813,249,,,2.3388118743896484,2.337999831070192e-06,,,1696190045.0,,0.2511283440007901,483.0,,,,,
,,,968.564736,19.875,229.0,9.25,49800.0,0.06776827599969693,1.372000000000014,,3594.9568,10.25,,15.7,26616.807424,1881.0,49576.0,0.001083064999875205,4452.098048,,2.654208,,28179.058688,0.0,0.0011679129993353854,0.0,89,0.17987669899957837,250,0.512000000000171,118155.0,,1.5980003809090704e-06,0.0,574.0,1696190046.0,0.0,,,0.0,0.0,0.0,3696.20992,0.01225916061729523
,,0.0,,,,,,,,161.0,,,0.0016402750006818678,,,,,,,0.0001,,11.926635638511812,,,,,89,,251,,,2.361257553100586,,,,1696190046.0,,0.25153782599954866,486.0,,,,,
,,0.0,,,,,,0.06699360000038723,,162.0,,,0.00161077499979001,,,,,0.0010858240002562525,,0.0001,,12.226744387781588,,,0.0011886540005434654,,89,0.1744830239995281,252,,,2.1699631214141846,1.8849996195058338e-06,,,1696190046.0,,0.24536376200012455,489.0,,,,,
,,,968.564736,19.875,231.0,9.25,50364.0,0.05626802599999792,1.3840000000000146,,3594.9568,10.25,,15.7,26596.88448,1901.0,50113.0,0.0010513730003367527,4472.725504,,2.654208,,28179.058688,0.0,0.0011727889996109297,0.014802981101204402,90,0.18025145399951725,253,0.5140000000001237,119374.0,,2.083999788737856e-06,0.0,577.0,1696190047.0,0.2699249790597506,,,0.0,0.0,0.0,3696.20992,0.012257347163480986
,,0.0,,,,,,,,163.0,,,0.0015258060002452112,,,,,,,0.0001,,12.485873690630495,,,,,90,,254,,,2.578219413757324,,,,1696190047.0,,0.2402715319994968,492.0,,,,,
,,0.0,,,,,,0.06725823099986883,,164.0,,,0.0015075520004756982,,,,,0.0011552020005183294,,0.0001,,12.115372315962606,,,0.001161534999482683,,90,0.1765347729997302,255,,,2.310476779937744,2.005999704124406e-06,,,1696190047.0,,0.24761929899977986,495.0,,,,,
,,,968.564736,19.25,233.0,9.25,50621.0,0.05992244700064475,1.4000000000000057,,3594.9568,10.25,,15.6,26618.556416,1920.0,50543.0,0.0010594570003377157,4453.941248,,2.654208,,28179.058688,0.0,0.0011314219991618302,0.0,91,0.17952093699932448,256,0.5160000000000764,120320.0,,1.6410003809141926e-06,0.0,580.0,1696190048.0,0.0,,,0.0,0.0,0.0,3696.20992,0.012257026512044323
,,0.0,,,,,,,,165.0,,,0.0014848359996904037,,,,,,,0.0001,,12.339547831277887,,,,,91,,257,,,3.1505391597747803,,,,1696190048.0,,0.2431207399995401,498.0,,,,,
,,0.0,,,,,,0.05929046799974458,,166.0,,,0.0018106059997080592,,,,,0.001147239000601985,,0.0001,,12.427924150311616,,,0.0013971819998914725,,91,0.1777443500004665,258,,,2.4553604125976562,2.0369998310343362e-06,,,1696190048.0,,0.24139188200024364,501.0,,,,,
,,,968.564736,19.25,235.0,9.25,51022.0,0.07796248300019215,1.420000000000016,,3594.9568,10.25,,15.6,26622.722048,1937.0,51028.0,0.0010057480003524688,4455.542784,,2.654208,,28179.058688,0.0,0.0010518150002098992,0.05264195211462461,92,0.17976653999994596,259,0.5190000000002328,121414.0,,1.966999661817681e-06,0.0,585.0,1696190049.0,0.01687160199047966,,,0.0,0.0,0.0,3696.20992,0.061293237157994555
,,0.0,,,,,,,,167.0,,,0.0015780759995323024,,,,,,,0.0001,,11.478129443989614,,,,,92,,260,,,1.788519024848938,,,,1696190049.0,,0.2613666289998946,504.0,,,,,
,,,971.440128,19.25,235.0,9.25,51614.0,,1.4279999999999973,,3594.9568,10.25,,13.8,27205.05856,1963.0,51849.0,0.0011154859994348953,3861.864448,,2.654208,,28179.058688,0.0,,0.0,93,,261,0.5199999999999818,123062.0,,,0.0,587.0,1696190050.0,0.0,,,0.0,0.0,0.0,3699.32288,0.008166165712436443
,,1.0,,,,,,0.06728183300037927,,0.0,,,0.7074351640003442,,,,,,,0.0001,,3.1448601291328573,,,0.0013985859995955252,,93,0.17668334399968444,262,,,2.174150228500366,2.3084000531525817e-05,,,1696190050.0,,0.9539374969999699,507.0,,,,,
,,1.0,,,,,,0.056205492000117374,,1.0,,,0.00155594799980463,,,,,0.0011394209996069549,,0.0001,,12.88158004264647,,,0.0012659959993470693,,94,0.17272194599991053,263,,,2.5438857078552246,1.8820001059793867e-06,,,1696190051.0,,0.23289068499889254,510.0,,,,,
,,,969.19552,19.25,236.0,9.25,52168.0,,1.4519999999999982,,3594.9568,10.25,,13.8,27198.328832,2013.0,52580.0,0.0010882730002776952,3868.393472,,2.654208,,28181.946368,0.0,,0.0,94,,264,0.524000000000342,124510.0,,,0.0,593.0,1696190051.0,0.0,,,0.0,0.0,0.0,3697.324032,0.09395156709996826
,,1.0,,,,,,0.06929851800032338,,2.0,,,0.002416831000118691,,,,,,,0.0001,,11.93699230497496,,,0.001409946000421769,,94,0.1771042070004114,265,,,2.7422070503234863,1.8139999156119302e-06,,,1696190051.0,,0.25131958900146856,513.0,,,,,
,,1.0,,,,,,0.06811172000016086,,3.0,,,0.001392241999383259,,,,,0.0010737600005086279,,0.0001,,12.200371235366587,,,0.0014181970000208821,,95,0.1738962959998389,266,,,2.0890746116638184,1.941999471455347e-06,,,1696190052.0,,0.245894156999384,516.0,,,,,
,,,969.187328,19.25,237.0,9.25,52591.0,,1.4639999999999986,,3595.218944,10.25,,13.8,27197.190144,2037.0,53046.0,0.0010606320001897984,3869.331456,,2.654208,,28179.320832,0.0,,0.0,95,,267,0.5260000000002947,125690.0,,,0.0,596.0,1696190052.0,0.0,,,0.0,0.0,0.0,3697.328128,0.01225364029124008
,,1.0,,,,,,0.06784842799970647,,4.0,,,0.0020648800000344636,,,,,,,0.0001,,11.599243896346378,,,0.0014393249994100188,,95,0.18622261500058812,268,,,1.9639681577682495,1.6679996406310238e-06,,,1696190052.0,,0.2586375479995695,519.0,,,,,
,,,969.187328,18.75,238.0,9.375,53043.0,0.06821212300019397,1.4800000000000182,,3595.218944,10.25,,13.8,27194.802176,2059.0,53474.0,0.0009897039999486879,3869.028352,,2.654208,,28179.320832,0.0,0.0014696719999847119,0.0,96,0.17764947800060327,269,0.5289999999999964,126961.0,,1.7610000213608146e-06,0.0,599.0,1696190053.0,0.0,,,0.0,0.0,0.0,3697.328128,0.09397178808975111
,,1.0,,,,,,,,5.0,,,0.001971191999473376,,,,,,,0.0001,,11.98590792831971,,,,,96,,270,,,1.8970965147018433,,,,1696190053.0,,0.2502939300002254,522.0,,,,,
,,1.0,,,,,,0.06849595500079886,,6.0,,,0.0019228090004617115,,,,,0.0010203570000157924,,0.0001,,11.849173903376744,,,0.0015687519999119104,,96,0.18017231399971934,271,,,2.254643201828003,2.0200004655634984e-06,,,1696190053.0,,0.25318220700137317,525.0,,,,,
,,,969.187328,18.75,239.0,9.375,53532.0,0.06729996200010646,1.4920000000000186,,3595.218944,10.25,,13.8,27192.664064,2077.0,53931.0,0.0010610290000840905,3871.166464,,2.654208,,28179.320832,0.0,0.0011934870008190046,0.0013406744661746577,97,0.1794873100006953,272,0.5300000000002001,128168.0,,1.7069996829377487e-06,0.0,602.0,1696190054.0,0.00153219936502948,,,0.0,0.0,0.0,3697.33632,0.012257594951082145
,,1.0,,,,,,,,7.0,,,0.0015430390003530192,,,,,,,0.0001,,11.971912265561562,,,,,97,,273,,,2.0945701599121094,,,,1696190054.0,,0.2505865340017408,528.0,,,,,
,,1.0,,,,,,0.06822558000021672,,8.0,,,0.001738711999678344,,,,,0.0010914849999608123,,0.0001,,11.851501304942538,,,0.0012418460000844789,,97,0.1808330029998615,274,,,2.047053575515747,1.8609998733154498e-06,,,1696190054.0,,0.25313248699967517,531.0,,,,,
,,,969.187328,18.75,242.0,9.375,54032.0,0.05958665199977986,1.5080000000000098,,3595.218944,10.25,,13.8,27192.758272,2095.0,54436.0,0.0011656229999061907,3871.076352,,2.654208,,28179.320832,0.0,0.0013855020006303675,0.0,98,0.18113487600021472,275,0.5330000000003565,129389.0,,1.7279999156016856e-06,0.0,605.0,1696190055.0,0.0,,,0.0,0.0,0.0,3697.33632,0.012256904085921387
,,1.0,,,,,,,,9.0,,,0.0017687010004010517,,,,,,,0.0001,,12.242745134872328,,,,,98,,276,,,2.1768674850463867,,,,1696190055.0,,0.2450430820008478,534.0,,,,,
,,1.0,,,,,,0.06220831300015561,,10.0,,,0.0017646209998929407,,,,,0.0011644599999272032,,0.0001,,12.225510993336913,,,0.0013768529997832957,,98,0.1788726750000933,277,,,2.205570936203003,1.594000423210673e-06,,,1696190055.0,,0.24538851600027556,537.0,,,,,
,,,969.187328,18.75,243.0,9.375,54489.0,0.07408866799960379,1.52800000000002,,3595.218944,10.25,,13.8,27193.020416,2114.0,54980.0,0.0012737730003209435,3870.605312,,2.654208,,28179.320832,0.0,0.0012209690003146534,0.0,99,0.17797026700009155,278,0.5360000000000582,130689.0,,1.7550000848132186e-06,0.0,610.0,1696190056.0,0.0,,,0.0,0.0,0.0,3697.33632,0.057195430839651624
,,1.0,,,,,,,,11.0,,,0.0015947769998092554,,,,,,,0.0001,,11.711878009817921,,,,,99,,279,,,1.9309252500534058,,,,1696190056.0,,0.256150209000225,540.0,,,,,
,,1.0,,,,,,0.07793007899999793,,12.0,,,0.0015883949999988545,,,,,0.0011263359992881306,,0.0001,,11.366678241787344,,,0.0012724459993478376,,99,0.18201011400014977,280,,,1.7240192890167236,1.9799999790848233e-06,,,1696190056.0,,0.2639293499987616,543.0,,,,,
,,,969.187328,18.75,245.0,9.375,55036.0,0.05897769500006689,1.5480000000000018,,3595.218944,10.25,,13.8,27190.878208,2132.0,55570.0,0.0012938190002387273,3872.95232,,2.654208,,28179.320832,0.0,0.0013604630003101192,0.016646042633841195,100,0.1842405340003097,281,0.6020000000003165,132140.0,,1.863999386841897e-06,0.0,673.0,1696190057.0,0.26305694884464564,,,0.0,0.0,0.0,3697.33632,0.3309418408314005
,,1.0,,,,,,,,13.0,,,0.001916503000757075,,,,,,,0.0001,,12.106983211815624,,,,,100,,282,,,2.5731167793273926,,,,1696190057.0,,0.24779087800106936,546.0,,,,,
,,1.0,,,,,,0.05872957100018539,,14.0,,,0.001649925000492658,,,,,0.0010201770001003752,,0.0001,,12.235621510179751,,,0.0012504910000643576,,100,0.18253348000052938,283,,,2.6079676151275635,2.103000042552594e-06,,,1696190057.0,,0.2451857470014147,549.0,,,,,
,,,969.187328,19.25,247.0,9.625,55900.0,0.05618132700055867,1.5800000000000125,,3595.218944,10.375,,13.8,27191.853056,2155.0,56576.0,0.0010719459996835212,3871.981568,,2.654208,,28179.320832,0.0,0.001290646000597917,0.0938956142037995,101,0.18494005399952584,284,0.625,133894.0,,1.6969997886917554e-06,0.0,701.0,1696190058.0,0.06506542351373586,,,0.0,0.0,0.0,3697.33632,0.17567823933945184
,,1.0,,,,,,,,15.0,,,0.0016282179994959733,,,,,,,0.0001,,12.239208575583756,,,,,101,,285,,,2.583911657333374,,,,1696190058.0,,0.24511388799965061,552.0,,,,,
,,1.0,,,,,,0.07105672600027901,,16.0,,,0.0015716389998488012,,,,,0.0010113110001839232,,0.0001,,11.682251588580428,,,0.0012634629993044655,,101,0.18189482700017834,286,,,2.01057505607605,1.8450000425218605e-06,,,1696190058.0,,0.25679981099983706,555.0,,,,,
,,,969.187328,19.25,251.0,9.625,56368.0,0.06076431800011051,1.592000000000013,,3595.218944,10.375,,13.8,27191.328768,2173.0,57041.0,0.0011115289998997469,3872.89088,,2.654208,,28179.320832,0.0,0.0012248060002093553,0.0,102,0.18255631199917843,287,0.6269999999999527,135115.0,,1.7720003597787581e-06,0.0,704.0,1696190059.0,0.0,,,0.0,0.0,0.0,3697.33632,0.012257863156011085
,,1.0,,,,,,,,17.0,,,0.0014999369996075984,,,,,,,0.0001,,12.137951508866335,,,,,102,,288,,,1.9764775037765503,,,,1696190059.0,,0.24715867399936542,558.0,,,,,
,,1.0,,,,,,0.06380953799998679,,18.0,,,0.0014248239995140466,,,,,0.0010716030001276522,,0.0001,,11.895201136856738,,,0.001273892000426713,,102,0.1846205989995724,289,,,2.092965602874756,2.0890001906082034e-06,,,1696190059.0,,0.2522025449998182,561.0,,,,,
,,,969.187328,19.25,253.0,9.625,56826.0,0.06133536400011508,1.608000000000004,,3595.218944,10.375,,13.8,27190.829056,2192.0,57521.0,0.0011546579999048845,3873.001472,,2.654208,,28179.320832,0.0,0.001204285000312666,0.0,103,0.1773979669997061,290,0.6290000000003602,136230.0,,1.9240005713072605e-06,0.0,707.0,1696190060.0,0.0,,,0.0,0.0,0.0,3697.33632,0.012257618272783958
,,1.0,,,,,,,,19.0,,,0.0015690840000388562,,,,,,,0.0001,,12.362809796629957,,,,,103,,291,,,2.366741895675659,,,,1696190060.0,,0.2426632820006489,564.0,,,,,
,,1.0,,,,,,0.07375468999998702,,20.0,,,0.0014768150003874325,,,,,0.0011185570001543965,,0.0001,,11.55014691090397,,,0.0012880410004072473,,103,0.18209710599967366,292,,,1.9053585529327393,1.7470001694164239e-06,,,1696190060.0,,0.2597369560007792,567.0,,,,,
,,,969.187328,19.25,256.0,9.625,57323.0,0.062327032999746734,1.6280000000000143,,3595.218944,10.375,,13.9,27171.995648,2214.0,57976.0,0.0011078199995608884,3894.915072,,2.654208,,28179.320832,0.0,0.001227767000273161,0.0,104,0.17804101100045955,293,0.6330000000002656,137460.0,,2.124000275216531e-06,0.0,712.0,1696190061.0,0.0,,,0.0,0.0,0.0,3697.33632,0.020424443114491514
,,1.0,,,,,,,,21.0,,,0.0017196869994222652,,,,,,,0.0001,,12.273681395258428,,,,,104,,294,,,2.3513240814208984,,,,1696190061.0,,0.2444254419997378,570.0,,,,,
,,1.0,,,,,,0.06074715599970659,,22.0,,,0.0019126359993606457,,,,,0.0010952109996651416,,0.0001,,12.226448796929786,,,0.0012887359998785541,,104,0.18032394900001236,295,,,2.2479124069213867,2.0060006136191078e-06,,,1696190061.0,,0.24536969399923692,573.0,,,,,
,,,969.187328,19.25,257.0,9.625,57789.0,0.07376810000005207,1.6400000000000148,,3595.218944,10.375,,13.9,27170.97984,2244.0,58467.0,0.0011105639996458194,3895.734272,,2.654208,,28179.320832,0.0,0.0012496439994720276,0.0,105,0.18318269799965492,296,0.637000000000171,138800.0,,1.8209993868367746e-06,0.0,718.0,1696190062.0,0.0,,,0.0,0.0,0.0,3697.33632,0.08984432871717797
,,1.0,,,,,,,,23.0,,,0.0014344660003189347,,,,,,,0.0001,,11.505392694592254,,,,,105,,297,,,2.150500774383545,,,,1696190062.0,,0.2607472929985306,576.0,,,,,
,,1.0,,,,,,0.07065562699972361,,24.0,,,0.001665578999563877,,,,,0.001158336000116833,,0.0001,,11.615331984272798,,,0.001297181999689201,,105,0.1835006359997351,298,,,2.1263558864593506,1.9560002328944393e-06,,,1696190062.0,,0.2582793159990615,579.0,,,,,
,,,969.187328,19.625,258.0,9.875,58266.0,0.053903170000012324,1.656000000000006,,3595.218944,10.375,,13.9,27173.04832,2265.0,58899.0,0.0010994790000040666,3893.665792,,2.654208,,28179.320832,0.0,0.001251568000043335,0.0,106,0.1858050610007922,299,0.6400000000003274,140109.0,,1.844000507844612e-06,0.0,723.0,1696190063.0,0.0,,,0.0,0.0,0.0,3697.33632,0.020415545288571545
,,1.0,,,,,,,,25.0,,,0.0015339240007961052,,,,,,,0.0001,,12.315521391898296,,,,,106,,300,,,3.269477128982544,,,,1696190063.0,,0.24359504600215587,582.0,,,,,
,,1.0,,,,,,0.05610358499961876,,26.0,,,0.0013668410001628217,,,,,0.0010359100006098743,,0.0001,,12.206284896447226,,,0.0012583509997057263,,106,0.18600812000022415,301,,,3.5494039058685303,2.220000169472769e-06,,,1696190063.0,,0.2457750270004908,585.0,,,,,
,,,969.187328,19.625,259.0,9.875,58809.0,,1.6680000000000064,,3595.218944,10.375,,13.9,27173.883904,2281.0,59385.0,0.0010650779995557969,3892.830208,,2.654208,,28179.320832,0.0,0.0012550299998110859,0.05273983587782299,107,0.18273792499985575,302,0.6420000000002801,141353.0,,,0.0,726.0,1696190064.0,0.017393773401036906,,,0.0,0.0,0.0,3697.340416,0.012255429334826326
,,1.0,,,,,,0.07290477199967427,,27.0,,,0.001413796000633738,,,,,,,0.0001,,11.566114249248068,,,,,107,,303,,,2.1791868209838867,1.781000719347503e-06,,,1696190064.0,,0.25937838200025,588.0,,,,,
,,1.0,,,,,,0.058511277999969025,,28.0,,,0.0015015389999462059,,,,,0.0012092249999113847,,0.0001,,12.245364882466228,,,0.0012442510005712393,,107,0.18252271599976666,304,,,2.378486156463623,1.6489993868162856e-06,,,1696190064.0,,0.24499065799955133,591.0,,,,,
,,,969.187328,19.625,262.0,9.875,59311.0,,1.6880000000000166,,3595.218944,10.375,,13.9,27176.984576,2300.0,59912.0,0.001221019000695378,3889.729536,,2.654208,,28179.320832,0.0,0.0012953550003658165,0.0,108,0.18292697000015323,305,0.6440000000002328,142770.0,,,0.0,729.0,1696190065.0,0.0,,,0.0,0.0,0.0,3697.340416,0.012257615357566379
,,1.0,,,,,,0.05771937999998045,,29.0,,,0.0015788259997862042,,,,,,,0.0001,,12.257712722357638,,,,,108,,306,,,2.851060152053833,2.316000063729007e-06,,,1696190065.0,,0.2447438660010448,594.0,,,,,
,,1.0,,,,,,0.06363663100000849,,30.0,,,0.0017075639998438419,,,,,0.001201750000291213,,0.0001,,11.847567116277965,,,0.0013636650000989903,,108,0.1853050509998866,307,,,1.955939769744873,1.883000550151337e-06,,,1696190065.0,,0.2532165440006793,597.0,,,,,
,,,969.187328,19.625,264.0,9.875,59777.0,,1.700000000000017,,3595.218944,10.375,,13.9,27177.00096,2320.0,60410.0,0.0012428640002326574,3889.721344,,2.654208,,28179.320832,0.0,0.001270993000616727,0.0,109,0.18278265400022065,308,0.6469999999999345,144061.0,,,0.0,732.0,1696190066.0,0.0,,,0.0,0.0,0.0,3697.340416,0.012257539562396015
,,1.0,,,,,,0.060734378999768523,,31.0,,,0.0014323130008051521,,,,,,,0.0001,,12.122913884346959,,,,,109,,309,,,2.510053873062134,2.054000105999876e-06,,,1696190066.0,,0.2474652570017497,600.0,,,,,
,,1.0,,,,,,0.06571657600034086,,32.0,,,0.0015365140006906586,,,,,0.001172570999187883,,0.0001,,11.738284706632315,,,0.0012401120002323296,,109,0.18590635700002167,310,,,2.2666516304016113,1.838000571297016e-06,,,1696190066.0,,0.2555739680010447,603.0,,,,,
,,,969.187328,19.625,266.0,9.875,60317.0,,1.7160000000000082,,3595.218944,10.375,,13.9,27179.515904,2346.0,60918.0,0.001258456000869046,3887.0016,,2.654208,,28179.320832,0.0,,0.017761243055339423,110,,311,0.650000000000091,145393.0,,,0.0,737.0,1696190067.0,0.2694638861673808,,,0.0,0.0,0.0,3697.340416,0.044897361310222
,,1.0,,,,,,0.06564580899976136,,33.0,,,0.0015646820002075401,,,,,,,0.0001,,11.852905021963354,,,0.0016649239996695542,,110,0.1829665629993542,312,,,2.4616308212280273,2.0750003386638127e-06,,,1696190067.0,,0.25310250900020037,606.0,,,,,
,,1.0,,,,,,0.062116195000271546,,34.0,,,0.0015332009998019203,,,,,0.0012272100002519437,,0.0001,,11.979060123761062,,,0.001210374999573105,,110,0.1843483920001745,313,,,2.767732620239258,1.6369995137210935e-06,,,1696190067.0,,0.25043700999958673,609.0,,,,,
,,,969.187328,20.125,268.0,10.125,60757.0,,1.7360000000000184,,3595.218944,10.5,,13.9,27181.010944,2385.0,61447.0,0.0011565150007299962,3885.703168,,2.654208,,28179.320832,0.0,,0.0,111,,314,0.6520000000000437,146758.0,,,0.0,740.0,1696190068.0,0.0,,,0.0,0.0,0.0,3697.340416,0.012255257400784854
,,1.0,,,,,,0.06398762200024066,,35.0,,,0.001390958999763825,,,,,,,0.0001,,12.012567307592146,,,0.0012471540003389237,,111,0.1819543870005873,315,,,2.432921886444092,1.8179998733103275e-06,,,1696190068.0,,0.24973845500153402,612.0,,,,,
,,1.0,,,,,,0.06199544000082824,,36.0,,,0.0016497290007464471,,,,,0.0012536330004877527,,0.0001,,11.94196125613086,,,0.0013085079999655136,,111,0.18500539700016816,316,,,2.252122640609741,2.310000127181411e-06,,,1696190068.0,,0.2512150170023233,615.0,,,,,
,,,969.187328,20.125,270.0,10.125,61252.0,,1.7480000000000189,,3595.218944,10.5,,13.9,27182.252032,2403.0,61907.0,0.0013480199995683506,3884.363776,,2.654208,,28179.320832,0.0,,0.00043078569217113214,112,,317,0.6539999999999964,148026.0,,,0.0,743.0,1696190069.0,0.00043078569217113214,,,0.0,0.0,0.0,3697.340416,0.012253459667664507
,,1.0,,,,,,0.07288994700047624,,37.0,,,0.0015093840002009529,,,,,,,0.0001,,11.437068407909491,,,0.0013311410002643242,,112,0.18522436399962317,318,,,2.00380802154541,2.124000275216531e-06,,,1696190069.0,,0.26230498000040825,618.0,,,,,
,,1.0,,,,,,0.07538521599963133,,38.0,,,0.0015188780007520108,,,,,0.0012249130004420294,,0.0001,,11.228345560085003,,,0.0012680990002991166,,113,0.18778197200026625,319,,,2.047351121902466,1.8689997887122445e-06,,,1696190070.0,,0.26718094700117945,621.0,,,,,
,,,969.187328,20.125,271.0,10.125,61691.0,,1.7600000000000193,,3595.218944,10.5,,13.9,27185.958912,2424.0,62355.0,0.0011008890005541616,3880.546304,,2.654208,,28179.320832,0.0,,0.0,113,,320,0.6559999999999491,149289.0,,,0.0,746.0,1696190070.0,0.0,,,0.0,0.0,0.0,3697.3568,0.012252748878207535
,,1.0,,,,,,0.06219782599964674,,39.0,,,0.0014664739992440445,,,,,,,0.0001,,11.854668778754181,,,0.0013121880001563113,,113,0.18698543800019252,321,,,2.3334057331085205,2.0369998310343362e-06,,,1696190070.0,,0.2530648519996248,624.0,,,,,
,,1.0,,,,,,0.06682998199994472,,40.0,,,0.0013978520000819117,,,,,0.0010651659995346563,,0.0001,,11.779637011135918,,,0.001293156999963685,,114,0.18408879299931868,322,,,1.9085807800292969,1.8280006770510226e-06,,,1696190071.0,,0.2546767779995207,627.0,,,,,
,,,969.187328,20.125,272.0,10.125,62195.0,,1.7760000000000105,,3595.218944,10.5,,13.8,27189.18656,2445.0,62809.0,0.0011008560004484025,3877.625856,,2.654208,,28179.320832,0.0,,0.0,114,,323,0.6580000000003565,150544.0,,,0.0,749.0,1696190071.0,0.0,,,0.0,0.0,0.0,3697.3568,0.01225144694911325
,,1.0,,,,,,0.07354784100061806,,41.0,,,0.0018318889997317456,,,,,,,0.0001,,11.418485621544233,,,0.00140696200014645,,114,0.18484226300006412,324,,,1.9784252643585205,2.052000127150677e-06,,,1696190071.0,,0.26273186300113593,630.0,,,,,
,,1.0,,,,,,0.07113632900018274,,42.0,,,0.0019722259994523483,,,,,0.001070819000233314,,0.0001,,11.516708999996176,,,0.0014279689994509681,,115,0.18488173999958235,325,,,2.0735011100769043,2.0000006770715117e-06,,,1696190072.0,,0.2604910829995788,633.0,,,,,
,,,969.187328,20.125,273.0,10.125,62615.0,,1.7960000000000207,,3595.218944,10.5,,13.8,27190.870016,2474.0,63274.0,0.001148339999417658,3875.631104,,2.654208,,28179.320832,0.0,,0.0,115,,326,0.6610000000000582,151902.0,,,0.0,754.0,1696190072.0,0.0,,,0.0,0.0,0.0,3697.360896,0.04490030550581225
,,1.0,,,,,,0.06410575300014898,,43.0,,,0.0018907429994214908,,,,,,,0.0001,,11.703768033996846,,,0.0013111890002619475,,115,0.18786981699940952,327,,,1.8710612058639526,1.8630007616593502e-06,,,1696190072.0,,0.25632770499942126,636.0,,,,,
,,,969.187328,20.5,275.0,10.375,63073.0,0.06813156699990941,1.804000000000002,,3595.218944,10.625,,13.8,27188.047872,2490.0,63685.0,0.0010774400006994256,3875.557376,,2.654208,,28179.320832,0.0,0.0012607179996848572,0.0,116,0.18630237199977273,328,0.6620000000002619,153211.0,,2.0159995983703993e-06,0.0,756.0,1696190073.0,0.0,,,0.0,0.0,0.0,3697.360896,0.008169744221615115
,,1.0,,,,,,,,44.0,,,0.0014380709999386454,,,,,,,0.0001,,11.618351828063261,,,,,116,,329,,,1.8120511770248413,,,,1696190073.0,,0.25821218399960344,639.0,,,,,
,,1.0,,,,,,0.06919514200035337,,45.0,,,0.0014334620000227005,,,,,0.0011428159996285103,,0.0001,,11.73574119866467,,,0.001311924000219733,,116,0.18254400699970574,330,,,2.182208299636841,2.0079996829736046e-06,,,1696190073.0,,0.25562935899961303,642.0,,,,,
,,,969.187328,20.5,276.0,10.375,63532.0,0.06359941400023672,1.8240000000000123,,3595.218944,10.625,,13.8,27187.93728,2509.0,64165.0,0.0011010899997927481,3875.868672,,2.654208,,28179.320832,0.0,0.0012187090005681966,0.0,117,0.18390855400048167,331,0.7280000000000655,154469.0,,2.188999133068137e-06,0.0,811.0,1696190074.0,0.0,,,0.0,0.0,0.0,3697.360896,0.37166539061058623
,,1.0,,,,,,,,46.0,,,0.0015909599997030455,,,,,,,0.0001,,11.93218148962996,,,,,117,,332,,,2.2824957370758057,,,,1696190074.0,,0.25142091599991545,645.0,,,,,
,,1.0,,,,,,0.07083571500061225,,47.0,,,0.0015297459995053941,,,,,0.0010787259998323862,,0.0001,,11.582654801497679,,,0.001205106999805139,,117,0.1843567300002178,333,,,2.3914623260498047,1.953999344550539e-06,,,1696190074.0,,0.2590079779993175,648.0,,,,,
,,,969.187328,20.5,277.0,10.375,64043.0,0.058750475000124425,1.8360000000000127,,3595.218944,10.625,,13.8,27188.232192,2528.0,64622.0,0.0010615829996822868,3875.794944,,2.654208,,28179.320832,0.0,0.0012460699999792268,0.0,118,0.18146487000012712,334,0.7300000000000182,155812.0,,1.9839999367832206e-06,0.0,814.0,1696190075.0,0.0,,,0.0,0.0,0.0,3697.360896,0.012252862482460896
,,1.0,,,,,,,,48.0,,,0.0013798569998471066,,,,,,,0.0001,,12.299878970436202,,,,,118,,335,,,2.8686020374298096,,,,1696190075.0,,0.24390483899969695,651.0,,,,,
,,1.0,,,,,,0.06367958299961174,,49.0,,,0.0014848749997327104,,,,,0.0011142499997731647,,0.0001,,11.77684739640654,,,0.001232710000294901,,118,0.18722322099984012,336,,,2.2172698974609375,2.4649998522363603e-06,,,1696190075.0,,0.2547371039991049,654.0,,,,,
,,,969.187328,20.5,278.0,10.375,64478.0,0.05473548000009032,1.8480000000000132,,3595.218944,10.625,,13.8,27187.757056,2545.0,65082.0,0.0011019889998351573,3876.077568,,2.654208,,28179.320832,0.0,0.0011830590001409291,0.0,119,0.1807604129999163,337,0.7319999999999709,156972.0,,1.913000232889317e-06,0.0,817.0,1696190076.0,0.0,,,0.0,0.0,0.0,3697.360896,0.012249184522648855
,,1.0,,,,,,,,50.0,,,0.0014068419995965087,,,,,,,0.0001,,12.54234630576376,,,,,119,,338,,,2.893446207046509,,,,1696190076.0,,0.2391896959998121,657.0,,,,,
,,1.0,,,,,,0.057737705999898026,,51.0,,,0.0016150250003192923,,,,,0.0010759169999801088,,0.0001,,12.24551393351716,,,0.0013584320004156325,,119,0.18319826199967792,339,,,3.019580841064453,2.333999873371795e-06,,,1696190076.0,,0.24498767600016436,660.0,,,,,
,,,969.187328,20.5,281.0,10.375,64980.0,0.06712395700014895,1.8680000000000234,,3595.218944,10.625,,13.8,27188.211712,2565.0,65573.0,0.0010691329998735455,3875.61472,,2.654208,,28179.320832,0.0,0.0012788579997504712,0.018034155148472054,120,0.18025578699962352,340,0.7360000000003311,158207.0,,2.128999767592177e-06,0.0,823.0,1696190077.0,0.2636767361923696,,,0.0,0.0,0.0,3697.360896,0.02858664838889771
,,1.0,,,,,,,,52.0,,,0.0015600240003550425,,,,,,,0.0001,,11.938403187977627,,,,,120,,341,,,2.1462738513946533,,,,1696190077.0,,0.2512898879995191,663.0,,,,,
,,1.0,,,,,,0.06347635000020091,,53.0,,,0.0016375470004277304,,,,,0.0011124259999633068,,0.0001,,11.74117449664486,,,0.0012428210002326523,,120,0.18803981299970474,342,,,2.2331182956695557,2.1080004444229417e-06,,,1696190077.0,,0.25551106500097376,666.0,,,,,
,,,969.187328,20.875,282.0,10.625,65441.0,0.07787598499999149,1.8800000000000239,,3595.218944,10.625,,13.8,27188.740096,2587.0,66029.0,0.001061912000295706,3875.090432,,2.654208,,28179.320832,0.0,0.0012123199994675815,0.0,121,0.1822836430001189,343,0.7390000000000327,159420.0,,1.612000232853461e-06,0.0,826.0,1696190078.0,0.0,,,0.0,0.0,0.0,3697.360896,0.012250710185678993
,,1.0,,,,,,,,54.0,,,0.0013804410000375356,,,,,,,0.0001,,11.371565747811285,,,,,121,,344,,,2.0324902534484863,,,,1696190078.0,,0.26381591300014406,669.0,,,,,
,,1.0,,,,,,0.06976357199982886,,55.0,,,0.0015505450001001009,,,,,0.0011336480001773452,,0.0001,,11.584856929881294,,,0.0012735360005535767,,121,0.18523533700044936,345,,,2.210411548614502,2.106000465573743e-06,,,1696190078.0,,0.2589587440015748,672.0,,,,,
,,,969.187328,20.875,284.0,10.625,65998.0,0.060830541000541416,1.896000000000015,,3595.218944,10.625,,13.9,27170.172928,2606.0,66515.0,0.0010757070003819535,3896.541184,,2.654208,,28179.320832,0.0,0.0012457869997888338,0.05279162021593449,122,0.18612439699973038,346,0.7420000000001892,160750.0,,2.0630004655686207e-06,0.0,831.0,1696190079.0,0.01739243343810928,,,0.0,0.0,0.0,3697.360896,0.053102769261955333
,,1.0,,,,,,,,56.0,,,0.0016580850005993852,,,,,,,0.0001,,11.955211950294283,,,,,122,,347,,,2.591120719909668,,,,1696190079.0,,0.25093658000150754,675.0,,,,,
,,1.0,,,,,,0.07319217700023728,,57.0,,,0.001486604000092484,,,,,0.0010886489999393234,,0.0001,,11.465416341081067,,,0.0013857930007361574,,122,0.1845010689994524,348,,,2.3938069343566895,2.1460000425577164e-06,,,1696190079.0,,0.2616564380005002,678.0,,,,,
,,,969.187328,20.875,285.0,10.625,66412.0,0.07113527300043643,1.9120000000000061,,3595.218944,10.625,,13.9,27170.537472,2630.0,66955.0,0.0011270579998381436,3896.369152,,2.654208,,28179.320832,0.0,0.0012000650003756164,0.0,123,0.18012417099998856,349,0.7429999999999382,161929.0,,2.3310003598453477e-06,0.0,834.0,1696190080.0,0.0,,,0.0,0.0,0.0,3697.360896,0.012259099382610193
,,1.0,,,,,,,,58.0,,,0.001415036000253167,,,,,,,0.0001,,11.764524385671923,,,,,123,,350,,,1.9894578456878662,,,,1696190080.0,,0.25500393400125176,681.0,,,,,
,,1.0,,,,,,0.055590844999642286,,59.0,,,0.0016568049995839829,,,,,0.0011185080002178438,,0.0001,,12.16533715081542,,,0.0012321829999564216,,123,0.1870019179996234,351,,,3.4645204544067383,2.0309998944867402e-06,,,1696190080.0,,0.24660228999891842,684.0,,,,,
,,,969.187328,20.875,289.0,10.625,66887.0,,1.9279999999999973,,3595.218944,10.625,,13.9,27173.134336,2648.0,67465.0,0.0011148310004500672,3893.583872,,2.654208,,28179.320832,0.0,0.001216362999912235,0.0,124,0.18596154499937256,352,0.7460000000000946,163202.0,,,0.0,837.0,1696190081.0,0.0,,,0.0,0.0,0.0,3697.364992,0.01225588396514492
,,1.0,,,,,,0.07425544200032164,,60.0,,,0.0014608099991164636,,,,,,,0.0001,,11.363169225532273,,,,,124,,353,,,2.177506446838379,1.8619994079926983e-06,,,1696190081.0,,0.26401085299858096,687.0,,,,,
,,1.0,,,,,,0.0750327780006046,,61.0,,,0.0014749030005987152,,,,,0.0011887439995916793,,0.0001,,11.331154707325862,,,0.0012352899993857136,,124,0.18582316700030788,354,,,1.7834014892578125,1.8949995137518272e-06,,,1696190081.0,,0.26475677700000233,690.0,,,,,
,,,969.187328,20.875,290.0,10.625,67323.0,,1.9480000000000075,,3595.218944,10.625,,13.9,27175.981056,2664.0,67928.0,0.0012940679998791893,3890.937856,,2.654208,,28179.320832,0.0,0.0011778319994846242,0.0,125,0.1811373590007861,355,0.7480000000000473,164357.0,,,0.0,840.0,1696190082.0,0.0,,,0.0,0.0,0.0,3697.364992,0.012259227684556943
,,1.0,,,,,,0.07062837499961461,,62.0,,,0.0013808059993607458,,,,,,,0.0001,,11.73613873998953,,,,,125,,356,,,1.8665313720703125,2.2599997464567423e-06,,,1696190082.0,,0.2556206999988717,693.0,,,,,
,,1.0,,,,,,0.06519705900063855,,63.0,,,0.0017100570003094617,,,,,0.0012086799997632625,,0.0001,,11.921433035383842,,,0.001258233999578806,,125,0.1822714250001809,357,,,2.3305389881134033,2.1440000637085177e-06,,,1696190082.0,,0.2516475990005347,696.0,,,,,
,,,969.187328,21.25,295.0,10.875,67826.0,,1.9680000000000177,,3595.218944,10.75,,13.9,27177.275392,2686.0,68373.0,0.0013301939998200396,3889.442816,,2.654208,,28179.320832,0.0,,0.0,126,,358,0.7510000000002037,165622.0,,,0.0,844.0,1696190083.0,0.0,,,0.0,0.0,0.0,3697.364992,0.10209893464453587
,,1.0,,,,,,0.06170544500037067,,64.0,,,0.001560803000757005,,,,,,,0.0001,,11.954538706375022,,,0.0015490360001422232,,126,0.1848032689995307,359,,,2.1053340435028076,1.9649996829684824e-06,,,1696190083.0,,0.2509507120003036,699.0,,,,,
,,,969.162752,21.25,297.0,10.875,68327.0,,1.9840000000000089,,3578.441728,10.75,,13.5,27300.487168,2715.0,69020.0,,3769.167872,,2.654208,,27675.40224,0.0,,0.2213295031875763,127,,360,0.7540000000003602,166477.0,,,0.0,848.0,1696190084.0,0.07418344477606108,,,0.0,0.0,0.0,3680.58368,0.05311014396080944
,,,969.162752,21.25,298.0,10.875,68483.0,,1.9920000000000186,,3561.664512,10.75,,13.5,27300.499456,2719.0,69313.0,,3769.155584,,2.654208,,27658.616832,0.0,,0.0,128,,361,0.7570000000000618,166679.0,,,0.0,852.0,1696190085.0,0.0,,,0.0,0.0,0.0,3680.579584,0.07762471474824917
,,,969.162752,21.25,298.0,10.875,68715.0,,2.0080000000000098,,3528.11008,10.75,,13.5,27299.721216,2729.0,69787.0,,3769.929728,,2.654208,,27625.046016,0.0,,0.012621813294303157,129,,362,0.7590000000000146,167092.0,,,0.0,855.0,1696190086.0,0.2416187092099046,,,0.0,0.0,0.0,3679.223808,0.01226255864292716
,,,969.162752,21.25,298.0,10.875,69300.0,,2.0160000000000196,,3528.11008,10.75,,13.5,27299.741696,2744.0,70675.0,,3769.921536,,2.654208,,27625.046016,0.0,,0.4883310963193228,130,,363,0.7609999999999673,167965.0,,,0.0,857.0,1696190087.0,0.3745667513355075,,,0.0,0.0,0.0,3679.223808,0.008172771800291077
