01_general/locally_processed_samples,cpu/interrupts/soft_interrupts_count,bandwidth/net_recv_sys_bandwidth_Mbits,process/memory/data_resident_set_proc_MB,cpu/load/avg_sys_load_fifteen_min_percent,_timestamp,disk/time/disk_write_time_sys_s,02_timing/dataload_time_s,bandwidth/disk_read_sys_bandwidth_MBs,process/memory/resident_set_size_proc_MB,process/memory/text_resident_set_proc_MB,01_general/dataset_iteration_count,cpu/interrupts/interrupts_count,disk/counter/disk_read_sys_count,cpu/load/avg_sys_load_five_min_percent,process/memory/virtual_memory_size_proc_MB,disk/time/disk_read_time_sys_s,cpu/logical_core_count,memory/used_memory_sys_MB,process/voluntary_proc_ctx_switches,process/memory/dirty_pages_proc_count,02_timing/step_time_s,memory/total_memory_sys_MB,memory/available_memory_sys_MB,disk/counter/disk_write_sys_count,process/memory/shared_memory_proc_MB,01_general/lr,01_general/step,03_hivemind/num_peers,02_timing/forward_time_s,03_hivemind/global_epoch,01_general/minibatch_loss,02_timing/backward_time_s,02_timing/opt_step_time_s,_step,disk/time/disk_busy_time_sys_s,process/involuntary_proc_ctx_switches,bandwidth/net_sent_sys_bandwidth_Mbits,02_timing/loss_calc_time_s,memory/used_memory_sys_percent,cpu/interrupts/ctx_switches_count,process/memory/lib_memory_proc_MB,02_timing/dataload_cuda_move_time_s,cpu/load/avg_sys_load_one_min_percent,bandwidth/disk_write_sys_bandwidth_MBs,_runtime
,,,,,1681394166.0,,,,,,,,,,,,80.0,,,,,540929.032192,,,,,,,,,,,,0,,,,,,,,,,,1
,13.0,0.0,0.0,0.17500000000000002,1681394166.0,0.0,,0.0,321.314816,2.854912,,42.0,0.0,0.08750000000000001,42402.029568,0.0,,6719.61088,3509.0,0.0,,,530702.594048,0.0,106.27072,,,,,,,,,1,0.0,86.0,0.0,,1.9,14.0,4775.514112,,0.11249999999999999,0.0,1
,2496.0,0.16241554444306994,0.0,0.17500000000000002,1681394167.0,0.0,,0.0,321.830912,2.854912,,3282.0,0.0,0.08750000000000001,42402.029568,0.0,,6797.160448,3510.0,0.0,,,530625.056768,0.0,106.729472,,,,,,,,,2,0.0,86.0,3.01361333951725,,1.9,3655.0,4775.514112,,0.11249999999999999,0.0,2
,4326.0,0.07997672445659022,0.0,0.17500000000000002,1681394168.0,0.0,,0.0,321.839104,2.854912,,4111.0,0.0,0.08750000000000001,42402.029568,0.0,,6798.340096,3510.0,0.0,,,530623.87712,0.0,106.729472,,,,,,,,,3,0.0,86.0,35.08359334753009,,1.9,4967.0,4775.522304,,0.11249999999999999,0.0,3
,5517.0,0.13201701383038938,0.0,0.17500000000000002,1681394169.0,0.0,,0.0,321.839104,2.854912,,4741.0,0.0,0.08750000000000001,42402.029568,0.0,,6798.905344,3510.0,0.0,,,530623.307776,3.0,106.729472,,,,,,,,,4,0.003999999999990678,86.0,35.16875999790213,,1.9,6012.0,4775.522304,,0.11249999999999999,0.1551321508607018,4
,6945.0,0.0617100848925911,0.0,0.17500000000000002,1681394170.0,0.0,,0.0,385.572864,2.854912,,5425.0,0.0,0.08750000000000001,42550.059008,0.0,,6866.51392,3543.0,0.0,,,530555.6992,3.0,107.17184,,,,,,,,,5,0.003999999999990678,88.0,0.48777124868146965,,1.9,7287.0,4856.573952,,0.11249999999999999,0.0,5
,8409.0,0.059729818711876916,0.0,0.1875,1681394171.0,0.0,,0.0,928.309248,2.854912,,6240.0,0.0,0.1,43112.558592,0.0,,7410.991104,3543.0,0.0,,,530011.222016,3.0,107.17184,,,,,,,,,6,0.003999999999990678,89.0,0.10161805588661403,,2.0,8360.0,5419.073536,,0.21250000000000002,0.0,6
,23233.0,0.07381119131016528,0.0,0.1875,1681394172.0,0.0,,0.0,1117.097984,2.854912,,25172.0,0.0,0.1,46215.299072,0.0,,7607.23456,3573.0,0.0,,,529814.97856,3.0,107.56096,,,,,,,,,7,0.003999999999990678,92.0,0.49284821079688523,,2.1,17928.0,5909.680128,,0.21250000000000002,0.0,7
,35671.0,0.20226007553738204,0.0,0.1875,1681394173.0,0.0,,0.0,1252.732928,2.854912,,40444.0,0.0,0.1,47049.48224,0.0,,7737.483264,3611.0,0.0,,,529674.407936,3.0,224.546816,,,,,,,,,8,0.003999999999990678,93.0,0.2997645086521293,,2.1,24632.0,5938.556928,,0.21250000000000002,0.0,8
,37180.0,0.15952757552174643,0.0,0.1875,1681394174.0,0.0,,0.0,2170.28608,2.854912,,41498.0,0.0,0.1,47980.957696,0.0,,8572.448768,3611.0,0.0,,,528839.278592,3.0,312.020992,,,,,,,,,9,0.003999999999990678,94.0,0.16843719058216494,,2.2,26056.0,6769.369088,,0.21250000000000002,0.0,9
,39637.0,0.1748052184967992,0.0,0.1875,1681394175.0,0.0009999999999976694,,0.0,1678.60224,2.854912,,44008.0,0.0,0.1,48905.043968,0.0,,8056.172544,3659.0,0.0,,,529355.558912,5.0,340.369408,,,,,,,,,10,0.007999999999981355,95.0,0.2036033241611017,,2.1,28311.0,6250.614784,,0.21250000000000002,0.07345788582307339,10
,40476.0,0.03565007960007548,0.0,0.17500000000000002,1681394176.0,0.0009999999999976694,,0.0,1678.614528,2.854912,,44587.0,0.0,0.1,48905.043968,0.0,,8056.406016,3659.0,0.0,,,529355.32544,5.0,340.369408,,,,,,,,,11,0.007999999999981355,95.0,0.08268140536957534,,2.1,29473.0,6250.614784,,0.1875,0.0,11
,42204.0,0.06578245448055446,0.0,0.17500000000000002,1681394177.0,0.0009999999999976694,,0.0,1678.614528,2.854912,,45270.0,0.0,0.1,48905.043968,0.0,,8056.496128,3659.0,0.0,,,529355.235328,5.0,340.369408,,,,,,,,,12,0.007999999999981355,95.0,0.5675878828421098,,2.1,30670.0,6250.614784,,0.1875,0.0,12
,46535.0,0.034586699052462866,0.0,0.17500000000000002,1681394178.0,0.0009999999999976694,,0.0,2205.085696,2.854912,,48710.0,0.0,0.1,49742.25408,0.0,,8046.362624,3724.0,0.0,,,528858.415104,5.0,859.291648,,,,,,,,,13,0.007999999999981355,355.0,0.23698825332261655,,2.2,35250.0,6290.219008,,0.1875,0.0,13
,58397.0,0.3748593383701484,0.0,0.17500000000000002,1681394179.0,0.0009999999999976694,,0.0,4842.176512,2.854912,,1155147.0,0.0,0.1,55030.018048,0.0,,10695.86432,3953.0,0.0,,,525671.120896,6.0,1383.071744,,,,,,,,,14,0.012000000000000455,379.0,1.1789200933427295,,2.8,43263.0,8411.87328,,0.1875,0.01628751299398119,14
,76299.0,0.29022918075828136,0.0,0.17500000000000002,1681394180.0,0.0009999999999976694,,0.0,5617.471488,2.854912,,1304914.0,0.0,0.1,56484.442112,0.0,,11344.556032,4163.0,0.0,,,524483.289088,6.0,1922.02752,,,,,,,,,15,0.012000000000000455,385.0,0.8993774664905454,,3.0,56536.0,8724.758528,,0.1875,0.0,15
,82540.0,18.07364480843936,0.0,0.17500000000000002,1681394181.0,0.0009999999999976694,,0.0,5617.487872,2.854912,,1308385.0,0.0,0.1,56484.442112,0.0,,11399.757824,4163.0,0.0,,,524428.087296,6.0,1922.02752,,,,,,,,,16,0.012000000000000455,385.0,1.521686412480843,,3.1,61357.0,8724.758528,,0.17500000000000002,0.0,16
,105515.0,598.4849933380118,0.0,0.17500000000000002,1681394182.0,0.015999999999998238,,0.0,5617.491968,2.854912,,1321636.0,0.0,0.1,56484.442112,0.0,,11983.613952,4163.0,0.0,,,523844.231168,93.0,1922.02752,,,,,,,,,17,0.015999999999991132,385.0,2.4075201531477783,,3.2,74511.0,8724.758528,,0.17500000000000002,0.4081339769133649,17
,128156.0,809.4897524490693,0.0,0.17500000000000002,1681394183.0,0.015999999999998238,,0.0,5773.963264,2.854912,,1335483.0,0.0,0.1,57257.271296,0.0,,13231.296512,4179.0,0.0,,,522134.454272,93.0,2078.486528,,,,,,,,,18,0.015999999999991132,386.0,1.1727244994016148,,3.5,84331.0,8733.282304,0.031606336997356266,0.17500000000000002,0.0,18
,153299.0,861.6719833464063,0.0,0.17500000000000002,1681394184.0,0.015999999999998238,,0.0,5885.448192,2.854912,,1350283.0,0.0,0.1,57894.936576,0.0,,14033.702912,4211.0,0.0,,,520942.91968,93.0,2189.963264,,,,,,,,,19,0.015999999999991132,393.0,1.9888439149576749,,3.7,95907.0,8733.282304,,0.17500000000000002,0.0,19
,179710.0,797.1530589436467,0.0,0.17500000000000002,1681394185.0,0.015999999999998238,,0.0,5998.952448,2.854912,,1366505.0,0.0,0.1,58675.212288,0.0,,14442.156032,4227.0,0.0,,,519823.392768,95.0,2303.459328,,,,,,,,,20,0.01999999999998181,399.0,1.5259875028232615,,3.9,106475.0,8741.80608,,0.17500000000000002,0.07327487821484822,20
,198692.0,538.6896419742078,0.0,0.2,1681394186.0,0.015999999999998238,,0.0,5998.956544,2.854912,,1377437.0,0.0,0.1625,58675.212288,0.0,,14797.438976,4232.0,0.0,,,519005.851648,95.0,2303.459328,,,,,,,,,21,0.01999999999998181,400.0,1.3979430544413218,,4.1,114246.0,8741.80608,,0.46249999999999997,0.0,21
,203083.0,45.82471643241381,0.0,0.2,1681394187.0,0.015999999999998238,,0.0,6112.452608,2.854912,,1380968.0,0.0,0.1625,59220.606976,0.0,,15144.517632,4253.0,0.0,,,518493.786112,95.0,2416.939008,,,,,,,,,22,0.01999999999998181,404.0,2.217989269702105,,4.1,117033.0,8750.329856,,0.46249999999999997,0.0,22
,205938.0,0.41379431926461585,0.0,0.2,1681394188.0,0.015999999999998238,,0.0,6226.067456,2.854912,,1383254.0,0.0,0.1625,59841.503232,0.0,,15477.20704,4280.0,0.0,,,518150.610944,95.0,2530.422784,,,,,,,,,23,0.01999999999998181,406.0,0.7554614746968716,,4.2,119419.0,8767.377408,,0.46249999999999997,0.0,23
,208110.0,0.9003924712732968,0.0,0.2,1681394189.0,0.015999999999998238,,0.0,6302.715904,2.854912,,1386263.0,0.0,0.1625,59918.565376,0.0,,15846.72768,4280.0,0.0,,,517781.090304,96.0,2530.422784,,,,,,,,,24,0.02400000000000091,408.0,1.9271573550197563,,4.3,121798.0,8844.455936,,0.46249999999999997,0.01633596546031158,24
,210636.0,0.15125213246584213,0.0,0.2,1681394190.0,0.015999999999998238,,0.0,6760.144896,2.854912,,1387901.0,0.0,0.1625,61076.164608,0.0,,16306.106368,4315.0,0.0,,,517311.225856,96.0,2643.902464,,,,,,,,,25,0.02400000000000091,410.0,1.729571325615024,,4.4,124001.0,9196.781568,,0.46249999999999997,0.0,25
,212539.0,0.15480635953224733,0.0,0.2,1681394191.0,0.015999999999998238,,0.0,7074.127872,2.854912,,1389496.0,0.0,0.17500000000000002,62123.99104,0.0,,16621.027328,4331.0,0.0,,,516985.819136,96.0,2757.382144,,,,,,,,,26,0.02400000000000091,412.0,1.788350508508168,,4.4,125981.0,9405.7472,,0.5249999999999999,0.0,26
,214932.0,0.1507522988082725,0.0,0.2,1681394192.0,0.015999999999998238,,0.0,7387.844608,2.854912,,1390875.0,0.0,0.17500000000000002,62949.466112,0.0,,17023.459328,4338.0,0.0,,,516583.387136,96.0,2757.382144,,,,,,,,,27,0.02400000000000091,416.0,2.0065419749933007,,4.5,128188.0,9728.036864,,0.5249999999999999,0.0,27
,216919.0,0.16405341382717156,0.0,0.2,1681394193.0,0.016999999999995907,,0.0,7825.113088,2.854912,,1392567.0,0.0,0.17500000000000002,63944.37632,0.0,,17376.210944,4358.0,0.0,,,516220.207104,98.0,2870.861824,,,,,,,,,28,0.027999999999991587,423.0,2.0476878573290946,,4.6,130180.0,10051.72736,,0.5249999999999999,0.0694412738449862,28
,219747.0,0.16226129883584015,0.0,0.2,1681394194.0,0.016999999999995907,,0.0,8091.287552,2.854912,,1394081.0,0.0,0.17500000000000002,75178.074112,0.0,,17600.73728,4425.0,0.0,,,515953.897472,98.0,2921.603072,,,,,,,,,29,0.027999999999991587,428.0,2.0042461382919434,,4.6,132962.0,10334.86336,,0.5249999999999999,0.0,29
,221808.0,0.6353308867652788,0.0,0.2,1681394195.0,0.016999999999995907,,0.0,8909.574144,2.854912,,1396185.0,0.0,0.17500000000000002,76329.648128,0.0,,18333.933568,4425.0,0.0,,,515216.248832,98.0,3017.416704,,,,,,,,,30,0.027999999999991587,428.0,1.675805165651685,,4.8,135633.0,11071.291392,,0.5249999999999999,0.0,30
,225203.0,0.13369164033315173,0.0,0.21250000000000002,1681394196.0,0.016999999999995907,,0.0,9335.681024,2.854912,,1398161.0,0.0,0.2,85020.246016,0.0,,18743.803904,4426.0,0.0,,,514804.281344,98.0,3038.982144,,,,,,,,,31,0.027999999999991587,428.0,1.5829297600581158,,4.8,140767.0,11475.898368,,0.5875,0.0,31
,228548.0,0.3012613881562751,0.0,0.21250000000000002,1681394197.0,0.016999999999995907,,0.0,9652.015104,2.854912,,1400195.0,0.0,0.2,98643.345408,0.0,,19060.330496,4428.0,0.0,,,514483.593216,98.0,3043.38944,,,,,,,,,32,0.027999999999991587,428.0,3.0606529685772386,,4.9,146226.0,11788.058624,,0.5875,0.0,32
,231077.0,0.15206935024768917,0.0,0.21250000000000002,1681394198.0,0.016999999999995907,,0.0,9897.160704,2.854912,,1401912.0,0.0,0.2,106327.310336,0.0,,19309.891584,4430.0,0.0,,,514231.934976,98.0,3045.691392,,,,,,,,,33,0.027999999999991587,428.0,1.8697086559328118,,4.9,151179.0,12030.439424,,0.5875,0.0,33
,234742.0,0.7040744911488915,0.0,0.21250000000000002,1681394199.0,0.016999999999995907,,0.0,10205.282304,2.854912,,1403926.0,0.0,0.2,121494.175744,0.0,,19624.218624,4432.0,0.0,,,513915.478016,99.0,3048.185856,,,,,,,,,34,0.031999999999982265,428.0,1.7884948381659291,,5.0,156946.0,12336.447488,,0.5875,0.016333577531383602,34
,238138.0,0.30531012261311524,0.0,0.21250000000000002,1681394200.0,0.016999999999995907,,0.0,10410.594304,2.854912,,1406249.0,0.0,0.2,133870.63296,0.0,,19834.925056,4433.0,0.0,,,513702.674432,99.0,3050.3936,,,,,,,,,35,0.031999999999982265,428.0,2.224181252017093,,5.0,162142.0,12514.066432,,0.5875,0.0,35
,241431.0,0.27101357482177774,0.0,0.21250000000000002,1681394201.0,0.016999999999995907,,0.0,10504.998912,2.854912,,1408799.0,0.0,0.21250000000000002,141582.344192,0.0,,19916.623872,4555.0,0.0,,,513620.975616,99.0,3068.821504,,,,17.573103717004415,,,,,36,0.031999999999982265,430.0,2.025833451626984,0.0003798000034294091,5.0,166686.0,12700.155904,,0.6375000000000001,0.0,36
,249308.0,1.8068858758454374,0.0,0.21250000000000002,1681394202.0,0.016999999999995907,,0.0,10534.699008,2.854912,,1419059.0,0.0,0.21250000000000002,142110.33088,0.0,,19957.325824,4555.0,0.0,,,513580.273664,100.0,3069.079552,,,,,,,,,37,0.036000000000001364,430.0,4.697332259986164,,5.1,173928.0,12844.855296,,0.6375000000000001,0.004083249774276411,37
,259556.0,2.271175048612395,0.0,0.21250000000000002,1681394203.0,0.016999999999995907,,0.0,10544.041984,2.854912,,1440096.0,0.0,0.21250000000000002,142110.33088,0.0,,19988.844544,4555.0,0.0,,,513548.754944,100.0,3069.095936,,,,,,,,,38,0.036000000000001364,430.0,3.990684951071096,,5.1,181085.0,12846.53056,,0.6375000000000001,0.0,38
256.0,,,,,1681394204.0,,3.2821679879998555,,,,0.0,,,,,,,,,,24.148332295008004,,,,,0.0001,0.0,8.0,,0.0,7.22491455078125,3.218708564003464,0.042365888999484014,39,,,,,,,,,,,39
,271148.0,5.1043895978255795,0.0,0.21250000000000002,1681394205.0,0.016999999999995907,,0.0,10852.57728,2.854912,,1446673.0,0.0,0.21250000000000002,143150.870528,0.0,,20075.958272,4611.0,0.0,,,513313.554432,100.0,3371.081728,,,,,,,,,40,0.036000000000001364,435.0,37.28230936438807,,5.1,190831.0,12904.062976,0.02304079500027001,0.6375000000000001,0.0,40
512.0,,,,,1681394205.0,,0.0160749950009631,,,,0.0,,,,,,,,,,0.6894540749999578,,,,,0.0001,1.0,8.0,0.5228916799969738,0.0,7.1667633056640625,0.09674329400149873,0.02547893599694362,41,,,,0.0052243750033085234,,,,,,,40
,284043.0,213.70969831862126,0.0,0.21250000000000002,1681394206.0,0.016999999999995907,,0.0,10869.313536,2.854912,,1456188.0,0.0,0.21250000000000002,143286.923264,0.0,,20098.019328,4687.0,0.0,,,513445.851136,102.0,3371.483136,,,,0.42545172900281614,,,0.09848128799785627,0.024194873003580142,42,0.03999999999999204,441.0,37.44217238797294,0.0036707769977510907,5.1,232755.0,12885.991424,0.030510000993672293,0.6375000000000001,0.06126206951830599,41
768.0,,,,,1681394206.0,,0.017308267000771593,,,,0.0,,,,,,,,,,0.5996169349964475,,,,,0.0001,2.0,8.0,,0.0,7.22442626953125,,,43,,,,,,,,,,,41
1024.0,,,,,1681394206.0,,0.01697337299992796,,,,0.0,,,,,,,,,,0.5877098429991747,,,,,0.0001,3.0,8.0,0.4149310129942023,0.0,7.27880859375,0.10365903399360832,0.017923980005434714,44,,,,0.004387671004224103,,,,0.02983477200177731,,,41
,298890.0,358.3822704053454,0.0,0.2375,1681394207.0,0.016999999999995907,,0.0,10867.5072,2.854912,,1464634.0,0.0,0.27499999999999997,142979.149824,0.0,,20111.720448,4728.0,0.0,,,513557.553152,102.0,3368.59136,,,,,,,,,45,0.03999999999999204,453.0,2.4894923015997454,,5.1,259555.0,12886.536192,0.030397810995054897,0.8875,0.0,42
1280.0,,,,,1681394207.0,,0.015385929997137282,,,,0.0,,,,,,,,,,0.5973325899976771,,,,,0.0001,4.0,8.0,0.4244731420039898,0.0,7.2045440673828125,0.09671950899792137,0.025253291001718026,46,,,,0.005102907001855783,,,,,,,42
,312443.0,248.96162570048563,0.0,0.2375,1681394208.0,0.016999999999995907,,0.0,10871.33696,2.854912,,1472316.0,0.0,0.27499999999999997,143288.23808,0.0,,20120.129536,4810.0,0.0,,,513423.396864,102.0,3371.483136,,,,0.4853413380042184,,,,,47,0.03999999999999204,457.0,3.7956706037475327,0.003331817999423947,5.1,304064.0,12887.32672,0.029819062998285517,0.8875,0.0,43
1536.0,,,,,1681394208.0,,0.017534822996822186,,,,0.0,,,,,,,,,,0.6572632900060853,,,,,0.0001,5.0,8.0,,0.0,7.210601806640625,0.08904579800582724,0.032190450001508,48,,,,,,,,,,,43
1792.0,,,,,1681394208.0,,0.014972453995142132,,,,0.0,,,,,,,,,,0.5996540259948233,,,,,0.0001,6.0,8.0,0.4359991820019786,0.0,7.189903259277344,0.08703099400008796,0.03408427199610742,49,,,,0.004226263001328334,,,,0.023340861000178847,,,43
,322398.0,95.67059087653189,0.0,0.2375,1681394209.0,0.018000000000000682,,0.0,10871.578624,2.854912,,1477767.0,0.0,0.27499999999999997,143288.23808,0.0,,20133.515264,4866.0,0.0,,,513718.304768,104.0,3371.483136,,,,,,,,,50,0.04800000000000182,460.0,2.3553604599205737,,5.0,328202.0,12887.379968,0.029450940994138364,0.8875,0.020386319161663256,44
2048.0,,,,,1681394209.0,,0.01577279100456508,,,,0.0,,,,,,,,,,0.6170995159991435,,,,,0.0001,7.0,8.0,0.4430445879988838,0.0,7.36639404296875,0.1183777049955097,0.005089060003228951,51,,,,0.005364431002817582,,,,,,,44
,339211.0,378.6608423563594,0.0,0.2375,1681394210.0,0.018000000000000682,,0.0,10872.03328,2.854912,,1488407.0,0.0,0.27499999999999997,143168.18432,0.0,,20140.01152,4918.0,0.0,,,513672.41728,104.0,3371.483136,,,,,,,,,52,0.04800000000000182,462.0,2.960501647079473,,5.0,361262.0,12921.552896,0.032945435006695334,0.8875,0.0,45
2304.0,,,,,1681394210.0,,0.01812334999704035,,,,0.0,,,,,,,,,,0.6375789410085417,,,,,0.0001,8.0,9.0,0.45724571800383274,0.0,7.143524169921875,0.10129153999878326,0.022579062002478167,53,,,,0.005393835999711882,,,,,,,45
,356765.0,309.4353631224554,0.0,0.2375,1681394211.0,0.018000000000000682,,0.0,10872.266752,2.854912,,1497784.0,0.0,0.27499999999999997,142980.46464,0.0,,20162.551808,4990.0,0.0,,,513649.864704,104.0,3371.474944,,,,0.5250054089992773,,,0.11920050899789203,0.005070628001703881,54,0.04800000000000182,464.0,2.597904609881552,0.005438296000647824,5.0,403581.0,12888.00256,0.024384452000958845,0.8875,0.0,46
2560.0,,,,,1681394211.0,,0.016208084001846146,,,,0.0,,,,,,,,,,0.695307378002326,,,,,0.0001,9.0,9.0,,0.0,7.140960693359375,,,55,,,,,,,,,,,46
2816.0,,,,,1681394211.0,,0.016777935001300648,,,,0.0,,,,,,,,,,0.584234390007623,,,,,0.0001,10.0,9.0,0.4197018959966954,0.0,7.2782745361328125,0.10620588400342967,0.014213863003533334,56,,,,0.003900415998941753,,,,0.023434396003722213,,,46
,368367.0,39.31357059962162,0.0,0.2875,1681394212.0,0.018000000000000682,,0.0,10872.32,2.854912,,1504726.0,0.0,0.41250000000000003,142980.46464,0.0,,20168.278016,5036.0,0.0,,,513797.931008,104.0,3371.474944,,,,,,,,,57,0.04800000000000182,466.0,3.9189174443238755,,5.0,430552.0,12888.00256,0.023530804995971266,1.5125,0.0,47
3072.0,,,,,1681394212.0,,0.015413152999826707,,,,0.0,,,,,,,,,,0.5949786669953028,,,,,0.0001,11.0,9.0,0.42990949399973033,0.0,7.1926422119140625,0.10850150100304745,0.012652671997784637,58,,,,0.004971041998942383,,,,,,,47
,380294.0,247.11725979164305,0.0,0.2875,1681394213.0,0.018000000000000682,,0.0,10872.446976,2.854912,,1511585.0,0.0,0.41250000000000003,143168.18432,0.0,,20166.381568,5111.0,0.0,,,513954.328576,104.0,3371.483136,,,,,,,,,59,0.04800000000000182,470.0,2.971487722426708,,5.0,463922.0,12921.556992,0.02919777600618545,1.5125,0.0,48
3328.0,,,,,1681394213.0,,0.016984808004053775,,,,0.0,,,,,,,,,,0.7441637790107052,,,,,0.0001,12.0,9.0,0.5549226529983571,0.0,7.1152191162109375,0.1327568220003741,0.0048826170022948645,60,,,,0.005419102999439929,,,,,,,48
3584.0,,,,,1681394213.0,,0.002805593998346012,,,,0.0,,,,,,,,,,0.5639187490087352,,,,,0.0001,13.0,9.0,0.4124501020050957,0.0,7.2366180419921875,0.11542245300370269,0.005716950006899424,61,,,,0.005497077996551525,,,,0.022026571998139843,,,48
,396096.0,317.1853224015264,0.0,0.2875,1681394214.0,0.018000000000000682,,0.0,10869.57568,2.854912,,1520402.0,0.0,0.41250000000000003,142980.46464,0.0,,20172.312576,5192.0,0.0,,,513948.389376,106.0,3368.656896,,,,,,,,,62,0.0519999999999925,479.0,2.8187510493820773,,5.0,502573.0,12888.006656,0.031642146001104265,1.5125,0.10608378535503785,49
3840.0,,,,,1681394214.0,,0.016290543004288338,,,,0.0,,,,,,,,,,0.6156302960080211,,,,,0.0001,14.0,9.0,0.4408698240004014,0.0,7.1807403564453125,0.11154127799818525,0.010051819001091644,63,,,,0.005234686002950184,,,,,,,49
,412995.0,191.38241719493362,0.0,0.2875,1681394215.0,0.018000000000000682,,0.0,10872.717312,2.854912,,1529636.0,0.0,0.41250000000000003,143014.2976,0.0,,20179.529728,5259.0,0.0,,,513787.387904,106.0,3371.474944,,,,,,,,,64,0.0519999999999925,484.0,4.5317165670265265,,5.0,530662.0,12921.91744,0.024013720998482313,1.5125,0.0,50
,418003.0,3.7899060740816592,0.0,0.2875,1681394216.0,0.018000000000000682,,0.0,10873.114624,2.854912,,1534624.0,0.0,0.41250000000000003,142980.726784,0.0,,20175.101952,5298.0,0.0,,,513791.471616,106.0,3371.757568,,,,0.42844601399701787,,,0.10040882500470616,,65,0.0519999999999925,484.0,0.3487921399272249,0.004026760005217511,5.0,553276.0,12888.444928,,1.5125,0.0,51
,419784.0,0.048885644239530957,0.0,0.27499999999999997,1681394217.0,0.018000000000000682,,0.0,10873.114624,2.854912,,1535525.0,0.0,0.41250000000000003,142980.726784,0.0,,20173.791232,5298.0,0.0,,,513792.782336,106.0,3371.757568,,,,,,,,,66,0.0519999999999925,484.0,0.985156509832208,,5.0,555160.0,12888.444928,,1.4000000000000001,0.0,52
,422227.0,18.700971891073007,0.0,0.27499999999999997,1681394218.0,0.018000000000000682,,0.0,10873.11872,2.854912,,1536802.0,0.0,0.41250000000000003,142980.726784,0.0,,20172.312576,5298.0,0.0,,,513794.265088,108.0,3371.757568,,,,,,,,,67,0.060000000000002274,484.0,0.18376180435300424,,5.0,556766.0,12888.444928,,1.4000000000000001,0.008162231614833416,53
,430383.0,176.02045794800165,0.0,0.27499999999999997,1681394219.0,0.02499999999999858,,0.0,10873.11872,2.854912,,1540938.0,0.0,0.41250000000000003,142980.726784,0.0,,20170.36288,5298.0,0.0,,,513795.862528,137.0,3371.757568,,,,,,,,,68,0.0759999999999934,484.0,0.7213576830639151,,5.0,560367.0,12888.444928,,1.4000000000000001,0.26937616808703413,54
,437106.0,168.73794876132325,0.0,0.27499999999999997,1681394220.0,0.02499999999999858,,0.0,10873.11872,2.854912,,1545126.0,0.0,0.41250000000000003,142980.726784,0.0,,20171.689984,5298.0,0.0,,,513794.879488,137.0,3371.757568,,,,,,,,,69,0.0759999999999934,484.0,0.5580681435982321,,5.0,564008.0,12888.444928,,1.4000000000000001,0.0,55
,445666.0,167.78794652773738,0.0,0.27499999999999997,1681394221.0,0.02499999999999858,,0.0,10873.11872,2.854912,,1549594.0,0.0,0.41250000000000003,142980.726784,0.0,,20166.12352,5298.0,0.0,,,513646.297088,137.0,3371.757568,,,,,,,,,70,0.0759999999999934,484.0,0.4097560690296699,,5.0,568015.0,12888.444928,,1.4000000000000001,0.0,56
,455281.0,175.57023753320348,0.0,0.2875,1681394222.0,0.02499999999999858,,0.0,10873.11872,2.854912,,1558229.0,0.0,0.42500000000000004,142980.726784,0.0,,20206.907392,5298.0,0.0,,,513605.517312,137.0,3371.757568,,,,,,,,,71,0.0759999999999934,484.0,3.6681188029854033,,5.1,586865.0,12888.444928,,1.3875000000000002,0.0,57
,474218.0,186.0535098407121,0.0,0.2875,1681394223.0,0.02499999999999858,,0.0,10873.11872,2.854912,,1568651.0,0.0,0.42500000000000004,142980.726784,0.0,,20297.867264,5298.0,0.0,,,513360.40448,137.0,3371.757568,,,,,,,,,72,0.0759999999999934,484.0,155.90508751795898,,5.1,625144.0,12888.444928,,1.3875000000000002,0.0,58
,495627.0,240.1832045302314,0.0,0.2875,1681394224.0,0.02499999999999858,,0.0,10873.11872,2.854912,,1582480.0,0.0,0.42500000000000004,142980.726784,0.0,,20369.924096,5298.0,0.0,,,513288.343552,137.0,3371.757568,,,,,,,,,73,0.0759999999999934,484.0,253.56035274586435,,5.1,683883.0,12888.444928,,1.3875000000000002,0.0,59
,517806.0,312.01050884433096,0.0,0.2875,1681394225.0,0.02499999999999858,,0.0,10873.11872,2.854912,,1596361.0,0.0,0.42500000000000004,142980.726784,0.0,,20398.12096,5298.0,0.0,,,513260.142592,137.0,3371.757568,,,,,,,,,74,0.0759999999999934,484.0,241.87113249055545,,5.1,724066.0,12888.444928,,1.3875000000000002,0.0,60
,542638.0,293.97927111976,0.0,0.2875,1681394226.0,0.02499999999999858,,0.0,10873.11872,2.854912,,1613304.0,0.0,0.42500000000000004,142980.726784,0.0,,20452.847616,5298.0,0.0,,,513205.415936,137.0,3371.757568,,,,,,,,,75,0.0759999999999934,484.0,290.24256550849816,,5.1,781748.0,12888.444928,,1.3875000000000002,0.0,61
,570252.0,288.5573745069753,0.0,0.2875,1681394227.0,0.02499999999999858,,0.0,10873.11872,2.854912,,1630670.0,0.0,0.41250000000000003,142980.726784,0.0,,20523.421696,5298.0,0.0,,,513134.83776,137.0,3371.757568,,,,,,,,,76,0.0759999999999934,484.0,283.6404149834641,,5.1,846209.0,12888.444928,,1.2750000000000001,0.0,62
,604460.0,327.6354439683616,0.0,0.2875,1681394228.0,0.02499999999999858,,0.0,10873.11872,2.854912,,1651741.0,0.0,0.41250000000000003,142980.726784,0.0,,20625.989632,5298.0,0.0,,,513032.278016,139.0,3371.757568,,,,,,,,,77,0.07999999999998408,484.0,419.41866922813557,,5.2,927551.0,12888.444928,,1.2750000000000001,0.012244964725377937,63
,637388.0,352.3749443569091,0.0,0.2875,1681394229.0,0.02499999999999858,,0.0,10873.11872,2.854912,,1672541.0,0.0,0.41250000000000003,142980.726784,0.0,,20691.51744,5298.0,0.0,,,512966.750208,140.0,3371.757568,,,,,,,,,78,0.08400000000000318,484.0,368.06336813919694,,5.2,1006851.0,12888.444928,,1.2750000000000001,0.016327857108319414,64
,669252.0,354.13364490406934,0.0,0.2875,1681394230.0,0.02499999999999858,,0.0,10873.11872,2.854912,,1691459.0,0.0,0.41250000000000003,142980.726784,0.0,,20758.933504,5298.0,0.0,,,512899.334144,140.0,3371.757568,,,,,,,,,79,0.08400000000000318,484.0,301.19080723722044,,5.2,1068572.0,12888.444928,,1.2750000000000001,0.0,65
,694034.0,422.64786912525926,0.0,0.2875,1681394231.0,0.02499999999999858,,0.0,10873.11872,2.854912,,1711196.0,0.0,0.41250000000000003,142980.726784,0.0,,20824.920064,5298.0,0.0,,,512833.347584,140.0,3371.757568,,,,,,,,,80,0.08400000000000318,484.0,246.16953608996994,,5.2,1126327.0,12888.444928,,1.2750000000000001,0.0,66
,721145.0,273.95208740781015,0.0,0.2875,1681394232.0,0.02499999999999858,,0.0,10873.11872,2.854912,,1742913.0,0.0,0.42500000000000004,142980.726784,0.0,,20898.131968,5298.0,0.0,,,512760.139776,140.0,3371.757568,,,,,,,,,81,0.08400000000000318,484.0,294.0006126399671,,5.2,1180088.0,12888.444928,,1.2750000000000001,0.0,67
,750840.0,263.5668778478864,0.0,0.2875,1681394233.0,0.02499999999999858,,0.0,10873.11872,2.854912,,1786045.0,0.0,0.42500000000000004,142980.726784,0.0,,20980.928512,5298.0,0.0,,,512677.343232,140.0,3371.757568,,,,,,,,,82,0.08400000000000318,484.0,241.89995424282964,,5.2,1237898.0,12888.444928,,1.2750000000000001,0.0,68
,778472.0,178.766390746864,0.0,0.2875,1681394234.0,0.02499999999999858,,0.0,10873.11872,2.854912,,1804302.0,0.0,0.42500000000000004,142980.726784,0.0,,21017.841664,5298.0,0.0,,,512640.43008,140.0,3371.757568,,,,,,,,,83,0.08400000000000318,484.0,259.91363602380954,,5.2,1284962.0,12888.444928,,1.2750000000000001,0.0,69
,801287.0,279.95907814290143,0.0,0.2875,1681394235.0,0.02499999999999858,,0.0,10873.11872,2.854912,,1820722.0,0.0,0.42500000000000004,142980.726784,0.0,,21033.525248,5298.0,0.0,,,512624.746496,140.0,3371.757568,,,,,,,,,84,0.08400000000000318,484.0,139.99009704899296,,5.2,1313641.0,12888.444928,,1.2750000000000001,0.0,70
,818392.0,136.63827802500708,0.0,0.2875,1681394236.0,0.02599999999999625,,0.0,10873.11872,2.854912,,1833828.0,0.0,0.42500000000000004,142980.726784,0.0,,21062.762496,5298.0,0.0,,,512595.505152,142.0,3371.757568,,,,,,,,,85,0.08799999999999386,484.0,151.35026576027636,,5.2,1353232.0,12888.444928,,1.2750000000000001,0.06122182729416252,71
,834627.0,108.99620719682376,0.0,0.2875,1681394237.0,0.02599999999999625,,0.0,10873.11872,2.854912,,1844066.0,0.0,0.42500000000000004,142980.726784,0.0,,21074.432,5298.0,0.0,,,512583.835648,142.0,3371.757568,,,,,,,,,86,0.08799999999999386,484.0,115.8207162707415,,5.2,1384910.0,12888.444928,,1.1625,0.0,72
,861198.0,96.83038363496567,0.0,0.2875,1681394238.0,0.02599999999999625,,0.0,10873.11872,2.854912,,1868343.0,0.0,0.42500000000000004,142980.726784,0.0,,21102.882816,5298.0,0.0,,,512555.384832,142.0,3371.757568,,,,,,,,,87,0.08799999999999386,484.0,157.32294316227183,,5.2,1441268.0,12888.444928,,1.1625,0.0,73
,889513.0,246.1736182428236,0.0,0.2875,1681394239.0,0.02599999999999625,,0.0,10873.11872,2.854912,,1959059.0,0.0,0.42500000000000004,142980.726784,0.0,,21164.982272,5298.0,0.0,,,512493.264896,143.0,3371.757568,,,,,,,,,88,0.09199999999998454,484.0,73.92017290036621,,5.3,1525426.0,12888.444928,,1.1625,0.020401682479383593,74
,914100.0,203.29893539757774,0.0,0.2875,1681394240.0,0.02599999999999625,,0.0,10873.11872,2.854912,,1975508.0,0.0,0.42500000000000004,142980.726784,0.0,,21176.930304,5298.0,0.0,,,512481.32096,143.0,3371.757568,,,,,,,,,89,0.09199999999998454,484.0,183.52081568477024,,5.3,1578082.0,12888.444928,,1.1625,0.0,75
,930803.0,191.64933356636217,0.0,0.2875,1681394241.0,0.02599999999999625,,0.0,10873.11872,2.854912,,1985804.0,0.0,0.42500000000000004,142980.726784,0.0,,21176.471552,5298.0,0.0,,,512481.792,143.0,3371.757568,,,,,,,,,90,0.09199999999998454,484.0,107.83631954681069,,5.3,1613831.0,12888.444928,,1.1625,0.0,76
,947174.0,43.118287952706375,0.0,0.2875,1681394242.0,0.02599999999999625,,0.0,10873.11872,2.854912,,1995796.0,0.0,0.41250000000000003,142980.726784,0.0,,21184.344064,5298.0,0.0,,,512473.92768,143.0,3371.757568,,,,,,,,,91,0.09199999999998454,484.0,195.7573454395383,,5.3,1665231.0,12888.444928,,1.075,0.0,77
,971981.0,132.76745533804885,0.0,0.2875,1681394243.0,0.02599999999999625,,0.0,10873.11872,2.854912,,2010502.0,0.0,0.41250000000000003,142980.726784,0.0,,21184.88064,5298.0,0.0,,,512473.391104,143.0,3371.757568,,,,,,,,,92,0.09199999999998454,484.0,250.68276026533115,,5.3,1747071.0,12888.444928,,1.075,0.0,78
,990875.0,288.9529996632792,0.0,0.2875,1681394244.0,0.032999999999994145,,0.0,10873.11872,2.854912,,2022575.0,0.0,0.41250000000000003,142980.726784,0.0,,21177.749504,5298.0,0.0,,,512480.52224,199.0,3371.757568,,,,,,,,,93,0.09600000000000364,484.0,76.1379189279456,,5.3,1771840.0,12888.444928,,1.075,0.23661073805285074,79
,1017315.0,142.00055430780856,0.0,0.2875,1681394245.0,0.03399999999999892,,0.0,10873.11872,2.854912,,2038128.0,0.0,0.41250000000000003,142980.726784,0.0,,21192.732672,5298.0,0.0,,,512465.534976,201.0,3371.757568,,,,,,,,,94,0.09999999999999432,484.0,242.565389730323,,5.3,1849114.0,12888.444928,,1.075,0.04081928391790458,80
,1039926.0,134.79187513427914,0.0,0.2875,1681394246.0,0.03399999999999892,,0.0,10873.11872,2.854912,,2052141.0,0.0,0.41250000000000003,142980.726784,0.0,,21188.46464,5298.0,0.0,,,512469.798912,201.0,3371.757568,,,,,,,,,95,0.09999999999999432,484.0,249.79795038293926,,5.3,1919473.0,12888.444928,,1.075,0.0,81
,1063329.0,289.1275132875043,0.0,0.2875,1681394247.0,0.03399999999999892,,0.0,10873.11872,2.854912,,2068711.0,0.0,0.4,142980.726784,0.0,,21183.135744,5298.0,0.0,,,512475.127808,201.0,3371.757568,,,,,,,,,96,0.09999999999999432,484.0,123.5950562789341,,5.3,1957688.0,12888.444928,,0.9875,0.0,82
,1083973.0,117.52709708344375,0.0,0.2875,1681394248.0,0.03399999999999892,,0.0,10873.11872,2.854912,,2080578.0,0.0,0.4,142980.726784,0.0,,21192.720384,5298.0,0.0,,,512465.543168,201.0,3371.757568,,,,,,,,,97,0.09999999999999432,484.0,196.79243507074256,,5.3,2021842.0,12888.444928,,0.9875,0.0,83
,1103923.0,67.57177599624359,0.0,0.2875,1681394249.0,0.03399999999999892,,0.0,10873.11872,2.854912,,2091914.0,0.0,0.4,142980.726784,0.0,,21186.281472,5298.0,0.0,,,512471.986176,202.0,3371.757568,,,,,,,,,98,0.103999999999985,484.0,232.0389624314676,,5.3,2080215.0,12888.444928,,0.9875,0.020405942597719808,84
4096.0,,,,,1681394249.0,,0.017140530995675363,,,,0.0,,,,,,,,,,35.247300351002195,,,,,0.0001,15.0,9.0,,1.0,7.2304840087890625,,34.673264500001096,99,,,,,,,,,,,84
,1149066.0,11.39405627281962,0.0,0.2875,1681394250.0,0.03399999999999892,,0.0,10874.228736,2.854912,,3505174.0,0.0,0.4,145430.347776,0.0,,21506.564096,5361.0,0.0,,,512305.823744,202.0,3371.773952,,,,,,,,,100,0.103999999999985,496.0,121.66851860258349,,5.3,2206571.0,13194.760192,0.04805164899880765,0.9875,0.0,85
4352.0,,,,,1681394251.0,,0.0326694499963196,,,,0.0,,,,,,,,,,1.079933226988942,,,,,0.0001,16.0,9.0,0.6316713269989123,1.0,7.3220977783203125,0.11451385200052755,0.23011077299452154,101,,,,0.022916175999853294,,,,,,,86
,1185352.0,42.51011747387526,0.0,0.2875,1681394251.0,0.03399999999999892,,0.0,10884.38272,2.854912,,4971442.0,0.0,0.4,146965.430272,0.0,,21526.09792,5490.0,0.0,,,512440.471552,202.0,3371.831296,,,,,,,,,102,0.103999999999985,501.0,10.32427147985287,,5.3,2292092.0,13238.33344,0.03346581199730281,0.9875,0.0,86
4608.0,,,,,1681394251.0,,0.020364898999105208,,,,0.0,,,,,,,,,,0.5927480779864709,,,,,0.0001,17.0,9.0,0.4135262999989209,1.0,7.18280029296875,0.1169326179951895,0.005244366999249905,103,,,,0.003214081996702589,,,,,,,86
,1192890.0,50.3726865173092,0.0,0.3125,1681394252.0,0.03399999999999892,,0.0,10777.25184,2.854912,,4976445.0,0.0,0.4875,146811.543552,0.0,,21529.165824,5563.0,0.0,,,512545.783808,202.0,3258.052608,,,,0.44743989199923817,,,,,104,0.103999999999985,503.0,2.201889160646361,0.00412143499852391,5.2,2332469.0,13245.222912,0.0074942450009984896,1.3125000000000002,0.0,87
4674.0,,,,,1681394252.0,,0.0150132110065897,,,,0.0,,,,,,,,,,0.58009480900364,,,,,0.0001,18.0,9.0,,1.0,7.089725494384766,0.10149045399884926,0.004535571999440435,105,,,,,,,,,,,87
4930.0,,,,,1681394253.0,,0.005085990997031331,,,,0.0,,,,,,,,,,0.6471444580092793,,,,,0.0001,19.0,9.0,0.4947094750023098,1.0,7.131439208984375,0.10381841900380095,0.016697204002412036,106,,,,0.003962367001804523,,,,0.022871002001920715,,,88
,1198554.0,25.661892572099415,0.0,0.3125,1681394253.0,0.03399999999999892,,0.0,10892.61568,2.854912,,4982003.0,0.0,0.4875,146617.647104,0.0,,21526.462464,5658.0,0.0,,,512661.082112,202.0,3372.916736,,,,,,,,,107,0.103999999999985,506.0,2.422003901319976,,5.2,2359835.0,13245.37856,0.022983493996434845,1.3125000000000002,0.0,88
5186.0,,,,,1681394253.0,,0.01463128199975472,,,,0.0,,,,,,,,,,0.5756196319925948,,,,,0.0001,20.0,9.0,0.41361796599812806,1.0,7.170440673828125,0.10175865000201156,0.01891515099850949,108,,,,0.003713088997756131,,,,,,,88
,1203707.0,1.3977636409235992,0.0,0.3125,1681394254.0,0.03999999999999915,,0.0,10892.939264,2.854912,,4986023.0,0.0,0.4875,146463.49824,0.0,,21524.504576,5733.0,0.0,,,512778.043392,224.0,3372.908544,,,,0.415694858005736,,,,,109,0.10800000000000409,507.0,2.018256993761812,0.004152239998802543,5.2,2400002.0,13245.616128,0.022636071997112595,1.3125000000000002,0.0897644181568842,89
5442.0,,,,,1681394254.0,,0.014969818999816198,,,,0.0,,,,,,,,,,0.5779326510019018,,,,,0.0001,21.0,9.0,,1.0,7.1665191650390625,0.10485592500481289,0.015623736995621584,110,,,,,,,,,,,89
5698.0,,,,,1681394255.0,,0.015264604000549298,,,,0.0,,,,,,,,,,0.579511463009112,,,,,0.0001,22.0,9.0,0.4118046889998368,1.0,7.1243743896484375,0.10188277099950938,0.018672575999516994,111,,,,0.003909493003448006,,,,0.027977330006251577,,,90
,1208193.0,2.198415852725409,0.0,0.3125,1681394255.0,0.03999999999999915,,0.0,10892.98432,2.854912,,4988925.0,0.0,0.4875,146309.349376,0.0,,21525.008384,5787.0,0.0,,,513085.82912,226.0,3372.900352,,,,,,,,,112,0.11199999999999477,510.0,2.4273452158045052,,5.1,2424008.0,13245.6448,0.0226843979980913,1.3125000000000002,0.05717650434193401,90
5954.0,,,,,1681394255.0,,0.014459060999797657,,,,0.0,,,,,,,,,,0.648382280007354,,,,,0.0001,23.0,9.0,0.4866471310015186,1.0,7.3409881591796875,0.10205943300388753,0.01842527800181415,113,,,,0.0041069790022447705,,,,,,,90
,1212507.0,1.4050773030255364,0.0,0.3125,1681394256.0,0.03999999999999915,,0.0,10893.123584,2.854912,,4991515.0,0.0,0.4875,146188.771328,0.0,,21524.48,5851.0,0.0,,,513240.506368,226.0,3372.89216,,,,,,,,,114,0.11199999999999477,512.0,2.2624593173750336,,5.1,2454619.0,13279.227904,0.02258523699856596,1.3125000000000002,0.0,91
6210.0,,,,,1681394256.0,,0.015379965996544342,,,,0.0,,,,,,,,,,0.575853009999264,,,,,0.0001,24.0,9.0,0.4139074580016313,1.0,7.2232513427734375,0.10376905000157421,0.016356075000658166,115,,,,0.003855224000290036,,,,,,,91
6466.0,,,,,1681394257.0,,0.01431754099758109,,,,0.0,,,,,,,,,,0.5728974020021269,,,,,0.0001,25.0,9.0,0.4112939800033928,1.0,7.235504150390625,0.10120092800207203,0.019211951999750454,116,,,,0.003992571000708267,,,,0.022880429998622276,,,92
,1217338.0,1.6902269715028309,0.0,0.3125,1681394257.0,0.03999999999999915,,0.0,10893.041664,2.854912,,4994831.0,0.0,0.5,146001.051648,0.0,,21523.480576,5921.0,0.0,,,513549.80352,226.0,3372.883968,,,,,,,,,117,0.11199999999999477,517.0,2.1702482093916973,,5.1,2488921.0,13245.68576,0.02796744400257012,1.3,0.0,92
6722.0,,,,,1681394257.0,,0.015191630001936574,,,,0.0,,,,,,,,,,0.5780811829972663,,,,,0.0001,26.0,9.0,0.4093756750007742,1.0,7.2476043701171875,0.10205337200022768,0.019624396998551674,118,,,,0.003868664993206039,,,,,,,92
,1221822.0,1.4660704312395632,0.0,0.3125,1681394258.0,0.03999999999999915,,0.0,10784.690176,2.854912,,4997481.0,0.0,0.5,145926.242304,0.0,,21521.149952,5984.0,0.0,,,513706.283008,226.0,3264.503808,,,,,,,,,119,0.11199999999999477,519.0,3.5775967745352997,,5.0,2511460.0,13279.25248,0.007187677001638804,1.3,0.0,93
6798.0,,,,,1681394258.0,,0.01556573600100819,,,,0.0,,,,,,,,,,0.5963003469951218,,,,,0.0001,27.0,9.0,0.46948451299977023,1.0,7.0359272956848145,0.09567087899631588,0.004432490000908729,120,,,,0.0039590519954799674,,,,,,,93
6870.0,,,,,1681394258.0,,0.0071327839978039265,,,,0.0,,,,,,,,,,0.5234520419908222,,,,,0.0001,28.0,9.0,0.40560804899723735,1.0,7.273654460906982,0.09479152399580926,0.005025047001254279,121,,,,0.004041968000819907,,,,0.006852669997897465,,,93
,1227004.0,1.7592703566581556,0.0,0.3125,1681394259.0,0.03999999999999915,,0.0,10773.630976,2.854912,,5001042.0,0.0,0.5,145884.844032,0.0,,21048.225792,6108.0,0.0,,,514268.336128,227.0,3253.436416,,,,,,,,,122,0.11599999999998545,522.0,2.2645461249312193,,4.9,2553557.0,13245.70624,0.005952449995675124,1.3,0.019421428288398213,94
6933.0,,,,,1681394259.0,,0.005406919997767545,,,,0.0,,,,,,,,,,0.5220901559878257,,,,,0.0001,29.0,9.0,0.406515891001618,1.0,7.142795085906982,0.09603725099441363,0.004470207997655962,123,,,,0.003707436000695452,,,,,,,94
6998.0,,,,,1681394260.0,,0.005868771993846167,,,,0.0,,,,,,,,,,0.5873440369905438,,,,,0.0001,30.0,9.0,0.470130819005135,1.0,7.2802886962890625,0.09444764599902555,0.0044852369974250905,124,,,,0.004060569997818675,,,,0.00835099299729336,,,95
,1236126.0,1.7529606106153004,0.0,0.3125,1681394260.0,0.03999999999999915,,0.0,10778.56256,2.854912,,5030209.0,0.0,0.5,145818.873856,0.0,,19721.924608,6228.0,0.0,,,515632.66048,227.0,3258.208256,,,,,,,,,125,0.11599999999998545,525.0,2.531022525627182,,4.7,2597415.0,13178.724352,,1.3,0.0,95
,1253381.0,8.819248429952436,0.0,0.3125,1681394261.0,0.03999999999999915,,0.0,10778.636288,2.854912,,5104279.0,0.0,0.4875,145852.47744,0.0,,19872.227328,6317.0,0.0,,,515482.271744,227.0,3258.24512,,,,,,,,,126,0.11599999999998545,526.0,2.6406189086624727,,4.7,2608292.0,13212.278784,,1.2,0.0,96
,1278332.0,614.7615796387125,0.0,0.3125,1681394262.0,0.03999999999999915,,0.0,10778.636288,2.854912,,5117965.0,0.0,0.4875,145852.47744,0.0,,20412.514304,6317.0,0.0,,,514941.984768,227.0,3258.24512,,,,,,,,,127,0.11599999999998545,526.0,4.299706967282441,,4.8,2622451.0,13212.278784,,1.2,0.0,97
,1299584.0,835.3148567371145,0.0,0.3125,1681394263.0,0.03999999999999915,,0.0,10893.668352,2.854912,,5130105.0,0.0,0.4875,146275.77856,0.0,,21269.880832,6328.0,0.0,,,513340.5184,227.0,3373.277184,,,,,,,,,128,0.11599999999998545,527.0,2.9811284198106267,,5.1,2633302.0,13212.278784,0.02729774000181351,1.2,0.0,98
7254.0,,,,,1681394264.0,,3.573836183997628,,,,1.0,,,,,,,,,,4.203321673005121,,,,,0.0001,0.0,9.0,0.4513260370003991,1.0,7.206634521484375,0.13158998300059466,0.014028117002453655,129,,,,0.005243612002232112,,,,,,,99
,1330628.0,794.214408637774,0.0,0.3125,1681394264.0,0.03999999999999915,,0.0,10893.828096,2.854912,,5167030.0,0.0,0.4875,146188.771328,0.0,,21133.705216,6411.0,0.0,,,513450.049536,230.0,3373.268992,,,,,,,,,130,0.12000000000000455,577.0,4.0999023376224795,,5.1,2665995.0,13279.387648,0.03261676200054353,1.2,0.06483998685269499,99
7510.0,,,,,1681394265.0,,0.004139067998039536,,,,1.0,,,,,,,,,,0.6193934500042815,,,,,0.0001,1.0,9.0,0.4449866840004688,1.0,7.17645263671875,0.12490461699781008,0.0060077080051996745,131,,,,0.006738611002219841,,,,,,,100
,1360759.0,759.5266959348538,0.0,0.3125,1681394265.0,0.03999999999999915,,0.0,10893.807616,2.854912,,5185497.0,0.0,0.4875,146155.200512,0.0,,21188.77184,6466.0,0.0,,,512932.540416,230.0,3373.268992,,,,0.4383284680006909,,,0.12528524799563456,0.005761986998550128,132,0.12000000000000455,608.0,3.2943215433368764,0.006598533000214957,5.2,2717320.0,13245.845504,0.033819877993664704,1.2,0.0,100
7766.0,,,,,1681394265.0,,0.023549343000922818,,,,1.0,,,,,,,,,,0.6333434569896781,,,,,0.0001,2.0,9.0,,1.0,7.22479248046875,,,133,,,,,,,,,,,100
8022.0,,,,,1681394266.0,,0.020360412003356032,,,,1.0,,,,,,,,,,0.7571326770048472,,,,,0.0001,3.0,9.0,0.571808886998042,1.0,7.2247314453125,0.12429680999775883,0.006214583001565188,134,,,,0.007514561002608389,,,,0.026937424001516774,,,101
,1390956.0,824.6171273169028,0.0,0.35000000000000003,1681394266.0,0.03999999999999915,,0.0,10890.940416,2.854912,,5202280.0,0.0,0.6,146001.051648,0.0,,21642.952704,6540.0,0.0,,,512477.364224,230.0,3370.377216,,,,,,,,,135,0.12000000000000455,675.0,3.1283615088881938,,5.3,2748737.0,13245.8496,0.0264813760004472,1.7000000000000002,0.0,101
8278.0,,,,,1681394267.0,,0.020296517002861947,,,,1.0,,,,,,,,,,0.6197480839982745,,,,,0.0001,4.0,9.0,0.44167790500068804,1.0,7.2171173095703125,0.11878418299602345,0.0055660829966655,136,,,,0.006942020001588389,,,,,,,102
,1414212.0,560.8614342898766,0.0,0.35000000000000003,1681394267.0,0.03999999999999915,,0.0,10893.848576,2.854912,,5216050.0,0.0,0.6,146342.920192,0.0,,21341.63456,6604.0,0.0,,,512471.379968,230.0,3373.28128,,,,,,,,,137,0.12000000000000455,751.0,3.1760043087096004,,5.3,2782470.0,13279.404032,0.03183793300559046,1.7000000000000002,0.0,102
8534.0,,,,,1681394268.0,,0.01741020900226431,,,,1.0,,,,,,,,,,0.6178314580101869,,,,,0.0001,5.0,9.0,0.4360573270023451,1.0,7.1809234619140625,0.1205237690010108,0.005636205001792405,138,,,,0.006366014997183811,,,,,,,103
,1440894.0,524.7189028911112,0.0,0.35000000000000003,1681394268.0,0.04099999999999682,,0.0,10893.807616,2.854912,,5232181.0,0.0,0.6,146155.200512,0.0,,21346.500608,6651.0,0.0,,,512157.863936,231.0,3373.273088,,,,0.447031749994494,,,0.12467262700374704,0.005419922999863047,139,0.12399999999999523,809.0,2.8694179922089513,0.006868312004371546,5.3,2830628.0,13245.8496,0.03563488299550954,1.7000000000000002,0.004080950033289296,103
8790.0,,,,,1681394268.0,,0.02396798300469527,,,,1.0,,,,,,,,,,0.6435954780026805,,,,,0.0001,6.0,9.0,,1.0,7.184425354003906,,,140,,,,,,,,,,,103
9046.0,,,,,1681394269.0,,0.0192611910024425,,,,1.0,,,,,,,,,,0.7135073959943838,,,,,0.0001,7.0,9.0,0.5338019719929434,1.0,7.292724609375,0.11297389199899044,0.009191103003104217,141,,,,0.00614859200140927,,,,0.03213064599549398,,,104
,1458974.0,381.1637466097409,0.0,0.35000000000000003,1681394269.0,0.04099999999999682,,0.0,10893.840384,2.854912,,5246826.0,0.0,0.6,146155.200512,0.0,,21346.922496,6723.0,0.0,,,512157.442048,232.0,3373.273088,,,,,,,,,142,0.1279999999999859,816.0,2.9160686787685517,,5.3,2868177.0,13245.8496,0.03104599899961613,1.7000000000000002,0.020407474542862614,104
9302.0,,,,,1681394270.0,,0.016819910000776872,,,,1.0,,,,,,,,,,0.5946441179985413,,,,,0.0001,8.0,9.0,0.420049153995933,1.0,7.133270263671875,0.1164803639985621,0.005157362000318244,143,,,,0.005091329003334977,,,,,,,105
,1476602.0,383.55253656688654,0.0,0.35000000000000003,1681394270.0,0.04099999999999682,,0.0,10890.850304,2.854912,,5261630.0,0.0,0.6,146001.051648,0.0,,21501.005824,6794.0,0.0,,,512023.322624,232.0,3370.315776,,,,0.4356655360024888,,,,,144,0.1279999999999859,827.0,3.147790012123809,0.005744709000282455,5.3,2920222.0,13245.8496,0.024130902995239012,1.7000000000000002,0.0,105
9558.0,,,,,1681394271.0,,0.01854835300036939,,,,1.0,,,,,,,,,,0.6065246010039118,,,,,0.0001,9.0,9.0,,1.0,7.152587890625,0.11629739500494907,0.0061377050005830824,145,,,,,,,,,,,106
,1498360.0,356.4735237973879,0.0,0.4,1681394271.0,0.04099999999999682,,0.0,10893.84448,2.854912,,5277252.0,0.0,0.7374999999999999,146155.200512,0.0,,21360.68096,6844.0,0.0,,,512144.392192,233.0,3373.273088,,,,0.5305692270048894,,,0.11326266499963822,0.008998279998195358,146,0.132000000000005,885.0,2.948983664175915,0.010878467997827101,5.3,2963226.0,13245.853696,0.033844445999420714,2.275,0.004081263173289508,106
9814.0,,,,,1681394271.0,,0.019476514993584715,,,,1.0,,,,,,,,,,0.7170296009935555,,,,,0.0001,10.0,9.0,,1.0,7.250518798828125,,,147,,,,,,,,,,,106
10070.0,,,,,1681394272.0,,0.018541885998274665,,,,1.0,,,,,,,,,,0.6280366119972314,,,,,0.0001,11.0,9.0,0.4522512370022014,1.0,7.207061767578125,0.10824872199737001,0.01483207300043432,148,,,,0.007949881000968162,,,,0.026212812997982837,,,107
,1524337.0,439.4531422253044,0.0,0.4,1681394272.0,0.04099999999999682,,0.0,10893.84448,2.854912,,5291392.0,0.0,0.7374999999999999,146155.204608,0.0,,21369.708544,6895.0,0.0,,,512289.15712,233.0,3373.273088,,,,,,,,,149,0.132000000000005,896.0,4.9595147502193395,,5.3,2994638.0,13245.853696,0.02700826599902939,2.275,0.0,107
10326.0,,,,,1681394273.0,,0.01595351400465006,,,,1.0,,,,,,,,,,0.618921651999699,,,,,0.0001,12.0,9.0,0.44570638799632434,1.0,7.0484161376953125,0.1012746030028211,0.02232178000122076,150,,,,0.006657100995653309,,,,,,,108
,1539665.0,356.3396669733135,0.0,0.4,1681394273.0,0.04099999999999682,,0.0,10893.848576,2.854912,,5300294.0,0.0,0.7374999999999999,146155.204608,0.0,,21315.702784,6967.0,0.0,,,512189.00992,235.0,3373.277184,,,,0.4519342179992236,,,,,151,0.13599999999999568,898.0,2.671521469171689,0.006387271001585759,5.3,3038375.0,13245.853696,0.02546732000337215,2.275,0.11826911266772953,108
10582.0,,,,,1681394274.0,,0.018860315998608712,,,,1.0,,,,,,,,,,0.6250775950029492,,,,,0.0001,13.0,9.0,,1.0,7.2682647705078125,0.10318809499585768,0.019240375004301313,152,,,,,,,,,,,109
10838.0,,,,,1681394274.0,,0.017667804997472558,,,,1.0,,,,,,,,,,0.6141503240069142,,,,,0.0001,14.0,9.0,0.4386275310025667,1.0,7.16119384765625,0.09238473600271391,0.029998014004377183,153,,,,0.005690193000191357,,,,0.029782044999592472,,,109
,1553874.0,330.705337822852,0.0,0.4,1681394274.0,0.04099999999999682,,0.0,10893.84448,2.854912,,5308228.0,0.0,0.7374999999999999,146001.055744,0.0,,21315.91168,7022.0,0.0,,,512343.298048,235.0,3373.268992,,,,,,,,,154,0.13599999999999568,901.0,3.0090853605958783,,5.3,3068421.0,13245.857792,0.02315566899778787,2.275,0.0,109
11094.0,,,,,1681394275.0,,0.015775337000377476,,,,1.0,,,,,,,,,,0.7615275980060687,,,,,0.0001,15.0,9.0,0.5943674890004331,1.0,7.23321533203125,0.09500042300351197,0.02721212600590661,155,,,,0.006016553998051677,,,,,,,110
,1575197.0,342.1989411920398,0.0,0.4,1681394275.0,0.04099999999999682,,0.0,10890.899456,2.854912,,5319530.0,0.0,0.7374999999999999,146001.055744,0.0,,21482.758144,7081.0,0.0,,,512064.864256,235.0,3370.319872,,,,,,,,,156,0.13599999999999568,903.0,2.9292022233903916,,5.3,3098697.0,13245.861888,0.02666814500116743,2.275,0.0,110
11350.0,,,,,1681394276.0,,0.018249376000312623,,,,1.0,,,,,,,,,,0.6233561330082011,,,,,0.0001,16.0,9.0,0.4494221519998973,1.0,7.2817535400390625,0.09543175900034839,0.027264249001746066,157,,,,0.0063204520047293045,,,,,,,111
,1596572.0,396.7787466968731,0.0,0.42500000000000004,1681394276.0,0.04099999999999682,,0.0,10890.866688,2.854912,,5331680.0,0.0,0.8125,146001.055744,0.0,,21473.251328,7164.0,0.0,,,512072.06912,235.0,3370.319872,,,,0.4524234950004029,,,,,158,0.13599999999999568,905.0,5.220624329702475,0.005751285003498197,5.3,3144586.0,13245.861888,0.02710043799743289,2.4875000000000003,0.0,111
11606.0,,,,,1681394277.0,,0.018552444002125412,,,,1.0,,,,,,,,,,0.6263801910099573,,,,,0.0001,17.0,9.0,,1.0,7.1759796142578125,0.09789560700301081,0.024656922003487125,159,,,,,,,,,,,112
11862.0,,,,,1681394277.0,,0.01965381500485819,,,,1.0,,,,,,,,,,0.6075943090036162,,,,,0.0001,18.0,9.0,0.4358142479977687,1.0,7.2933349609375,0.09695077400101582,0.025126025000645313,160,,,,0.005590668995864689,,,,0.02445877800346352,,,112
,1613809.0,349.1500194891221,0.0,0.42500000000000004,1681394277.0,0.04099999999999682,,0.0,10890.899456,2.854912,,5340964.0,0.0,0.8125,146001.055744,0.0,,21365.854208,7224.0,0.0,,,512292.655104,237.0,3370.319872,,,,,,,,,161,0.13999999999998636,910.0,3.036531393363966,,5.3,3175312.0,13245.861888,0.030352842004504055,2.4875000000000003,0.008163040239636557,112
12118.0,,,,,1681394278.0,,0.017538255000545178,,,,1.0,,,,,,,,,,0.7045195540049463,,,,,0.0001,19.0,9.0,0.5295459620028851,1.0,7.12939453125,0.09747842599608703,0.024930084000516217,162,,,,0.00467398500040872,,,,,,,113
,1626511.0,258.30261157090644,0.0,0.42500000000000004,1681394278.0,0.041999999999994486,,0.0,10893.848576,2.854912,,5348053.0,0.0,0.8125,146001.055744,0.0,,21320.228864,7285.0,0.0,,,512184.836096,240.0,3373.268992,,,,,,,,,163,0.14400000000000546,912.0,2.483782597853871,,5.3,3200699.0,13245.861888,0.028761064997524954,2.4875000000000003,0.09796411671399838,113
12374.0,,,,,1681394279.0,,0.015619806996255647,,,,1.0,,,,,,,,,,0.5889345269970363,,,,,0.0001,20.0,9.0,0.4174014989985153,1.0,7.197265625,0.09474768400104949,0.027278925997961778,164,,,,0.00512554600572912,,,,,,,114
,1644096.0,356.51557567902967,0.0,0.42500000000000004,1681394279.0,0.041999999999994486,,0.0,10893.848576,2.854912,,5358424.0,0.0,0.8125,146001.055744,0.0,,21316.36224,7359.0,0.0,,,512342.147072,241.0,3373.268992,,,,0.44389850799780106,,,0.10073741700034589,0.021428767002362292,165,0.14799999999999613,920.0,3.7681210915576226,0.006299119995674118,5.3,3248056.0,13245.861888,0.030733657993550878,2.4875000000000003,0.020350733205212544,114
12630.0,,,,,1681394280.0,,0.016801117999420967,,,,1.0,,,,,,,,,,0.6198985879891552,,,,,0.0001,21.0,9.0,,1.0,7.18194580078125,,,166,,,,,,,,,,,115
12886.0,,,,,1681394280.0,,0.017585346002306323,,,,1.0,,,,,,,,,,0.616755330011074,,,,,0.0001,22.0,9.0,0.44155528899864294,1.0,7.149505615234375,0.09472339300555177,0.027974729004199617,167,,,,0.005942447001871187,,,,0.02897412599850213,,,115
,1663391.0,376.2055850257341,0.0,0.42500000000000004,1681394280.0,0.041999999999994486,,0.0,10890.964992,2.854912,,5369222.0,0.0,0.8125,146001.055744,0.0,,21349.289984,7434.0,0.0,,,512309.219328,241.0,3370.385408,,,,,,,,,168,0.14799999999999613,923.0,3.594374996961012,,5.3,3276793.0,13245.861888,0.02657834400451975,2.4875000000000003,0.0,115
,1680438.0,392.07170244319343,0.0,0.7000000000000001,1681394281.0,0.041999999999994486,,0.0,10893.979648,2.854912,,5386815.0,0.0,1.6625,146001.055744,0.0,,21350.42048,7477.0,0.0,,,512000.14336,241.0,3373.400064,,,,0.5852689620005549,,,0.09924632600450423,,169,0.14799999999999613,925.0,2.1464093551598946,0.0044469080021372065,5.3,3304730.0,13245.861888,,6.4875,0.0,116
,1684873.0,65.01215569396075,0.0,0.7000000000000001,1681394282.0,0.041999999999994486,,0.0,10893.979648,2.854912,,5389186.0,0.0,1.6625,146001.055744,0.0,,21348.524032,7477.0,0.0,,,511848.2432,241.0,3373.400064,,,,,,,,,170,0.14799999999999613,925.0,0.5945379681111306,,5.4,3306902.0,13245.861888,,6.4875,0.0,117
,1713412.0,196.62793703354367,0.0,0.7000000000000001,1681394283.0,0.041999999999994486,,0.0,10893.979648,2.854912,,5416259.0,0.0,1.6625,146001.055744,0.0,,21394.649088,7477.0,0.0,,,511801.761792,241.0,3373.400064,,,,,,,,,171,0.14799999999999613,925.0,217.115876701154,,5.4,3376101.0,13245.861888,,6.4875,0.0,118
,1737652.0,440.66420838842186,0.0,0.7000000000000001,1681394284.0,0.055999999999997385,,0.0,10893.979648,2.854912,,5433055.0,0.0,1.6625,146001.055744,0.0,,21407.98976,7477.0,0.0,,,511788.417024,282.0,3373.400064,,,,,,,,,172,0.1560000000000059,925.0,199.06712533920305,,5.4,3418318.0,13245.861888,,6.4875,0.22423306679093866,119
,1769286.0,296.6327002348311,0.0,0.7000000000000001,1681394285.0,0.055999999999997385,,0.0,10893.979648,2.854912,,5463489.0,0.0,1.6625,146001.055744,0.0,,21427.204096,7477.0,0.0,,,511769.198592,282.0,3373.400064,,,,,,,,,173,0.1560000000000059,925.0,405.22132664666697,,5.4,3506109.0,13245.861888,,6.4875,0.0,120
,1800570.0,303.66463141224386,0.0,0.725,1681394286.0,0.055999999999997385,,0.0,10893.979648,2.854912,,5482404.0,0.0,1.7000000000000002,146001.055744,0.0,,21443.756032,7477.0,0.0,,,511752.646656,282.0,3373.400064,,,,,,,,,174,0.1560000000000059,925.0,342.0608482652011,,5.4,3583990.0,13245.861888,,6.275,0.0,121
,1832112.0,379.11041673356635,0.0,0.725,1681394287.0,0.055999999999997385,,0.0,10893.979648,2.854912,,5505341.0,0.0,1.7000000000000002,146001.055744,0.0,,21432.635392,7477.0,0.0,,,511763.7632,282.0,3373.400064,,,,,,,,,175,0.1560000000000059,925.0,498.2498526637673,,5.4,3667934.0,13245.861888,,6.275,0.0,122
,1873704.0,451.70656196370595,0.0,0.725,1681394288.0,0.055999999999997385,,0.0,10893.979648,2.854912,,5536968.0,0.0,1.7000000000000002,146001.055744,0.0,,21475.598336,7477.0,0.0,,,511720.804352,282.0,3373.400064,,,,,,,,,176,0.1560000000000059,925.0,410.9310691849881,,5.4,3766398.0,13245.861888,,6.275,0.0,123
,1901479.0,361.828758810932,0.0,0.725,1681394289.0,0.055999999999997385,,0.0,10893.983744,2.854912,,5556143.0,0.0,1.7000000000000002,146001.055744,0.0,,21475.692544,7477.0,0.0,,,511720.71424,283.0,3373.400064,,,,,,,,,177,0.1599999999999966,925.0,269.13270823026716,,5.4,3817952.0,13245.861888,,6.275,0.020420612166500592,124
,1930722.0,277.50220561578425,0.0,0.725,1681394290.0,0.055999999999997385,,0.0,10893.996032,2.854912,,5574379.0,0.0,1.7000000000000002,146001.055744,0.0,,21502.328832,7477.0,0.0,,,511694.077952,283.0,3373.400064,,,,,,,,,178,0.1599999999999966,925.0,465.3074744954634,,5.4,3904397.0,13245.861888,,6.275,0.0,125
,1963723.0,374.634946326528,0.0,0.7124999999999999,1681394291.0,0.055999999999997385,,0.0,10893.996032,2.854912,,5596917.0,0.0,1.675,146001.055744,0.0,,21513.568256,7477.0,0.0,,,511682.838528,283.0,3373.400064,,,,,,,,,179,0.1599999999999966,925.0,255.50199838746323,,5.4,3967520.0,13245.861888,,5.775,0.0,126
,1988440.0,304.92430185600944,0.0,0.7124999999999999,1681394292.0,0.055999999999997385,,0.0,10893.996032,2.854912,,5613205.0,0.0,1.675,146001.055744,0.0,,21517.96736,7477.0,0.0,,,511678.439424,283.0,3373.400064,,,,,,,,,180,0.1599999999999966,925.0,319.86361494557025,,5.4,4021930.0,13245.861888,,5.775,0.0,127
,2028084.0,289.5399296563594,0.0,0.7124999999999999,1681394293.0,0.055999999999997385,,0.0,10893.996032,2.854912,,5643489.0,0.0,1.675,146001.055744,0.0,,21528.178688,7477.0,0.0,,,511668.211712,283.0,3373.400064,,,,,,,,,181,0.1599999999999966,925.0,165.87757114318973,,5.4,4120684.0,13245.861888,,5.775,0.0,128
,2055332.0,221.5728596784406,0.0,0.7124999999999999,1681394294.0,0.055999999999997385,,0.0,10893.996032,2.854912,,5665708.0,0.0,1.675,146001.055744,0.0,,21536.702464,7477.0,0.0,,,511659.692032,283.0,3373.400064,,,,,,,,,182,0.1599999999999966,925.0,90.21768516003355,,5.4,4164900.0,13245.861888,,5.775,0.0,129
,2077615.0,251.66862224619138,0.0,0.7124999999999999,1681394295.0,0.056999999999995055,,0.0,10893.996032,2.854912,,5679101.0,0.0,1.675,146001.055744,0.0,,21534.818304,7477.0,0.0,,,511661.568,285.0,3373.400064,,,,,,,,,183,0.16399999999998727,925.0,156.13914385645617,,5.4,4204768.0,13245.861888,,5.775,0.06119389988340084,130
,2091819.0,113.48803589822302,0.0,0.725,1681394296.0,0.056999999999995055,,0.0,10893.996032,2.854912,,5689931.0,0.0,1.6875,146001.055744,0.0,,21533.970432,7477.0,0.0,,,511662.42816,285.0,3373.400064,,,,,,,,,184,0.16399999999998727,925.0,129.71500514710263,,5.4,4238986.0,13245.861888,,5.5125,0.0,131
,2114109.0,86.70225571348264,0.0,0.725,1681394297.0,0.056999999999995055,,0.0,10893.996032,2.854912,,5704045.0,0.0,1.6875,146001.055744,0.0,,21540.384768,7477.0,0.0,,,511656.013824,285.0,3373.400064,,,,,,,,,185,0.16399999999998727,925.0,191.6728341486185,,5.4,4296613.0,13245.861888,,5.5125,0.0,132
,2133762.0,286.92968758075915,0.0,0.725,1681394298.0,0.056999999999995055,,0.0,10893.996032,2.854912,,5720926.0,0.0,1.6875,146001.055744,0.0,,21531.439104,7477.0,0.0,,,511664.963584,285.0,3373.400064,,,,,,,,,186,0.16399999999998727,925.0,32.9489782418862,,5.4,4313843.0,13245.861888,,5.5125,0.0,133
,2175313.0,85.44553962307242,0.0,0.725,1681394299.0,0.056999999999995055,,0.0,10893.996032,2.854912,,5804640.0,0.0,1.6875,146001.055744,0.0,,21581.348864,7477.0,0.0,,,511615.021056,286.0,3373.400064,,,,,,,,,187,0.16799999999997794,925.0,280.2134906916185,,5.4,4471910.0,13245.861888,,5.5125,0.02448399029946397,134
,2201859.0,230.89566910209092,0.0,0.725,1681394301.0,0.056999999999995055,,0.0,10893.996032,2.854912,,5822447.0,0.0,1.6875,146001.055744,0.0,,21590.089728,7477.0,0.0,,,511606.280192,286.0,3373.400064,,,,,,,,,188,0.16799999999997794,925.0,148.59391879140537,,5.4,4520769.0,13245.861888,,5.5125,0.0,136
,2228038.0,199.37494481893734,0.0,0.725,1681394302.0,0.056999999999995055,,0.0,10893.996032,2.854912,,5838037.0,0.0,1.6625,146001.055744,0.0,,21585.772544,7477.0,0.0,,,511610.621952,286.0,3373.400064,,,,,,,,,189,0.16799999999997794,925.0,175.05538471678688,,5.4,4576235.0,13245.861888,,5.0625,0.0,137
,2234427.0,148.02474900908118,0.0,0.725,1681394303.0,0.056999999999995055,,0.0,10893.996032,2.854912,,5841956.0,0.0,1.6625,146001.055744,0.0,,21585.98144,7477.0,0.0,,,511610.425344,286.0,3373.400064,,,,,,,,,190,0.16799999999997794,925.0,5.517939832425652,,5.4,4581304.0,13245.861888,,5.0625,0.0,138
,2246565.0,7.978072954553855,0.0,0.725,1681394304.0,0.056999999999995055,,0.0,10893.996032,2.854912,,5856898.0,0.0,1.6625,146001.055744,0.0,,21629.857792,7477.0,0.0,,,511566.548992,286.0,3373.400064,,,,,,,,,191,0.16799999999997794,925.0,137.93488817803075,,5.4,4620093.0,13245.861888,,5.0625,0.0,139
,2259621.0,59.2247061524482,0.0,0.725,1681394305.0,0.056999999999995055,,0.0,10893.996032,2.854912,,5863964.0,0.0,1.6625,146001.055744,0.0,,21586.100224,7477.0,0.0,,,511610.30656,286.0,3373.400064,,,,,,,,,192,0.16799999999997794,925.0,104.03954291962482,,5.4,4652123.0,13245.861888,,5.0625,0.0,140
,2274383.0,151.61951903106646,0.0,0.725,1681394306.0,0.07099999999999795,,0.0,10893.996032,2.854912,,5876867.0,0.0,1.6625,146001.055744,0.0,,21598.134272,7477.0,0.0,,,511598.26432,342.0,3373.400064,,,,,,,,,193,0.17599999999998772,925.0,77.77423264767333,,5.4,4690308.0,13245.861888,,5.0625,0.26517646277021545,141
,2292406.0,76.41852399198464,0.0,0.7124999999999999,1681394307.0,0.07099999999999795,,0.0,10893.996032,2.854912,,5887074.0,0.0,1.6375000000000002,146001.055744,0.0,,21585.338368,7477.0,0.0,,,511611.06432,342.0,3373.400064,,,,,,,,,194,0.17599999999998772,925.0,204.7513671093651,,5.4,4727632.0,13245.861888,,4.6625,0.0,142
,2310299.0,199.93965020658084,0.0,0.7124999999999999,1681394308.0,0.07099999999999795,,0.0,10893.996032,2.854912,,5897645.0,0.0,1.6375000000000002,146001.055744,0.0,,21598.703616,7477.0,0.0,,,511597.699072,342.0,3373.400064,,,,,,,,,195,0.17599999999998772,925.0,88.96839831620015,,5.4,4766514.0,13245.861888,,4.6625,0.0,143
,2329585.0,92.24160160773572,0.0,0.7124999999999999,1681394309.0,0.07099999999999795,,0.0,10893.996032,2.854912,,5908230.0,0.0,1.6375000000000002,146001.055744,0.0,,21586.251776,7477.0,0.0,,,511610.150912,343.0,3373.400064,,,,,,,,,196,0.1839999999999975,925.0,193.82271620147094,,5.4,4806661.0,13245.861888,,4.6625,0.024486002656733247,144
,2347502.0,33.590790680995696,0.0,0.7124999999999999,1681394310.0,0.07099999999999795,,0.0,10893.996032,2.854912,,5919387.0,0.0,1.6375000000000002,146001.055744,0.0,,21590.376448,7477.0,0.0,,,511606.02624,343.0,3373.400064,,,,,,,,,197,0.1839999999999975,925.0,227.89771049959987,,5.4,4861360.0,13245.861888,,4.6625,0.0,145
13142.0,,,,,1681394310.0,,0.019313000004331116,,,,1.0,,,,,,,,,,29.729385546015692,,,,,0.0001,23.0,9.0,,2.0,7.212554931640625,,28.994532005999645,198,,,,,,,,,,,145
,2376608.0,19.026539645822115,0.0,0.7124999999999999,1681394311.0,0.07199999999999562,,0.0,10893.963264,2.854912,,8299788.0,0.0,1.6375000000000002,146001.05984,0.0,,22103.969792,7595.0,0.0,,,511246.577664,347.0,3373.400064,,,,0.49436676099867327,,,,,199,0.18799999999998818,926.0,169.9937985104302,0.008763464997173287,5.5,4942589.0,13245.861888,0.035158710001269355,4.6625,0.09789782582554726,146
13398.0,,,,,1681394311.0,,0.02135901500150794,,,,1.0,,,,,,,,,,0.9284339939986239,,,,,0.0001,24.0,9.0,,2.0,7.2496795654296875,0.2067126760011888,0.16207336699881125,200,,,,,,,,,,,146
,2386657.0,37.640774657159604,0.0,0.725,1681394312.0,0.07199999999999562,,0.0,10893.991936,2.854912,,9234950.0,0.0,1.625,146001.055744,0.0,,22380.040192,7649.0,0.0,,,511124.660224,347.0,3373.395968,,,,0.4096999949979363,,,0.1034455480039469,0.018141042994102463,201,0.18799999999998818,928.0,3.1295603107334893,0.004123676997551229,5.5,4973156.0,13245.861888,0.029576160995929968,4.387499999999999,0.0,147
13654.0,,,,,1681394312.0,,0.01677539299998898,,,,1.0,,,,,,,,,,0.5817618169894558,,,,,0.0001,25.0,9.0,,2.0,7.1741485595703125,,,202,,,,,,,,,,,147
13910.0,,,,,1681394312.0,,0.016947768002864905,,,,1.0,,,,,,,,,,0.6710874709970085,,,,,0.0001,26.0,9.0,0.4165936919962405,2.0,7.20989990234375,0.19707612199999858,0.005111366001074202,203,,,,0.00437497699749656,,,,0.030983545999333728,,,147
,2392880.0,37.27774145714601,0.0,0.725,1681394313.0,0.07199999999999562,,0.0,10891.116544,2.854912,,9238777.0,0.0,1.625,146001.055744,0.0,,22375.215104,7690.0,0.0,,,511407.316992,347.0,3370.51648,,,,,,,,,204,0.18799999999998818,931.0,2.4464228648291924,,5.5,4997215.0,13245.861888,0.031143277999944985,4.387499999999999,0.0,148
14166.0,,,,,1681394313.0,,0.015120459996978752,,,,1.0,,,,,,,,,,0.5849833890024456,,,,,0.0001,27.0,9.0,0.4128014450034243,2.0,7.228973388671875,0.10624256799928844,0.015324604006309528,205,,,,0.004351033996499609,,,,,,,148
,2400351.0,49.00179369367906,0.0,0.725,1681394314.0,0.07199999999999562,,0.0,10891.022336,2.854912,,9243087.0,0.0,1.625,146001.055744,0.0,,22368.09216,7755.0,0.0,,,511489.093632,347.0,3370.450944,,,,0.41497582200099714,,,0.10672063999663806,0.015713900997070596,206,0.18799999999998818,933.0,1.7913183605624303,0.004260703004547395,5.4,5041183.0,13245.865984,0.029822044998581987,4.387499999999999,0.0,149
14422.0,,,,,1681394314.0,,0.019232866005040705,,,,1.0,,,,,,,,,,0.5907259770028759,,,,,0.0001,28.0,9.0,,2.0,7.2342987060546875,,,207,,,,,,,,,,,149
14678.0,,,,,1681394314.0,,0.015738397996756248,,,,1.0,,,,,,,,,,0.5769239620058215,,,,,0.0001,29.0,9.0,0.4128403410068131,2.0,7.105560302734375,0.09559760200500023,0.026243317995977122,208,,,,0.004360586004622746,,,,0.022143716996652074,,,149
,2404753.0,1.3678417069607949,0.0,0.725,1681394315.0,0.07199999999999562,,0.0,10894.004224,2.854912,,9245791.0,0.0,1.625,146001.055744,0.0,,22367.1296,7813.0,0.0,,,511762.2272,347.0,3373.400064,,,,,,,,,209,0.18799999999998818,936.0,2.06474150987206,,5.4,5064495.0,13245.865984,0.03462883699830854,4.387499999999999,0.0,150
14934.0,,,,,1681394315.0,,0.014993549993960187,,,,1.0,,,,,,,,,,0.6836571319945506,,,,,0.0001,30.0,9.0,0.5074661010003183,2.0,7.1947174072265625,0.09725406399957137,0.0242831009963993,210,,,,0.005031479005992878,,,,,,,150
,2409687.0,1.4081574379357114,0.0,0.725,1681394316.0,0.07199999999999562,,0.0,10894.782464,2.854912,,9249238.0,0.0,1.625,146034.62656,0.0,,22366.875648,7887.0,0.0,,,511876.624384,347.0,3373.400064,,,,,,,,,211,0.18799999999998818,939.0,2.3439672046800983,,5.4,5100665.0,13279.420416,0.02995657000428764,4.387499999999999,0.0,151
15190.0,,,,,1681394316.0,,0.019853179997880943,,,,1.0,,,,,,,,,,0.5957800300166127,,,,,0.0001,31.0,9.0,0.4203711100053624,2.0,7.131500244140625,0.09603880000213394,0.024972524006443564,212,,,,0.004587846000504214,,,,,,,151
15446.0,,,,,1681394316.0,,0.01612646199646406,,,,1.0,,,,,,,,,,0.5865446469833842,,,,,0.0001,32.0,9.0,0.4132917029928649,2.0,7.213226318359375,0.09520130799501203,0.02665940699807834,213,,,,0.004329567003878765,,,,0.030936199997086078,,,151
,2414823.0,1.672609031938916,0.0,0.75,1681394317.0,0.0730000000000004,,0.0,10891.186176,2.854912,,9252762.0,0.0,1.7249999999999999,146001.055744,0.0,,22363.705344,7951.0,0.0,,,512187.736064,349.0,3370.582016,,,,,,,,,214,0.19199999999997885,942.0,2.1365232588005982,,5.3,5130293.0,13245.865984,0.030401695003092755,4.6375,0.02449248981648387,152
15702.0,,,,,1681394317.0,,0.018930121004814282,,,,1.0,,,,,,,,,,0.5934286950068781,,,,,0.0001,33.0,9.0,0.4180223590010428,2.0,7.194122314453125,0.0970348689952516,0.024031072003708687,215,,,,0.005008578998968005,,,,,,,152
,2419526.0,1.3608398172821485,0.0,0.75,1681394318.0,0.0730000000000004,,0.0,10894.004224,2.854912,,9255804.0,0.0,1.7249999999999999,146001.055744,0.0,,22362.8288,8006.0,0.0,,,512342.761472,349.0,3373.400064,,,,,,,,,216,0.19199999999997885,944.0,2.532457634208034,,5.3,5152807.0,13245.865984,0.022824446998129133,4.6375,0.0,153
15958.0,,,,,1681394318.0,,0.01638404600089416,,,,1.0,,,,,,,,,,0.6539996190113015,,,,,0.0001,34.0,9.0,0.4888763050039415,2.0,7.19989013671875,0.09517192900239024,0.02591967100306647,217,,,,0.004823221002880018,,,,,,,153
16214.0,,,,,1681394319.0,,0.015426240002852865,,,,1.0,,,,,,,,,,0.5952126390038757,,,,,0.0001,35.0,9.0,0.42135817500093253,2.0,7.1462860107421875,0.09427748800226254,0.02721802599990042,218,,,,0.005083980999188498,,,,0.03184872899873881,,,154
,2424740.0,1.430928920929234,0.0,0.75,1681394319.0,0.0730000000000004,,0.0,10739.892224,2.854912,,9259318.0,0.0,1.7249999999999999,146001.055744,0.0,,22361.255936,8069.0,0.0,,,512563.359744,350.0,3219.263488,,,,,,,,,219,0.19599999999999795,952.0,2.2031864006176414,,5.2,5194720.0,13245.865984,,4.6375,0.024495353405220605,154
16470.0,,,,,1681394319.0,,0.01779910799814388,,,,1.0,,,,,,,,,,0.5924963799843681,,,,,0.0001,36.0,9.0,0.41860412700043526,2.0,7.1650238037109375,0.09617491599783534,0.02523182099685073,220,,,,0.005310213993652724,,,,0.029376193997450173,,,154
,2429592.0,1.6308085402193295,0.0,0.75,1681394320.0,0.0730000000000004,,0.0,10770.010112,2.854912,,9262059.0,0.0,1.7249999999999999,145893.80608,0.0,,22360.12544,8126.0,0.0,,,512808.271872,350.0,3249.369088,,,,,,,,,221,0.19599999999999795,964.0,2.0545891621185195,,5.2,5216849.0,13262.6432,0.005976656997518148,4.6375,0.0,155
16520.0,,,,,1681394320.0,,0.015218250002362765,,,,1.0,,,,,,,,,,0.6200426220093505,,,,,0.0001,37.0,9.0,0.4951825340031064,2.0,7.313984394073486,0.0932638410013169,0.004637108999304473,222,,,,0.005764231005741749,,,,,,,155
16581.0,,,,,1681394320.0,,0.005952550993242767,,,,1.0,,,,,,,,,,0.5210853329845122,,,,,0.0001,38.0,9.0,0.4041984750001575,2.0,7.157786846160889,0.09481914000207325,0.004590712997014634,223,,,,0.004511560997343622,,,,0.007012892994680442,,,155
,2434935.0,2.0409569023660175,0.0,0.75,1681394321.0,0.0730000000000004,,0.0,10778.943488,2.854912,,9268458.0,0.0,1.7249999999999999,145889.66912,0.0,,22361.260032,8223.0,0.0,,,512873.984,351.0,3258.298368,,,,,,,,,224,0.19999999999998863,972.0,2.8843025441312866,,5.2,5261317.0,13245.87008,0.0072602479995111935,4.6375,0.0040831100281851634,156
16652.0,,,,,1681394321.0,,0.005736874998547137,,,,1.0,,,,,,,,,,0.5310098780028056,,,,,0.0001,39.0,9.0,0.4087139870025567,2.0,7.303752422332764,0.0940296459957608,0.010658159000740852,225,,,,0.004610963005688973,,,,,,,156
16712.0,,,,,1681394322.0,,0.006875915998534765,,,,1.0,,,,,,,,,,0.539242093989742,,,,,0.0001,40.0,9.0,0.4198943640003563,2.0,7.119856834411621,0.09329249999427702,0.004781307994562667,226,,,,0.006289048003964126,,,,0.008108957998047117,,,157
,2442960.0,2.204005528220857,0.0,0.7625,1681394322.0,0.0730000000000004,,0.0,10778.996736,2.854912,,9273833.0,0.0,1.7374999999999998,145887.25248,0.0,,21749.743616,8342.0,0.0,,,513564.40576,351.0,3258.339328,,,,,,,,,227,0.19999999999998863,979.0,3.3303533536511734,,5.1,5306683.0,13245.87008,0.009742266003740951,4.4624999999999995,0.0,157
16779.0,,,,,1681394322.0,,0.007880172001023311,,,,1.0,,,,,,,,,,0.6002356250101002,,,,,0.0001,41.0,9.0,0.4808611140033463,2.0,7.208722114562988,0.09226781700272113,0.004670176000217907,228,,,,0.004814079999050591,,,,,,,157
,2455691.0,1.848360133964427,0.0,0.7625,1681394323.0,0.0730000000000004,,0.0,10780.340224,2.854912,,9335437.0,0.0,1.7374999999999998,145820.09856,0.0,,20073.877504,8457.0,0.0,,,515279.507456,351.0,3259.797504,,,,,,,,,229,0.19999999999998863,984.0,2.68555467413251,,4.7,5332192.0,13178.773504,,4.4624999999999995,0.0,158
,2472382.0,6.919771468060771,0.0,0.7625,1681394324.0,0.0730000000000004,,0.0,10780.422144,2.854912,,9386494.0,0.0,1.7374999999999998,145853.681664,0.0,,20126.441472,8506.0,0.0,,,515226.86976,351.0,3259.834368,,,,,,,,,230,0.19999999999998863,985.0,2.096155801961339,,4.8,5342405.0,13212.327936,,4.4624999999999995,0.0,159
,2495592.0,583.8089064035619,0.0,0.7625,1681394325.0,0.0730000000000004,,0.0,10780.422144,2.854912,,9399946.0,0.0,1.7374999999999998,145853.681664,0.0,,20656.533504,8506.0,0.0,,,514696.773632,353.0,3259.834368,,,,,,,,,231,0.2039999999999793,985.0,3.872738222408569,,4.8,5355990.0,13212.332032,,4.4624999999999995,0.061215704634418285,160
,2516741.0,835.8282768317163,0.0,0.7625,1681394326.0,0.07900000000000063,,0.0,10780.438528,2.854912,,9411378.0,0.0,1.7374999999999998,146161.979392,0.0,,21757.906944,8512.0,0.0,,,513046.867968,374.0,3259.850752,,,,,,,,,232,0.2079999999999984,985.0,2.8781209257316274,,5.2,5365885.0,13212.332032,,4.4624999999999995,0.08569754859743073,161
17035.0,,,,,1681394327.0,,3.7540818709967425,,,,2.0,,,,,,,,,,4.382700286994805,,,,,0.0001,0.0,9.0,0.47078155700000934,2.0,7.158203125,0.11845518500194885,0.00627898200036725,233,,,,0.00558691899641417,,,,0.027515772999322508,,,162
,2545656.0,839.9098657527265,0.0,0.8,1681394327.0,0.07900000000000063,,0.0,10894.360576,2.854912,,9449155.0,0.0,1.8375,146463.49824,0.0,,21404.438528,8569.0,0.0,,,513178.128384,374.0,3373.674496,,,,,,,,,234,0.2079999999999984,987.0,3.461937699492737,,5.1,5396903.0,13245.886464,0.03148670399968978,4.7125,0.0,162
17291.0,,,,,1681394327.0,,0.004504800999711733,,,,2.0,,,,,,,,,,0.6172901149984682,,,,,0.0001,1.0,9.0,0.4526393019987154,2.0,7.222991943359375,0.11175495800125645,0.010742664999270346,235,,,,0.006161684999824502,,,,,,,162
,2576788.0,737.9032834309766,0.0,0.8,1681394328.0,0.07900000000000063,,0.0,10894.327808,2.854912,,9470130.0,0.0,1.8375,146309.349376,0.0,,21455.650816,8630.0,0.0,,,512664.121344,377.0,3373.666304,,,,0.455630784999812,,,,,236,0.21199999999998909,989.0,2.958256982276118,0.006624337001994718,5.2,5444345.0,13245.886464,0.03318854499957524,4.7125,0.0163141661159205,163
17547.0,,,,,1681394328.0,,0.004757102993607987,,,,2.0,,,,,,,,,,0.6238004669867223,,,,,0.0001,2.0,9.0,,2.0,7.1928558349609375,0.11163760499766795,0.011962091994064394,237,,,,,,,,,,,163
,2609388.0,811.1259641025441,0.0,0.8,1681394329.0,0.07900000000000063,,0.0,10894.323712,2.854912,,9491659.0,0.0,1.8375,146155.200512,0.0,,21913.776128,8703.0,0.0,,,512225.792,379.0,3373.658112,,,,0.5828410550020635,,,0.11350670699903276,0.009604314000171144,238,0.21999999999999886,990.0,3.0208853305830448,0.006109365996962879,5.3,5485796.0,13245.89056,0.029627075004100334,4.7125,0.028566894524644088,164
17803.0,,,,,1681394329.0,,0.019864456000505015,,,,2.0,,,,,,,,,,0.7615529730028356,,,,,0.0001,3.0,9.0,,2.0,7.3231964111328125,,,239,,,,,,,,,,,164
18059.0,,,,,1681394330.0,,0.02190609100216534,,,,2.0,,,,,,,,,,0.6103174090021639,,,,,0.0001,4.0,9.0,0.43480246699618874,2.0,7.2020263671875,0.10764932300662622,0.014071707002585754,240,,,,0.004710478999186307,,,,0.027177341995411552,,,165
,2631264.0,509.55746017316153,0.0,0.8,1681394330.0,0.07900000000000063,,0.0,10894.381056,2.854912,,9508851.0,0.0,1.8375,146617.647104,0.0,,21539.577856,8759.0,0.0,,,512271.89248,379.0,3373.682688,,,,,,,,,241,0.21999999999999886,993.0,2.92403910297641,,5.3,5523884.0,13245.89056,0.031213827001920436,4.7125,0.0,165
18315.0,,,,,1681394330.0,,0.019226143005653284,,,,2.0,,,,,,,,,,0.6269259060136392,,,,,0.0001,5.0,9.0,0.44709539099858375,2.0,7.224456787109375,0.11790142500103684,0.005487571004778147,242,,,,0.006001549001666717,,,,,,,165
,2656405.0,584.2221135843262,0.0,0.8,1681394331.0,0.07900000000000063,,0.0,10894.372864,2.854912,,9526894.0,0.0,1.8375,146480.283648,0.0,,21556.948992,8809.0,0.0,,,511947.280384,379.0,3373.674496,,,,,,,,,243,0.21999999999999886,997.0,3.246169555292122,,5.4,5562684.0,13262.667776,0.027455502000520937,4.7125,0.0,166
18571.0,,,,,1681394331.0,,0.024252917006378993,,,,2.0,,,,,,,,,,0.7787668790042517,,,,,0.0001,6.0,9.0,0.598448732001998,2.0,7.168022155761719,0.10589726900070673,0.01673842899617739,244,,,,0.005974029998469632,,,,,,,166
,2673656.0,319.01446075770616,0.0,0.8500000000000001,1681394332.0,0.07900000000000063,,0.0,10894.364672,2.854912,,9540895.0,0.0,1.95,146309.349376,0.0,,21710.032896,8867.0,0.0,,,511667.048448,380.0,3373.666304,,,,0.4299620989986579,,,0.11077314800058957,0.01185138699656818,245,0.22399999999998954,1001.0,3.0234086804237403,0.007199442996352445,5.4,5617698.0,13245.89056,0.0261152330058394,5.0375000000000005,0.012243489937070431,167
18827.0,,,,,1681394332.0,,0.018714719997660723,,,,2.0,,,,,,,,,,0.6046160299956682,,,,,0.0001,7.0,9.0,,2.0,7.3575286865234375,,,246,,,,,,,,,,,167
19083.0,,,,,1681394333.0,,0.018049889004032593,,,,2.0,,,,,,,,,,0.615557755001646,,,,,0.0001,8.0,9.0,0.44305058600002667,2.0,7.205047607421875,0.10711085500224726,0.01465085299423663,247,,,,0.005550754001887981,,,,0.027144817999214865,,,168
,2697083.0,323.1859312804527,0.0,0.8500000000000001,1681394333.0,0.0799999999999983,,0.0,10891.337728,2.854912,,9552698.0,0.0,1.95,146001.051648,0.0,,21575.995392,8909.0,0.0,,,512081.32608,383.0,3370.63936,,,,,,,,,248,0.22799999999998022,1037.0,3.0830222971486796,,5.3,5648564.0,13245.89056,0.02577948600082891,5.0375000000000005,0.10609071428049335,168
19339.0,,,,,1681394333.0,,0.01651126299839234,,,,2.0,,,,,,,,,,0.6185416739972425,,,,,0.0001,9.0,9.0,0.4488287290005246,2.0,7.1865692138671875,0.10778666200349107,0.01466761600022437,249,,,,0.004967917993781157,,,,,,,168
,2720528.0,358.35118694620354,0.0,0.8500000000000001,1681394334.0,0.0799999999999983,,0.0,10894.381056,2.854912,,9566039.0,0.0,1.95,146617.6512,0.0,,21575.385088,9003.0,0.0,,,511928.48384,383.0,3373.682688,,,,0.4926382889971137,,,,,250,0.22799999999998022,1054.0,4.804146897042438,0.003738371000508778,5.4,5691724.0,13245.89056,0.030967794999014586,5.0375000000000005,0.0,169
19595.0,,,,,1681394334.0,,0.020221366998157464,,,,2.0,,,,,,,,,,0.6684115509924595,,,,,0.0001,10.0,9.0,,2.0,7.25372314453125,0.10503475099540083,0.015810978002264164,251,,,,,,,,,,,169
19851.0,,,,,1681394335.0,,0.01929911199840717,,,,2.0,,,,,,,,,,0.6157304820007994,,,,,0.0001,11.0,9.0,0.44314688800659496,2.0,7.2344207763671875,0.1098316240022541,0.012794238995411433,252,,,,0.006492423999588937,,,,0.024166194998542778,,,170
,2739981.0,447.9227224415192,0.0,0.8500000000000001,1681394335.0,0.0799999999999983,,0.0,10891.22304,2.854912,,9577151.0,0.0,1.95,146309.353472,0.0,,21579.677696,9049.0,0.0,,,512077.991936,383.0,3370.524672,,,,,,,,,253,0.22799999999998022,1059.0,3.1017076388849696,,5.3,5723745.0,13245.89056,0.026407944002130534,5.0375000000000005,0.0,170
20107.0,,,,,1681394336.0,,0.018889734004915226,,,,2.0,,,,,,,,,,0.6205651430063881,,,,,0.0001,12.0,9.0,0.44507166300172685,2.0,7.1005401611328125,0.1073033239954384,0.01537157699931413,254,,,,0.007520901002862956,,,,,,,171
,2759171.0,368.8467949879206,0.0,0.8500000000000001,1681394336.0,0.0799999999999983,,0.0,10891.485184,2.854912,,9588147.0,0.0,1.95,146163.597312,0.0,,21572.325376,9098.0,0.0,,,511931.195392,383.0,3370.786816,,,,,,,,,255,0.22799999999998022,1063.0,3.0942817876936433,,5.4,5751268.0,13254.279168,0.028506533002655488,5.0375000000000005,0.0,171
20363.0,,,,,1681394336.0,,0.020678978005889803,,,,2.0,,,,,,,,,,0.6030650770044303,,,,,0.0001,13.0,9.0,0.4273093399970094,2.0,7.24371337890625,0.10756133499671705,0.013970446001621895,256,,,,0.00503844500053674,,,,,,,171
,2785143.0,372.5934825219662,0.0,0.95,1681394337.0,0.0799999999999983,,0.0,10891.501568,2.854912,,9602323.0,0.0,2.25,146001.055744,0.0,,21574.7584,9186.0,0.0,,,511928.766464,385.0,3370.835968,,,,0.5342241479957011,,,0.1065728869943996,,257,0.23599999999999,1066.0,4.9466286535860835,0.005409436002082657,5.4,5801423.0,13245.89056,0.02566253099939786,6.2375,0.008157849988445577,172
20619.0,,,,,1681394337.0,,0.017688631000055466,,,,2.0,,,,,,,,,,0.7050161229926744,,,,,0.0001,14.0,9.0,,2.0,7.20123291015625,,0.015458490001037717,258,,,,,,,,,,,172
20875.0,,,,,1681394338.0,,0.01927695400081575,,,,2.0,,,,,,,,,,0.6148418499942636,,,,,0.0001,15.0,9.0,0.43833409699436743,2.0,7.242584228515625,0.10417198900540825,0.018577302995254286,259,,,,0.004915518002235331,,,,0.02956598899618257,,,173
,2802067.0,356.6406902666118,0.0,0.95,1681394338.0,0.0799999999999983,,0.0,10892.853248,2.854912,,9611776.0,0.0,2.25,146001.055744,0.0,,21574.303744,9288.0,0.0,,,512083.365888,387.0,3372.146688,,,,,,,,,260,0.23999999999998067,1069.0,2.8434059070554727,,5.3,5828770.0,13245.89056,0.031211817004077602,6.2375,0.10199501624094866,173
21131.0,,,,,1681394339.0,,0.020004157006042078,,,,2.0,,,,,,,,,,0.6276151270139962,,,,,0.0001,16.0,9.0,0.4475359730058699,2.0,7.3009490966796875,0.10390411700063851,0.019110486995487008,261,,,,0.005848576001881156,,,,,,,174
,2819918.0,420.39206815944743,0.0,0.95,1681394339.0,0.08099999999999596,,0.0,10894.364672,2.854912,,9621506.0,0.0,2.25,146001.055744,0.0,,21576.00768,9360.0,0.0,,,511927.865344,388.0,3373.654016,,,,,,,,,262,0.24399999999999977,1073.0,2.789917053858626,,5.4,5855401.0,13245.894656,0.032013481002650224,6.2375,0.003916714508902351,174
21387.0,,,,,1681394339.0,,0.01974677399994107,,,,2.0,,,,,,,,,,0.7220239890011726,,,,,0.0001,17.0,9.0,0.5436038900006679,2.0,7.2083892822265625,0.11076782600139268,0.011068152998632286,263,,,,0.00482386499788845,,,,,,,174
,2835411.0,328.3654072280075,0.0,0.95,1681394340.0,0.08099999999999596,,0.0,10894.368768,2.854912,,9630698.0,0.0,2.25,146001.055744,0.0,,21674.356736,9425.0,0.0,,,511829.164032,388.0,3373.654016,,,,0.4407273870019708,,,0.1051246430070023,0.016914929998165462,264,0.24399999999999977,1078.0,3.4940438833080125,0.005563774997426663,5.4,5901415.0,13245.898752,0.03410033000545809,6.2375,0.0,175
21643.0,,,,,1681394340.0,,0.021396074000222143,,,,2.0,,,,,,,,,,0.6238271390102454,,,,,0.0001,18.0,9.0,,2.0,7.2689208984375,,,265,,,,,,,,,,,175
21899.0,,,,,1681394341.0,,0.022382583003491163,,,,2.0,,,,,,,,,,0.6117826780027826,,,,,0.0001,19.0,9.0,0.4352299239981221,2.0,7.1351165771484375,0.11400608899566578,0.007614844995259773,266,,,,0.005284704006044194,,,,0.02726453300419962,,,176
,2849693.0,260.2458932561233,0.0,0.95,1681394341.0,0.08099999999999596,,0.0,10894.462976,2.854912,,9641652.0,0.0,2.25,146001.055744,0.0,,21567.340544,9474.0,0.0,,,512089.976832,388.0,3373.723648,,,,,,,,,267,0.24399999999999977,1083.0,3.520624552737789,,5.3,5928826.0,13245.902848,0.03517321800609352,6.2375,0.0,176
,2867828.0,298.2643829320249,0.0,0.975,1681394342.0,0.08099999999999596,,0.0,10895.065088,2.854912,,9659825.0,0.0,2.2875,146001.055744,0.0,,21561.044992,9524.0,0.0,,,511788.679168,388.0,3374.32576,,,,0.44147271599649685,,,0.10572675400180742,,268,0.24399999999999977,1085.0,2.161472891026658,0.0055951999966055155,5.4,5955279.0,13245.902848,,6.1375,0.0,177
,2875697.0,146.8839887555052,0.0,0.975,1681394343.0,0.08099999999999596,,0.0,10895.065088,2.854912,,9665581.0,0.0,2.2875,146001.055744,0.0,,21603.92192,9524.0,0.0,,,511591.653376,388.0,3374.32576,,,,,,,,,269,0.24399999999999977,1085.0,10.468537539878492,,5.4,5969142.0,13245.902848,,6.1375,0.0,178
,2905649.0,175.7070180692415,0.0,0.975,1681394344.0,0.08099999999999596,,0.0,10895.065088,2.854912,,9693410.0,0.0,2.2875,146001.055744,0.0,,21632.868352,9524.0,0.0,,,511562.350592,390.0,3374.32576,,,,,,,,,270,0.24799999999999045,1085.0,220.71813633918927,,5.4,6030553.0,13245.902848,,6.1375,0.06527245472039818,179
,2930150.0,242.45267575352602,0.0,0.975,1681394345.0,0.08099999999999596,,0.0,10895.065088,2.854912,,9709119.0,0.0,2.2875,146001.055744,0.0,,21622.157312,9524.0,0.0,,,511573.061632,390.0,3374.32576,,,,,,,,,271,0.24799999999999045,1085.0,284.75881339721855,,5.4,6083614.0,13245.902848,,6.1375,0.0,180
,2954806.0,205.7965303039415,0.0,0.975,1681394346.0,0.08099999999999596,,0.0,10895.065088,2.854912,,9732709.0,0.0,2.2875,146001.055744,0.0,,21682.21696,9524.0,0.0,,,511512.993792,390.0,3374.32576,,,,,,,,,272,0.24799999999999045,1085.0,228.7731659267,,5.4,6138562.0,13245.902848,,6.1375,0.0,181
,2983667.0,308.65853782159047,0.0,0.9625,1681394347.0,0.08099999999999596,,0.0,10895.065088,2.854912,,9767055.0,0.0,2.25,146001.055744,0.0,,21702.742016,9524.0,0.0,,,511492.46464,390.0,3374.32576,,,,,,,,,273,0.24799999999999045,1085.0,346.6574575342886,,5.4,6214594.0,13245.902848,,5.637499999999999,0.0,182
,3010575.0,240.6740430411315,0.0,0.9625,1681394348.0,0.08099999999999596,,0.0,10895.065088,2.854912,,9797560.0,0.0,2.25,146001.055744,0.0,,21716.320256,9524.0,0.0,,,511478.882304,390.0,3374.32576,,,,,,,,,274,0.24799999999999045,1085.0,310.5079825950133,,5.4,6280663.0,13245.902848,,5.637499999999999,0.0,183
,3036991.0,333.088916421223,0.0,0.9625,1681394349.0,0.08099999999999596,,0.0,10895.065088,2.854912,,9821234.0,0.0,2.25,146001.055744,0.0,,21716.627456,9524.0,0.0,,,511478.566912,390.0,3374.32576,,,,,,,,,275,0.24799999999999045,1085.0,282.99207168459833,,5.4,6325781.0,13245.902848,,5.637499999999999,0.0,184
,3071337.0,331.729895082007,0.0,0.9625,1681394350.0,0.08099999999999596,,0.0,10895.065088,2.854912,,9854308.0,0.0,2.25,146001.055744,0.0,,21731.61472,9524.0,0.0,,,511463.600128,390.0,3374.32576,,,,,,,,,276,0.24799999999999045,1085.0,335.77493788491773,,5.4,6409124.0,13245.902848,,5.637499999999999,0.0,185
,3102968.0,309.02543440327497,0.0,0.9625,1681394351.0,0.08099999999999596,,0.0,10895.065088,2.854912,,9888554.0,0.0,2.25,146001.055744,0.0,,21737.443328,9524.0,0.0,,,511457.77152,390.0,3374.32576,,,,,,,,,277,0.24799999999999045,1085.0,239.8696950982976,,5.4,6458642.0,13245.902848,,5.637499999999999,0.0,186
,3131216.0,332.66970221287687,0.0,0.9625,1681394352.0,0.08099999999999596,,0.0,10895.065088,2.854912,,9910859.0,0.0,2.2125,146001.055744,0.0,,21749.84192,9524.0,0.0,,,511445.372928,390.0,3374.32576,,,,,,,,,278,0.24799999999999045,1085.0,256.5970929772544,,5.5,6508016.0,13245.902848,,5.1875,0.0,187
,3157629.0,273.29048413917036,0.0,0.9625,1681394353.0,0.08099999999999596,,0.0,10895.065088,2.854912,,9930555.0,0.0,2.2125,146001.055744,0.0,,21756.928,9524.0,0.0,,,511438.286848,390.0,3374.32576,,,,,,,,,279,0.24799999999999045,1085.0,220.22106426985917,,5.5,6567425.0,13245.902848,,5.1875,0.0,188
,3182155.0,256.2452533353257,0.0,0.9625,1681394354.0,0.08099999999999596,,0.0,10895.065088,2.854912,,9950598.0,0.0,2.2125,146001.055744,0.0,,21771.9808,9524.0,0.0,,,511423.234048,390.0,3374.32576,,,,,,,,,280,0.24799999999999045,1085.0,218.16951372348,,5.5,6616303.0,13245.902848,,5.1875,0.0,189
,3203793.0,241.95496690618202,0.0,0.9625,1681394355.0,0.08099999999999596,,0.0,10895.065088,2.854912,,9968388.0,0.0,2.2125,146001.055744,0.0,,21766.832128,9524.0,0.0,,,511428.378624,392.0,3374.32576,,,,,,,,,281,0.25199999999998113,1085.0,209.99314018730468,,5.5,6653666.0,13245.902848,,5.1875,0.05711552721515291,190
,3232726.0,267.9488999349997,0.0,0.9625,1681394356.0,0.08099999999999596,,0.0,10895.065088,2.854912,,9991853.0,0.0,2.2125,146001.055744,0.0,,21775.273984,9524.0,0.0,,,511419.936768,392.0,3374.32576,,,,,,,,,282,0.25199999999998113,1085.0,164.6297928500394,,5.5,6702783.0,13245.902848,,5.1875,0.0,191
,3273923.0,165.94026303234742,0.0,0.95,1681394357.0,0.08099999999999596,,0.0,10895.065088,2.854912,,10021209.0,0.0,2.175,146001.055744,0.0,,21772.197888,9524.0,0.0,,,511422.980096,392.0,3374.32576,,,,,,,,,283,0.25199999999998113,1085.0,85.29617703484715,,5.5,6812814.0,13245.902848,,4.775,0.0,192
,3308122.0,28.298990651965884,0.0,0.95,1681394358.0,0.08099999999999596,,0.0,10895.065088,2.854912,,10049867.0,0.0,2.175,146001.055744,0.0,,21780.676608,9524.0,0.0,,,511414.49728,392.0,3374.32576,,,,,,,,,284,0.25199999999998113,1085.0,159.33338828152134,,5.5,6878353.0,13245.902848,,4.775,0.0,193
,3321374.0,42.532263181738614,0.0,0.95,1681394359.0,0.08200000000000074,,0.0,10895.065088,2.854912,,10058208.0,0.0,2.175,146001.055744,0.0,,21775.056896,9524.0,0.0,,,511420.145664,393.0,3374.32576,,,,,,,,,285,0.2560000000000002,1085.0,42.49911733605471,,5.5,6894061.0,13245.902848,,4.775,0.012238466108065648,194
,3337832.0,60.10481528393543,0.0,0.95,1681394360.0,0.08200000000000074,,0.0,10895.065088,2.854912,,10068194.0,0.0,2.175,146001.055744,0.0,,21776.564224,9524.0,0.0,,,511418.650624,393.0,3374.32576,,,,,,,,,286,0.2560000000000002,1085.0,80.51816763859993,,5.5,6920831.0,13245.902848,,4.775,0.0,195
,3360139.0,196.73829459514147,0.0,0.95,1681394361.0,0.09399999999999409,,0.0,10895.065088,2.854912,,10084486.0,0.0,2.175,146001.055744,0.0,,21773.45536,9524.0,0.0,,,511421.759488,475.0,3374.32576,,,,,,,,,287,0.2599999999999909,1085.0,97.37827040661865,,5.5,6961989.0,13245.902848,,4.775,0.3469460250797176,196
,3380394.0,194.32522173336096,0.0,0.95,1681394362.0,0.09399999999999409,,0.0,10895.065088,2.854912,,10098600.0,0.0,2.1374999999999997,146001.055744,0.0,,21776.224256,9524.0,0.0,,,511418.990592,475.0,3374.32576,,,,,,,,,288,0.2599999999999909,1085.0,134.35148920781427,,5.5,6998300.0,13245.902848,,4.387499999999999,0.0,197
,3399531.0,226.4935538636202,0.0,0.95,1681394363.0,0.09399999999999409,,0.0,10895.065088,2.854912,,10110508.0,0.0,2.1374999999999997,146001.055744,0.0,,21780.455424,9524.0,0.0,,,511414.759424,475.0,3374.32576,,,,,,,,,289,0.2599999999999909,1085.0,71.14794924626949,,5.5,7035372.0,13245.902848,,4.387499999999999,0.0,198
,3413571.0,117.16575231861607,0.0,0.95,1681394364.0,0.09399999999999409,,0.0,10895.065088,2.854912,,10118324.0,0.0,2.1374999999999997,146001.055744,0.0,,21761.982464,9524.0,0.0,,,511433.23648,475.0,3374.32576,,,,,,,,,290,0.2599999999999909,1085.0,110.21041907950521,,5.5,7052667.0,13245.902848,,4.387499999999999,0.0,199
,3426951.0,73.18325896446233,0.0,0.95,1681394365.0,0.09499999999999886,,0.0,10895.065088,2.854912,,10126887.0,0.0,2.1374999999999997,146001.055744,0.0,,21757.988864,9524.0,0.0,,,511437.221888,477.0,3374.32576,,,,,,,,,291,0.2639999999999816,1085.0,106.48514749592556,,5.5,7083326.0,13245.902848,,4.387499999999999,0.04078806848273209,200
,3442536.0,33.01700984009101,0.0,0.95,1681394366.0,0.09499999999999886,,0.0,10895.065088,2.854912,,10135270.0,0.0,2.1374999999999997,146001.055744,0.0,,21763.555328,9524.0,0.0,,,511431.65952,477.0,3374.32576,,,,,,,,,292,0.2639999999999816,1085.0,157.04068844609168,,5.5,7123659.0,13245.902848,,4.387499999999999,0.0,201
,3464269.0,94.93179034879476,0.0,0.95,1681394367.0,0.09499999999999886,,0.0,10895.065088,2.854912,,10147795.0,0.0,2.125,146001.055744,0.0,,21758.11584,9524.0,0.0,,,511437.099008,478.0,3374.32576,,,,,,,,,293,0.2680000000000007,1085.0,128.7666722991139,,5.5,7175024.0,13245.902848,,4.1375,0.004079040241651501,202
,3487721.0,179.6729107060363,0.0,0.95,1681394368.0,0.09499999999999886,,0.0,10895.065088,2.854912,,10161447.0,0.0,2.125,146001.055744,0.0,,21767.55712,9524.0,0.0,,,511427.661824,478.0,3374.32576,,,,,,,,,294,0.2680000000000007,1085.0,131.245309971376,,5.5,7219483.0,13245.902848,,4.1375,0.0,203
,3512602.0,221.67199459588625,0.0,0.95,1681394369.0,0.09499999999999886,,0.0,10895.065088,2.854912,,10177256.0,0.0,2.125,146001.055744,0.0,,21767.4752,9524.0,0.0,,,511427.743744,479.0,3374.32576,,,,,,,,,295,0.27199999999999136,1085.0,130.72173785633686,,5.5,7263719.0,13245.902848,,4.1375,0.012243306704193782,204
,3540831.0,104.88145019965448,0.0,0.95,1681394370.0,0.09499999999999886,,0.0,10895.065088,2.854912,,10192259.0,0.0,2.125,146001.055744,0.0,,21771.874304,9524.0,0.0,,,511423.34464,479.0,3374.32576,,,,,,,,,296,0.27199999999999136,1085.0,246.11309596076273,,5.5,7334940.0,13245.902848,,4.1375,0.0,205
,3559590.0,256.7602958945677,0.0,0.95,1681394371.0,0.09499999999999886,,0.0,10895.065088,2.854912,,10203433.0,0.0,2.125,146001.055744,0.0,,21756.637184,9524.0,0.0,,,511438.577664,479.0,3374.32576,,,,,,,,,297,0.27199999999999136,1085.0,101.50200725059656,,5.5,7367233.0,13245.902848,,4.1375,0.0,206
,3590231.0,230.71290704508647,0.0,0.95,1681394372.0,0.09599999999999653,,0.0,10895.065088,2.854912,,10221831.0,0.0,2.1125,146001.055744,0.0,,21773.336576,9524.0,0.0,,,511421.874176,482.0,3374.32576,,,,,,,,,298,0.27599999999998204,1085.0,252.71659106908234,,5.5,7455876.0,13245.902848,,3.9125,0.10607894824194511,207
,3606348.0,104.10572474138448,0.0,0.95,1681394373.0,0.09599999999999653,,0.0,10895.065088,2.854912,,10231554.0,0.0,2.1125,146001.055744,0.0,,21759.619072,9524.0,0.0,,,511435.59168,482.0,3374.32576,,,,,,,,,299,0.27599999999998204,1085.0,153.07419610514563,,5.5,7482456.0,13245.902848,,3.9125,0.0,208
,3609437.0,1.5498245095895136,0.0,0.95,1681394374.0,0.09599999999999653,,0.0,10895.065088,2.854912,,10232876.0,0.0,2.1125,146001.055744,0.0,,21757.2352,9524.0,0.0,,,511437.975552,482.0,3374.32576,,,,,,,,,300,0.27599999999998204,1085.0,16.923764791038504,,5.5,7483848.0,13245.902848,,3.9125,0.0,209
,3622196.0,35.037333863167476,0.0,0.95,1681394375.0,0.09599999999999653,,0.0,10895.065088,2.854912,,10239898.0,0.0,2.1125,146001.055744,0.0,,21757.104128,9524.0,0.0,,,511438.106624,482.0,3374.32576,,,,,,,,,301,0.27599999999998204,1085.0,134.70797608415668,,5.5,7518196.0,13245.902848,,3.9125,0.0,210
,3624564.0,0.1059186611145177,0.0,0.95,1681394376.0,0.09599999999999653,,0.0,10895.065088,2.854912,,10241068.0,0.0,2.1125,146001.055744,0.0,,21753.987072,9524.0,0.0,,,511441.227776,482.0,3374.32576,,,,,,,,,302,0.27599999999998204,1085.0,9.050154947192222,,5.5,7519551.0,13245.902848,,3.9125,0.0,211
,3637567.0,2.558663047506175,0.0,0.9625,1681394377.0,0.09599999999999653,,0.0,10895.065088,2.854912,,10248434.0,0.0,2.125,146001.055744,0.0,,21753.217024,9524.0,0.0,,,511441.997824,482.0,3374.32576,,,,,,,,,303,0.27599999999998204,1085.0,103.67201608251212,,5.5,7561265.0,13245.902848,,3.8,0.0,212
,3646234.0,39.188275264331025,0.0,0.9625,1681394378.0,0.09599999999999653,,0.0,10895.065088,2.854912,,10253558.0,0.0,2.125,146001.055744,0.0,,21757.698048,9524.0,0.0,,,511437.5168,482.0,3374.32576,,,,,,,,,304,0.27599999999998204,1085.0,66.52616525092559,,5.5,7580847.0,13245.902848,,3.8,0.0,213
22155.0,,,,,1681394379.0,,0.01779229500243673,,,,2.0,,,,,,,,,,37.81283360800444,,,,,0.0001,20.0,9.0,,3.0,7.2053375244140625,,37.207073425001,305,,,,,,,,,,,214
,3676063.0,13.48732812877381,0.0,0.9625,1681394379.0,0.09599999999999653,,0.0,10895.065088,2.854912,,13183966.0,0.0,2.125,146001.05984,0.0,,22539.894784,9572.0,0.0,,,510655.315968,483.0,3374.32576,,,,,,,,,306,0.28000000000000114,1086.0,118.93241237366102,,5.6,7660711.0,13245.902848,,3.8,0.01631593627905704,214
,3678267.0,0.36783278594744473,0.0,0.9625,1681394380.0,0.09599999999999653,,0.0,10895.065088,2.854912,,13217514.0,0.0,2.125,146001.05984,0.0,,22545.543168,9572.0,0.0,,,510649.659392,483.0,3374.32576,,,,,,,,,307,0.28000000000000114,1086.0,9.61277707187137,,5.6,7662239.0,13245.902848,,3.8,0.0,215
,3683145.0,1.3279560681687903,0.0,0.95,1681394381.0,0.09599999999999653,,0.0,10895.065088,2.854912,,13220554.0,0.0,2.0875,146001.05984,0.0,,22545.38752,9572.0,0.0,,,510649.81504,483.0,3374.32576,,,,,,,,,308,0.28000000000000114,1086.0,1.6345466481262252,,5.6,7666645.0,13245.902848,,3.4875000000000003,0.0,216
,3684252.0,0.021840349592398667,0.0,0.95,1681394382.0,0.09599999999999653,,0.0,10895.065088,2.854912,,13221225.0,0.0,2.0875,146001.05984,0.0,,22544.207872,9572.0,0.0,,,510651.00288,484.0,3374.32576,,,,,,,,,309,0.2839999999999918,1086.0,0.4361292171894546,,5.6,7667856.0,13245.902848,,3.4875000000000003,0.004082606439563186,217
,3686122.0,0.021009951959309225,0.0,0.95,1681394383.0,0.09599999999999653,,0.0,10895.065088,2.854912,,13221946.0,0.0,2.0875,146001.05984,0.0,,22543.650816,9572.0,0.0,,,510651.559936,484.0,3374.32576,,,,,,,,,310,0.2839999999999918,1086.0,0.23023239474081228,,5.6,7669122.0,13245.902848,,3.4875000000000003,0.0,218
,3699958.0,1.2357986950203836,0.0,0.95,1681394384.0,0.09599999999999653,,0.0,10895.015936,2.854912,,13231068.0,0.0,2.0875,145975.881728,0.0,,15714.062336,9595.0,0.0,,,517481.148416,486.0,3374.329856,,,,,,,,,311,0.2879999999999825,1087.0,1.4113163123835428,,4.3,7677125.0,13220.737024,,3.4875000000000003,0.0693938378885768,219
,3703601.0,0.005819635524979205,0.0,0.95,1681394385.0,0.09599999999999653,,0.0,10894.86848,2.854912,,13232624.0,0.0,2.0875,145908.609024,0.0,,15246.061568,9607.0,0.0,,,517989.62176,486.0,3374.280704,,,,,,,,,312,0.2879999999999825,1088.0,0.07760045508983128,,4.2,7678536.0,13153.62816,,3.4875000000000003,0.0,220
,3704445.0,0.016633004879590532,0.0,0.95,1681394386.0,0.09599999999999653,,0.0,10894.86848,2.854912,,13233134.0,0.0,2.05,145908.609024,0.0,,15246.06976,9607.0,0.0,,,517989.613568,486.0,3374.280704,,,,,,,,,313,0.2879999999999825,1088.0,0.18499633019540423,,4.2,7679515.0,13153.62816,,3.2125,0.0,221
,3706249.0,0.014767623061257796,0.0,0.95,1681394387.0,0.09599999999999653,,0.0,10894.86848,2.854912,,13233811.0,0.0,2.05,145908.609024,0.0,,15245.115392,9607.0,0.0,,,517990.567936,486.0,3374.280704,,,,,,,,,314,0.2879999999999825,1088.0,0.3593747346274852,,4.2,7680685.0,13153.62816,,3.2125,0.0,222
,3708832.0,0.018203684486006066,0.0,0.95,1681394388.0,0.09599999999999653,,0.0,10894.86848,2.854912,,13235186.0,0.0,2.05,145908.609024,0.0,,15243.79648,9607.0,0.0,,,517991.886848,487.0,3374.280704,,,,,,,,,315,0.2920000000000016,1088.0,0.6679523733077477,,4.2,7682302.0,13153.62816,,3.2125,0.004084262248837122,223
,3711416.0,0.0020263629153008506,0.0,0.95,1681394389.0,0.0969999999999942,,0.0,10894.86848,2.854912,,13236178.0,0.0,2.05,145908.609024,0.0,,15241.601024,9607.0,0.0,,,517994.082304,488.0,3374.280704,,,,,,,,,316,0.29599999999999227,1088.0,0.0,,4.2,7683364.0,13153.62816,,3.2125,0.016338548315601893,224
,3715723.0,0.059806506322087366,0.0,0.95,1681394390.0,0.0969999999999942,,0.0,8930.050048,2.854912,,13238955.0,0.0,2.05,143591.69024,0.0,,15009.869824,9617.0,0.0,,,519963.713536,490.0,1636.39296,,,,,,,,,317,0.29999999999998295,1089.0,0.030648741561729226,,3.9,7686104.0,12574.789632,,3.2125,0.10613840983251328,225
,3716705.0,0.0020257205375304294,0.0,0.95,1681394391.0,0.0969999999999942,,0.0,8930.029568,2.854912,,13239503.0,0.0,2.0125,143574.904832,0.0,,15009.087488,9622.0,0.0,,,519964.495872,490.0,1636.39296,,,,,,,,,318,0.29999999999998295,1090.0,0.0,,3.9,7687115.0,12558.012416,,2.9499999999999997,0.0,226
,3719615.0,0.10910932931253978,0.0,0.95,1681394392.0,0.0969999999999942,,0.0,8929.992704,2.854912,,13240545.0,0.0,2.0125,143549.72672,0.0,,15008.256,9635.0,0.0,,,519965.32736,490.0,1636.39296,,,,,,,,,319,0.29999999999998295,1091.0,1.4646230977549344,,3.9,7688952.0,12532.846592,,2.9499999999999997,0.0,227
,3721841.0,0.43228865881633777,0.0,0.95,1681394393.0,0.0969999999999942,,0.0,8929.980416,2.854912,,13241665.0,0.0,2.0125,143541.334016,0.0,,15016.460288,9642.0,0.0,,,519957.123072,490.0,1636.39296,,,,,,,,,320,0.29999999999998295,1091.0,0.8118430576301915,,3.9,7690798.0,12524.457984,,2.9499999999999997,0.0,228
