_step,_runtime,cpu/logical_core_count,memory/total_memory_sys_MB,_timestamp,cpu/load/avg_sys_load_fifteen_min_percent,disk/time/disk_read_time_sys_s,disk/time/disk_busy_time_sys_s,memory/used_memory_sys_MB,bandwidth/disk_write_sys_bandwidth_MBs,cpu/interrupts/ctx_switches_count,bandwidth/net_sent_sys_bandwidth_Mbits,process/memory/shared_memory_proc_MB,disk/counter/disk_write_sys_count,process/memory/resident_set_size_proc_MB,disk/counter/disk_read_sys_count,process/memory/dirty_pages_proc_count,bandwidth/disk_read_sys_bandwidth_MBs,cpu/load/avg_sys_load_one_min_percent,cpu/interrupts/soft_interrupts_count,bandwidth/net_recv_sys_bandwidth_Mbits,memory/available_memory_sys_MB,process/memory/text_resident_set_proc_MB,process/voluntary_proc_ctx_switches,disk/time/disk_write_time_sys_s,process/memory/lib_memory_proc_MB,process/memory/data_resident_set_proc_MB,cpu/interrupts/interrupts_count,memory/used_memory_sys_percent,cpu/load/avg_sys_load_five_min_percent,process/memory/virtual_memory_size_proc_MB,process/involuntary_proc_ctx_switches,02_timing/dataload_cuda_move_time_s,03_hivemind/num_peers,02_timing/loss_calc_time_s,02_timing/forward_time_s,02_timing/opt_step_time_s,01_general/locally_processed_samples,01_general/minibatch_loss,02_timing/backward_time_s,02_timing/step_time_s,03_hivemind/global_epoch,01_general/lr,02_timing/dataload_time_s,01_general/dataset_iteration_count,01_general/step
0,1,8.0,31557.169152,1696171629,,,,,,,,,,,,,,,,,,,,,,,,,,,,,,,,,,,,,,,,,
1,1,,,1696171629,8.375,0.0,0.0,1078.444032,0.0,13.0,0.0,243.75296,0.0,552.574976,0.0,0.0,0.0,5.625,9.0,0.0,30017.45408,2.654208,96.0,0.0,1110.441984,0.0,14.0,4.9,8.0,9347.15392,32.0,,,,,,,,,,,,,,
2,2,,,1696171630,8.375,0.0,0.011999999999986244,1381.82656,0.012232865681346544,2740.0,0.38056476991928473,249.081856,3.0,661.05344,0.0,0.0,0.0,5.625,1303.0,0.42682825738432456,29714.067456,2.654208,128.0,0.0009999999997489795,1230.721024,0.0,3223.0,5.8,8.0,10085.588992,32.0,,,,,,,,,,,,,,
3,3,,,1696171631,8.375,0.0,0.015999999999991132,2002.132992,0.004084705059407464,3250.0,0.09074108468483229,250.130432,4.0,1277.2352,0.0,0.0,0.0,5.625,1713.0,0.0813031821836872,29093.756928,2.654208,133.0,0.0019999999999527063,1845.604352,0.0,4120.0,7.8,8.0,10700.47232,35.0,,,,,,,,,,,,,,
4,4,,,1696171632,8.375,0.0,0.0239999999999867,2252.505088,0.004081428973425221,3755.0,0.045509527348467076,440.311808,5.0,1632.169984,0.0,0.0,0.0,6.125,2091.0,0.05991410185781119,28830.830592,2.654208,145.0,0.0029999999997016857,2085.2736,0.0,5440.0,8.6,8.125,11615.285248,38.0,,,,,,,,,,,,,,
5,5,,,1696171633,8.375,0.0,0.027999999999991587,2588.106752,0.004081140045078499,4281.0,0.04587297061854942,529.645568,6.0,2054.299648,0.0,0.0,0.0,6.125,2600.0,0.04839977021638247,28495.200256,2.654208,146.0,0.0029999999997016857,2377.33888,0.0,6228.0,9.7,8.125,12511.330304,39.0,,,,,,,,,,,,,,
6,6,,,1696171634,8.375,0.0,0.03599999999998715,3521.327104,0.23998582307385588,7322.0,0.13589769232622106,1055.019008,17.0,3361.251328,0.0,0.0,0.0,6.125,3586.0,0.20623781672596875,27039.31392,2.654208,575.0,0.010999999999967258,3199.2832,0.0,86977.0,14.3,8.125,14761.73824,43.0,,,,,,,,,,,,,,
7,7,,,1696171635,8.375,0.0,0.04399999999999693,3775.188992,0.2485494617682596,9225.0,0.12160874504562831,1114.161152,57.0,3316.649984,0.0,0.0,0.0,6.125,4815.0,0.7749105641922971,26725.80608,2.654208,668.0,0.05499999999983629,3118.895104,0.0,119777.0,15.3,8.125,14941.433856,47.0,,,,,,,,,,,,,,
8,8,,,1696171636,8.375,0.0,0.0519999999999925,3870.367744,0.008165618436275333,11101.0,0.18384602837990738,1128.91904,59.0,3331.50208,0.0,0.0,0.0,6.125,6146.0,0.15233184471735006,26607.783936,2.654208,671.0,0.05600000000004002,3119.132672,0.0,122124.0,15.7,8.125,15075.782656,48.0,0.0027005219999409746,,,,,,,,,,,,,
9,9,,,1696171637,8.375,0.0,0.05999999999998806,4348.33408,0.016332591501468107,20256.0,1.494599595200648,1259.872256,63.0,3573.223424,0.0,0.0,0.0,7.625,9661.0,1.2330548340391738,26112.114688,2.654208,671.0,0.058999999999741704,3233.415168,0.0,130355.0,17.3,8.375,15391.391744,52.0,,,,,,,,,,,,,,
10,10,,,1696171638,8.375,0.0,0.06799999999999784,4963.762176,0.004087666404480137,28403.0,1.4896749739107311,1476.968448,64.0,4402.76992,0.0,0.0,0.0,7.625,12601.0,1.1839382845624804,25496.682496,2.654208,671.0,0.05999999999994543,3847.135232,0.0,136965.0,19.2,8.375,24056.111104,55.0,,,,,,,,,,,,,,
11,10,,,1696171638,,,,,,,,,,,,,,,,,,,,,,,,,,,,,1.0,1.517999862699071e-06,2.1239827099998365,0.003962997000144242,8.0,2.373905897140503,0.40953580099994724,4.273693408999861,0.0,0.0001,1.7335098610001296,0.0,0.0
12,11,,,1696171639,,,,,,,,,,,,,,,,,,,,,,,,,,,,0.002210371999808558,1.0,0.0005416169997261022,0.13166102700006377,0.009508886999810784,16.0,2.2865214347839355,0.025547183000071527,0.17200148999927478,0.0,0.0001,0.0025324039997940417,0.0,1.0
13,11,,,1696171639,8.375,0.0,0.08799999999999386,5127.856128,0.5842459003763363,38668.0,1.6936475993435633,1558.360064,150.0,4589.715456,0.0,0.0,0.0,7.625,16234.0,1.3590723410489105,25347.97312,2.654208,740.0,0.1839999999997417,3962.679296,0.0,145741.0,19.7,8.375,27429.33504,58.0,0.0024480359998051426,,0.0004301150001992937,0.12934097599963934,,,,,,,,,,
14,11,,,1696171639,,,,,,,,,,,,,,,,,,,,,,,,,,,,,1.0,,,0.009787481999865122,24.0,2.1876306533813477,0.02794466299974374,0.1731117339991215,0.0,0.0001,0.0031604619998688577,0.0,2.0
15,11,,,1696171639,,,,,,,,,,,,,,,,,,,,,,,,,,,,0.0024254869999822404,1.0,0.0005194929999561282,0.13238754299982247,0.009500880999894434,32.0,2.348379373550415,0.0279618939998727,0.1749924539994936,0.0,0.0001,0.0021971559999656165,0.0,3.0
16,12,,,1696171640,8.375,0.0,0.1039999999999992,5148.991488,0.04907973141314774,49543.0,1.756357810293221,1558.335488,157.0,4589.715456,0.0,0.0,0.0,7.625,20174.0,1.3877166245581514,25326.841856,2.654208,771.0,0.18899999999985084,3962.94144,0.0,155527.0,19.7,8.375,27421.904896,65.0,0.0023290220001399575,,0.0004904659999738215,0.12894930099992052,0.009458518999963417,,,0.03636121799991088,,,,,,
17,12,,,1696171640,,,,,,,,,,,,,,,,,,,,,,,,,,,,,1.0,,,,40.0,2.147081136703491,,0.17999888900021688,0.0,0.0001,0.00241036300030828,0.0,4.0
18,13,,,1696171641,8.375,0.0,0.11199999999999477,5137.072128,0.008171077012552862,59851.0,1.5408863823841723,1562.284032,159.0,4593.901568,0.0,0.0,0.0,7.625,23843.0,1.1996082644243362,25331.068928,2.654208,801.0,0.19000000000005457,3971.465216,0.0,164502.0,19.7,8.375,27497.414656,65.0,0.002331875999971089,,0.00058290200013289,0.1284109029998035,,,,0.024668305999966833,,,,,,
19,14,,,1696171642,8.5,0.0,0.11599999999999966,5085.5936,0.004085794048822368,68430.0,1.6721191943038973,1562.284032,160.0,4593.901568,0.0,0.0,0.0,8.125,26896.0,1.198262845514474,25374.846976,2.654208,801.0,0.19099999999980355,3971.497984,0.0,171152.0,19.6,8.5,27497.414656,65.0,,,,,,,,,,,,,,
20,15,,,1696171643,8.5,0.0,0.11999999999999034,5085.364224,0.004085384031734346,76360.0,1.521358712727865,1562.284032,161.0,4593.901568,0.0,0.0,0.0,8.125,29636.0,1.1101951312130007,25375.076352,2.654208,801.0,0.19200000000000728,3971.497984,0.0,177280.0,19.6,8.5,27497.414656,65.0,,,,,,,,,,,,,,
21,16,,,1696171644,8.5,0.0,0.1279999999999859,5085.253632,0.057200790184437134,79118.0,0.5551381375631244,1562.284032,164.0,4593.901568,0.0,0.0,0.0,8.125,30653.0,0.3814689415602823,25375.17056,2.654208,801.0,0.19399999999995998,3971.497984,0.0,179360.0,19.6,8.5,27497.414656,65.0,,,,,,,,,,,,,,
22,17,,,1696171645,8.5,0.0,0.13599999999999568,5085.188096,0.032690021945568734,79514.0,0.03861189604308713,1562.284032,169.0,4593.901568,0.0,0.0,0.0,8.125,30841.0,0.05834881603435383,25375.244288,2.654208,801.0,0.19700000000011642,3971.497984,0.0,179651.0,19.6,8.5,27497.414656,65.0,,,,,,,,,,,,,,
23,18,,,1696171646,8.5,0.0,0.13999999999998636,5085.216768,0.004085192653826358,79892.0,0.06754131994738628,1562.284032,170.0,4593.901568,0.0,0.0,0.0,8.125,31012.0,0.015207767973682274,25375.21152,2.654208,801.0,0.1979999999998654,3971.497984,0.0,179912.0,19.6,8.5,27497.414656,65.0,,,,,,,,,,,,,,
24,19,,,1696171647,8.375,0.0,0.14799999999999613,5085.212672,0.0490246899802765,80168.0,0.021208923492939784,1562.284032,175.0,4593.901568,0.0,0.0,0.0,7.375,31149.0,0.006136065513782681,25375.219712,2.654208,801.0,0.20100000000002183,3971.497984,0.0,180114.0,19.6,8.375,27497.414656,65.0,,,,,,,,,,,,,,
25,20,,,1696171648,8.375,0.0,0.1519999999999868,5085.212672,0.004085595829419599,80447.0,0.0667579974988717,1562.284032,176.0,4593.901568,0.0,0.0,0.0,7.375,31288.0,0.014953919125807673,25375.219712,2.654208,801.0,0.20100000000002183,3971.497984,0.0,180319.0,19.6,8.375,27497.414656,65.0,,,,,,,,,,,,,,
26,21,,,1696171649,8.375,0.0,0.1559999999999917,5085.171712,0.0040855074168460615,80692.0,0.002290118406478786,1562.284032,177.0,4593.901568,0.0,0.0,0.0,7.375,31400.0,0.0018592250454421038,25375.268864,2.654208,801.0,0.2019999999997708,3971.497984,0.0,180491.0,19.6,8.375,27497.414656,65.0,,,,,,,,,,,,,,
27,22,,,1696171650,8.375,0.0,0.1599999999999966,5085.106176,0.004085138255257305,81098.0,0.06734095092849139,1562.284032,178.0,4593.901568,0.0,0.0,0.0,7.375,31582.0,0.015335226022132395,25375.3344,2.654208,801.0,0.20299999999997453,3971.497984,0.0,180785.0,19.6,8.375,27497.414656,65.0,,,,,,,,,,,,,,
28,23,,,1696171651,8.375,0.0,0.17199999999999704,5086.482432,0.020427687674388274,81739.0,0.10344708711395609,1562.284032,183.0,4593.901568,0.0,0.0,0.0,7.375,32053.0,0.10087766703912354,25373.958144,2.654208,801.0,0.20599999999967622,3971.497984,0.0,181353.0,19.6,8.375,27497.414656,65.0,,,,,,,,,,,,,,
29,24,,,1696171652,8.375,0.0,0.1799999999999926,5086.511104,0.04493353980398833,82036.0,0.06729659236997405,1562.284032,186.0,4593.901568,0.0,0.0,0.0,6.875000000000001,32210.0,0.014424687500743032,25373.925376,2.654208,801.0,0.20800000000008367,3971.497984,0.0,181567.0,19.6,8.25,27497.414656,65.0,,,,,,,,,,,,,,
30,25,,,1696171653,8.375,0.0,0.1839999999999975,5086.502912,0.004085056658305942,82298.0,0.021207188669425663,1562.284032,187.0,4593.901568,0.0,0.0,0.0,6.875000000000001,32343.0,0.006135563602842174,25373.925376,2.654208,801.0,0.20899999999983265,3971.497984,0.0,181753.0,19.6,8.25,27497.414656,65.0,,,,,,,,,,,,,,
31,26,,,1696171654,8.375,0.0,0.18799999999998818,5086.466048,0.0040853383714170065,82581.0,0.06759160418663798,1562.284032,188.0,4593.901568,0.0,0.0,0.0,6.875000000000001,32498.0,0.014577955476041852,25373.958144,2.654208,801.0,0.20899999999983265,3971.497984,0.0,181957.0,19.6,8.25,27497.414656,65.0,,,,,,,,,,,,,,
32,27,,,1696171655,8.375,0.0,0.19199999999999307,5086.466048,0.004085635667538347,82879.0,0.021210194532154628,1562.284032,189.0,4593.901568,0.0,0.0,0.0,6.875000000000001,32623.0,0.006136433244841519,25373.958144,2.654208,801.0,0.21000000000003638,3971.497984,0.0,182155.0,19.6,8.25,27497.414656,65.0,,,,,,,,,,,,,,
33,28,,,1696171656,8.375,0.0,0.20399999999999352,5086.908416,0.02451390144831207,83467.0,0.09595692217390703,1562.284032,193.0,4593.901568,0.0,0.0,0.0,6.875000000000001,32870.0,0.042181146854354215,25373.519872,2.654208,801.0,0.21299999999973807,3971.497984,0.0,182578.0,19.6,8.25,27497.414656,65.0,,,,,,,,,,,,,,
34,29,,,1696171657,8.375,0.0,0.21199999999998909,5087.870976,0.02042765852703048,83690.0,0.0010533011510665982,1562.284032,197.0,4594.03264,0.0,0.0,0.0,7.249999999999999,33032.0,0.003399290041495632,25372.557312,2.654208,801.0,0.2159999999998945,3971.497984,0.0,183007.0,19.6,8.25,27497.414656,65.0,,,,,,,,,,,,,,
35,30,,,1696171658,8.375,0.0,0.22399999999998954,5286.309888,0.07762179821219044,138453.0,644.473746769398,1562.284032,205.0,4594.03264,0.0,0.0,0.0,7.249999999999999,42828.0,654.1872434854315,25174.126592,2.654208,801.0,0.22199999999975262,3971.497984,0.0,218176.0,20.2,8.25,27497.414656,65.0,,,,,,,,,,,,,,
36,31,,,1696171659,8.375,0.0,0.23199999999999932,5410.553856,0.004088732644209572,182182.0,522.6036947019319,1562.284032,206.0,4594.03264,0.0,0.0,0.0,7.249999999999999,51727.0,513.5583559820316,25049.858048,2.654208,801.0,0.22299999999995634,3971.497984,0.0,246858.0,20.6,8.25,27497.414656,65.0,,,,,,,,,,,,,,
37,31,,,1696171659,,,,,,,,,,,,,,,,,,,,,,,,,,,,,2.0,,,18.828807722999954,48.0,2.293704032897949,,19.12778684099976,1.0,0.0001,0.14298513099993215,0.0,5.0
38,32,,,1696171660,,,,,,,,,,,,,,,,,,,,,,,,,,,,0.0031460309996873548,2.0,0.0013124899996910244,0.22438003899969772,0.021144616000128735,56.0,2.159856081008911,0.09307740899976125,0.34681976199908604,1.0,0.0001,0.003759177000119962,0.0,6.0
39,32,,,1696171660,8.375,0.0,0.24799999999999045,5759.676416,0.19200912271342668,198070.0,2.4412941819582037,1558.949888,238.0,4590.96064,0.0,0.0,0.0,7.249999999999999,55972.0,2.2760868645568544,24715.706368,2.654208,888.0,0.25,4005.609472,0.0,440111.0,21.7,8.25,27807.121408,126.0,0.0032951980001598713,,0.0005344920000425191,0.12923056999989058,,,,0.03293304699991495,,,,,,
40,32,,,1696171660,,,,,,,,,,,,,,,,,,,,,,,,,,,,,2.0,,,0.3046466169998894,64.0,2.0739986896514893,,0.4758137259996147,1.0,0.0001,0.005173801999717398,0.0,7.0
41,32,,,1696171660,,,,,,,,,,,,,,,,,,,,,,,,,,,,0.0023335340001722216,2.0,0.0008101720000013302,0.12906983400034733,0.008614031999968574,72.0,2.2423031330108643,0.036770727000202896,0.17998825000086072,1.0,0.0001,0.0023899510001683666,0.0,8.0
42,33,,,1696171661,,,,,,,,,,,,,,,,,,,,,,,,,,,,0.0022936099999242288,2.0,0.0006677650003439339,0.12980144199991628,0.006465677000051073,80.0,2.5007410049438477,0.031682187000114936,0.1733863730005396,1.0,0.0001,0.002475692000189156,0.0,9.0
43,33,,,1696171661,8.375,0.0,0.27199999999999136,5780.865024,0.016340731756945476,208739.0,1.7732326983801168,1558.888448,242.0,4590.948352,0.0,0.0,0.0,7.249999999999999,59816.0,1.3281552087166442,24694.96832,2.654208,940.0,0.2529999999997017,4014.399488,0.0,449580.0,21.7,8.25,27875.192832,128.0,,,,,,,,,,,,,,
44,33,,,1696171661,,,,,,,,,,,,,,,,,,,,,,,,,,,,0.0023636460000489024,2.0,0.0006110669996814977,0.1305939409999155,0.010311163000096712,88.0,2.506361246109009,0.028756009000062477,0.3933098859997699,1.0,0.0001,0.2206740599999648,0.0,10.0
45,34,,,1696171662,8.75,0.0,0.2799999999999869,5790.683136,0.036771490546816374,220036.0,1.9211507826050647,1558.888448,248.0,4590.956544,0.0,0.0,0.0,12.75,63999.0,1.3743025395049757,24685.576192,2.654208,973.0,0.2559999999998581,4014.403584,0.0,459656.0,21.8,9.375,27875.188736,131.0,0.002409736000117846,,0.000582572999974218,0.12985644099990168,0.00934950500004561,,,0.024847173000125622,,,,,,
46,34,,,1696171662,,,,,,,,,,,,,,,,,,,,,,,,,,,,,2.0,,,,96.0,2.20859694480896,,0.16951448100007838,1.0,0.0001,0.0024690529999134014,0.0,11.0
47,34,,,1696171662,,,,,,,,,,,,,,,,,,,,,,,,,,,,0.002320993000012095,2.0,0.000556098999823007,0.1311080629998287,0.009408457000063208,104.0,2.3548526763916016,0.02681180699983088,0.23747435999939626,1.0,0.0001,0.06726894099983838,0.0,12.0
48,35,,,1696171663,,,,,,,,,,,,,,,,,,,,,,,,,,,,0.0023442269998668053,2.0,0.0005850069996995444,0.12855676199978916,0.008704954000222642,112.0,2.2526211738586426,0.033632094000040524,0.17567700999961744,1.0,0.0001,0.0018539659999987634,0.0,13.0
49,35,,,1696171663,8.75,0.0,0.29999999999999716,5782.970368,0.09393789772683146,226387.0,0.9503633934757846,1558.888448,254.0,4590.96064,0.0,0.0,0.0,12.75,66555.0,0.7128543099900791,24700.329984,2.654208,1027.0,0.25900000000001455,4014.411776,0.0,465918.0,21.7,9.375,27875.192832,134.0,0.0023358270000244374,,,,,,,,,,,,,
50,35,,,1696171663,,,,,,,,,,,,,,,,,,,,,,,,,,,,,2.0,0.0005742690000261064,0.12791698500041093,0.009170075999918481,120.0,2.16742205619812,0.03412185200022577,0.21986878800043996,1.0,0.0001,0.045749778999834234,0.0,14.0
51,36,,,1696171664,,,,,,,,,,,,,,,,,,,,,,,,,,,,0.0022810699997535266,2.0,0.0005780790002063441,0.12865994300000239,0.009159335999811447,128.0,2.1023356914520264,0.034004241000275215,0.1770046930000717,1.0,0.0001,0.002322024000022793,0.0,15.0
52,36,,,1696171664,8.75,0.0,0.3119999999999976,5773.709312,0.07761207185670728,228451.0,0.2012664203059983,1558.888448,261.0,4590.964736,0.0,0.0,0.0,12.75,67670.0,0.12548135961430554,24702.11584,2.654208,1073.0,0.26399999999966894,4014.415872,0.0,468870.0,21.7,9.375,27875.192832,138.0,0.0022700589997839415,,0.0005465990002448962,0.12846347599997898,0.009161498000139545,,,0.0336419959999148,,,,,,
53,36,,,1696171664,,,,,,,,,,,,,,,,,,,,,,,,,,,,,2.0,,,,136.0,2.0380020141601562,,0.2029323330002626,1.0,0.0001,0.028848705000200425,0.0,16.0
54,36,,,1696171664,,,,,,,,,,,,,,,,,,,,,,,,,,,,0.0022859309997329547,2.0,0.0005964710003354412,0.12860290800017538,0.009955872999853455,144.0,2.581988573074341,0.029446344999996654,0.17338751900024363,1.0,0.0001,0.0024999910001497483,0.0,17.0
55,37,,,1696171665,,,,,,,,,,,,,,,,,,,,,,,,,,,,0.0021934470000815054,2.0,0.0005632039997180982,0.12745003200006977,0.009195324999836885,152.0,2.3638200759887695,0.024987922000036633,0.17843620399980864,1.0,0.0001,0.01404627400006575,0.0,18.0
56,37,,,1696171665,8.75,0.0,0.32799999999998875,5735.067648,0.016340883298518984,230205.0,0.1216550037279986,1558.888448,265.0,4590.968832,0.0,0.0,0.0,12.75,68773.0,0.12472689828827119,24740.757504,2.654208,1109.0,0.2660000000000764,4014.419968,0.0,471646.0,21.6,9.375,27875.196928,139.0,0.0029940610002086032,,,,,,,,,,,,,
57,37,,,1696171665,,,,,,,,,,,,,,,,,,,,,,,,,,,,,2.0,0.0006217099999048514,0.12999369699991803,0.010615990999667702,160.0,2.4203779697418213,0.029347966999921482,0.1754748689995722,1.0,0.0001,0.0019014429999515414,0.0,19.0
58,38,,,1696171666,,,,,,,,,,,,,,,,,,,,,,,,,,,,0.0022526039997501357,2.0,0.0005597700001089834,0.13015925200033962,0.009275154000079056,168.0,2.1432013511657715,0.03520842499983701,0.19145672200011177,1.0,0.0001,0.014001516999996966,0.0,20.0
59,38,,,1696171666,8.75,0.0,0.3439999999999941,5765.38624,0.012255665387724435,232623.0,0.2740768919730671,1558.888448,268.0,4591.24736,0.0,0.0,0.0,12.75,69979.0,0.1789598430926838,24710.434816,2.654208,1159.0,0.2669999999998254,4014.473216,0.0,474876.0,21.7,9.375,27875.196928,143.0,0.002386534999914147,,0.0005528050000975782,0.1290789110003061,0.009925530000145955,,,0.030449333999968076,,,,,,
60,38,,,1696171666,,,,,,,,,,,,,,,,,,,,,,,,,,,,,2.0,,,,176.0,2.414886236190796,,0.17503646500017567,1.0,0.0001,0.002643349999743805,0.0,21.0
61,39,,,1696171667,8.75,0.0,0.35599999999999454,5768.43776,0.04903195406675038,234078.0,0.12726441593465243,1558.953984,274.0,4591.353856,0.0,0.0,0.0,12.75,70813.0,0.09903752440465008,24699.600896,2.654208,1173.0,0.2709999999997308,4014.759936,0.0,477170.0,21.7,9.375,27883.15136,144.0,0.0022577160002583696,,0.0005283749997033738,0.12957411999968826,,,,0.03549899800009371,,,,,,
62,40,,,1696171668,8.75,0.0,0.3639999999999901,5709.754368,0.004085396661364021,234445.0,0.12283319569591293,1558.953984,275.0,4591.353856,0.0,0.0,0.0,12.75,71047.0,0.03707178299037172,24750.669824,2.654208,1173.0,0.2719999999999345,4014.759936,0.0,477491.0,21.6,9.375,27883.15136,144.0,,,,,,,,,,,,,,
63,41,,,1696171669,8.75,0.0,0.3719999999999999,5709.713408,0.053117735473066384,234667.0,0.021219960728674086,1558.953984,278.0,4591.353856,0.0,0.0,0.0,12.75,71158.0,0.006136949893877138,24750.702592,2.654208,1173.0,0.2739999999998872,4014.759936,0.0,477659.0,21.6,9.375,27883.15136,144.0,,,,,,,,,,,,,,
64,42,,,1696171670,8.75,0.0,0.38399999999998613,5709.713408,0.12257192665694465,235090.0,0.06739859977416905,1558.953984,301.0,4591.353856,0.0,0.0,0.0,12.75,71353.0,0.013948940602040256,24750.702592,2.654208,1173.0,0.29999999999972715,4014.759936,0.0,477957.0,21.6,9.375,27883.15136,144.0,,,,,,,,,,,,,,
65,43,,,1696171671,8.75,0.0,0.387999999999991,5709.643776,0.0040858202849444625,235333.0,0.021219133076554725,1558.953984,302.0,4591.353856,0.0,0.0,0.0,12.75,71450.0,0.006136710560562446,24750.768128,2.654208,1173.0,0.3009999999999309,4014.759936,0.0,478124.0,21.6,9.375,27883.15136,144.0,,,,,,,,,,,,,,
66,44,,,1696171672,8.75,0.0,0.3919999999999959,5709.643776,0.004085395688036993,235601.0,0.06688239583491867,1558.953984,303.0,4591.353856,0.0,0.0,0.0,11.625,71617.0,0.011091210963416628,24750.768128,2.654208,1173.0,0.30199999999967986,4014.759936,0.0,478328.0,21.6,9.25,27883.15136,144.0,,,,,,,,,,,,,,
67,45,,,1696171673,8.75,0.0,0.3959999999999866,5709.63968,0.004085888306089439,235816.0,0.000526696543496937,1558.953984,304.0,4591.353856,0.0,0.0,0.0,11.625,71720.0,0.003399586743803161,24750.768128,2.654208,1173.0,0.3029999999998836,4014.759936,0.0,478474.0,21.6,9.25,27883.15136,144.0,,,,,,,,,,,,,,
68,46,,,1696171674,8.75,0.0,0.40399999999999636,5709.606912,0.028599565293178877,236104.0,0.06739730146706842,1558.953984,307.0,4591.353856,0.0,0.0,0.0,11.625,71870.0,0.01458705506872875,24750.804992,2.654208,1173.0,0.3040000000000873,4014.759936,0.0,478686.0,21.6,9.25,27883.15136,144.0,,,,,,,,,,,,,,
69,47,,,1696171675,8.75,0.0,0.40799999999998704,5709.594624,0.004085554052529821,236433.0,0.03861327355831519,1558.953984,308.0,4591.353856,0.0,0.0,0.0,11.625,72032.0,0.06001455473224926,24750.804992,2.654208,1173.0,0.3049999999998363,4014.759936,0.0,478922.0,21.6,9.25,27883.15136,144.0,,,,,,,,,,,,,,
70,48,,,1696171676,8.75,0.0,0.4159999999999968,5709.459456,0.004085432605846201,236763.0,0.06871825314598114,1558.953984,309.0,4591.353856,0.0,0.0,0.0,11.625,72198.0,0.016820492066705123,24750.936064,2.654208,1173.0,0.30600000000004,4014.759936,0.0,479169.0,21.6,9.25,27883.15136,144.0,,,,,,,,,,,,,,
71,49,,,1696171677,8.625,0.0,0.4239999999999924,5709.426688,0.004085681334501503,237001.0,0.021218411456969285,1558.953984,310.0,4591.353856,0.0,0.0,0.0,10.75,72293.0,0.006663171698044863,24750.968832,2.654208,1173.0,0.306999999999789,4014.759936,0.0,479377.0,21.6,9.125,27883.15136,144.0,,,,,,,,,,,,,,
72,50,,,1696171678,8.625,0.0,0.43199999999998795,5709.467648,0.0040857435209439635,237319.0,0.0673908281785879,1558.953984,311.0,4591.353856,0.0,0.0,0.0,10.75,72458.0,0.015648716895757215,24750.96064,2.654208,1173.0,0.306999999999789,4014.759936,0.0,479601.0,21.6,9.125,27883.15136,144.0,,,,,,,,,,,,,,
73,51,,,1696171679,8.625,0.0,0.4399999999999977,5709.422592,0.028594900265324172,237560.0,0.021214799050739044,1558.953984,314.0,4591.353856,0.0,0.0,0.0,10.75,72579.0,0.006135457103232484,24750.993408,2.654208,1173.0,0.3089999999997417,4014.759936,0.0,479768.0,21.6,9.125,27883.15136,144.0,,,,,,,,,,,,,,
74,52,,,1696171680,8.625,0.0,0.4439999999999884,5709.418496,0.004085601659074153,238238.0,0.09626698912493362,1558.953984,315.0,4591.353856,0.0,0.0,0.0,10.75,72864.0,0.04318608628901595,24750.997504,2.654208,1173.0,0.30999999999994543,4014.759936,0.0,480388.0,21.6,9.125,27883.15136,144.0,,,,,,,,,,,,,,
75,53,,,1696171681,8.625,0.0,0.4519999999999982,5722.701824,0.06946175320333148,264533.0,346.9681847587226,1558.953984,319.0,4591.353856,0.0,0.0,0.0,10.75,77952.0,348.0864439691454,24737.718272,2.654208,1173.0,0.31300000000010186,4014.759936,0.0,497321.0,21.6,9.125,27883.15136,144.0,,,,,,,,,,,,,,
76,54,,,1696171682,9.0,0.0,0.45999999999999375,5817.819136,0.004087228784587692,317721.0,701.4561032528719,1558.953984,320.0,4591.353856,0.0,0.0,0.0,15.875,88390.0,718.4864121141715,24642.605056,2.654208,1173.0,0.31300000000010186,4014.759936,0.0,531188.0,21.9,10.25,27883.15136,144.0,,,,,,,,,,,,,,
77,54,,,1696171682,,,,,,,,,,,,,,,,,,,,,,,,,,,,,2.0,,,16.03033647300026,184.0,2.4310343265533447,,16.20103053999992,2.0,0.0001,0.002834857999914675,0.0,22.0
78,55,,,1696171683,,,,,,,,,,,,,,,,,,,,,,,,,,,,0.0026804789999914647,2.0,0.0007439569999405649,0.18833694899967668,0.31732998000006774,192.0,2.0329675674438477,0.039262839000002714,0.5527290819995869,2.0,0.0001,0.004374877999907767,0.0,23.0
79,55,,,1696171683,9.0,0.0,0.47999999999998977,5838.737408,0.016333853173977227,349751.0,120.06222703062227,1558.941696,324.0,4591.632384,0.0,0.0,0.0,15.875,94913.0,102.87729875461346,24636.86656,2.654208,1264.0,0.31599999999980355,4014.788608,0.0,551877.0,21.9,10.25,27883.143168,206.0,0.0023553500000161876,,,,,,,,,,,,,
80,55,,,1696171683,,,,,,,,,,,,,,,,,,,,,,,,,,,,,2.0,0.0007607170000483165,0.1317518400001063,0.0052449029999479535,200.0,2.2081661224365234,0.04007149499966545,0.18309086699991894,2.0,0.0001,0.002906562000134727,0.0,24.0
81,56,,,1696171684,,,,,,,,,,,,,,,,,,,,,,,,,,,,0.0025889949997690564,2.0,0.0008772500000304717,0.13674149600001329,0.003745736000382749,208.0,2.1889030933380127,0.0294515940004203,0.17582723700070346,2.0,0.0001,0.0024221660000876,0.0,25.0
82,56,,,1696171684,9.0,0.0,0.5119999999999862,5875.191808,0.29424645070438843,371548.0,1.4462727089400247,1558.888448,343.0,4591.579136,0.0,0.0,0.0,15.875,100168.0,1.8898054923074197,24608.325632,2.654208,1304.0,0.3240000000000691,4014.7968,0.0,567767.0,22.0,10.25,27875.454976,215.0,0.002442971000164107,,0.0006049660000826407,0.14118281099990782,0.008296866999899066,,,0.02764848600008918,,,,,,
83,56,,,1696171684,,,,,,,,,,,,,,,,,,,,,,,,,,,,,2.0,,,,216.0,2.0162811279296875,,0.1828351310000471,2.0,0.0001,0.0026590299999043054,0.0,26.0
84,57,,,1696171685,,,,,,,,,,,,,,,,,,,,,,,,,,,,0.002550165000229754,2.0,0.0007104170003913168,0.1304225519997999,0.009165108000161126,224.0,2.107905864715576,0.03191516299966679,0.549180890000116,2.0,0.0001,0.37441748499986716,0.0,27.0
85,57,,,1696171685,9.0,0.0,0.5279999999999916,5809.664,0.2899465000584806,393455.0,1.3029247516180686,1558.888448,398.0,4591.583232,0.0,0.0,0.0,15.875,105220.0,1.7054057799039355,24669.36832,2.654208,1331.0,0.3910000000000764,4014.800896,0.0,583382.0,21.8,10.25,27875.454976,218.0,0.0023451189999832422,,,,,,,,,,,,,
86,57,,,1696171685,,,,,,,,,,,,,,,,,,,,,,,,,,,,,2.0,0.000741637999908562,0.13271821999978783,0.0038399569998546212,232.0,2.2014942169189453,0.03147850999994262,0.17407606399910946,2.0,0.0001,0.0029526199996325886,0.0,28.0
87,58,,,1696171686,,,,,,,,,,,,,,,,,,,,,,,,,,,,0.002519527999993443,2.0,0.0005466319998959079,0.13097661699976015,0.007559768999726657,240.0,2.0423390865325928,0.03237342200009152,0.3753084239992859,2.0,0.0001,0.2013324559998182,0.0,29.0
88,58,,,1696171686,9.0,0.0,0.5439999999999969,5810.876416,0.012254406544001527,415221.0,1.4201788115237612,1558.888448,401.0,4591.591424,0.0,0.0,0.0,15.875,110484.0,1.748933583947693,24664.940544,2.654208,1367.0,0.3919999999998254,4015.091712,0.0,599102.0,21.8,10.25,27875.71712,222.0,0.002399492999757058,,,,,,,,,,,,,
89,58,,,1696171686,,,,,,,,,,,,,,,,,,,,,,,,,,,,,2.0,0.0007418210002470005,0.1304375820000132,0.009819555999911245,248.0,2.1282432079315186,0.02899768299994321,0.1752195640001446,2.0,0.0001,0.0028234290002728812,0.0,30.0
90,59,,,1696171687,,,,,,,,,,,,,,,,,,,,,,,,,,,,0.002390340000147262,2.0,0.0005637579997710418,0.1294600100000025,0.009585833000073762,256.0,1.992068886756897,0.0292591289999109,0.3023854659995777,2.0,0.0001,0.13112639599967224,0.0,31.0
91,59,,,1696171687,9.25,0.0,0.5559999999999974,5819.006976,0.012260983358234858,417070.0,0.11042069191694513,1558.888448,404.0,4591.599616,0.0,0.0,0.0,17.625,111563.0,0.09271570426092711,24656.683008,2.654208,1402.0,0.3939999999997781,4015.095808,0.0,601979.0,21.9,10.625,27875.71712,226.0,0.002415085999928124,,,,,,,,,,,,,
92,59,,,1696171687,,,,,,,,,,,,,,,,,,,,,,,,,,,,,2.0,0.0008220479999181407,0.1304011580000406,0.009674799000094936,264.0,2.1712262630462646,0.02765728400027001,0.17369393700028013,2.0,0.0001,0.0027235620000283234,0.0,32.0
93,60,,,1696171688,,,,,,,,,,,,,,,,,,,,,,,,,,,,0.0023773109996909625,2.0,0.0006340729996736627,0.12905444299985902,0.009885358999781602,272.0,2.243108034133911,0.028913438000017777,0.3186465839989978,2.0,0.0001,0.1477819599999748,0.0,33.0
94,60,,,1696171688,9.25,0.0,0.5679999999999978,5826.023424,0.012255237002150914,419348.0,0.2457350549699062,1558.888448,407.0,4591.869952,0.0,0.0,0.0,17.625,112704.0,0.14502828318144728,24650.022912,2.654208,1440.0,0.3959999999997308,4015.120384,0.0,604938.0,21.9,10.625,27875.71712,229.0,0.0024771200000941462,,0.0006470459998126898,0.12980530499999077,,,,,,,,,,
95,60,,,1696171688,,,,,,,,,,,,,,,,,,,,,,,,,,,,,2.0,,,0.008543872000245756,280.0,2.1842572689056396,0.03602324200028306,0.1806248140005664,2.0,0.0001,0.0031282290001399815,0.0,34.0
96,61,,,1696171689,,,,,,,,,,,,,,,,,,,,,,,,,,,,0.0023724170000605227,2.0,0.00056674400002521,0.12994978000006085,0.00869561999979851,288.0,1.988661289215088,0.0336414439998407,0.2868029729997943,2.0,0.0001,0.11157696800000849,0.0,35.0
97,61,,,1696171689,9.25,0.0,0.5959999999999894,5838.880768,0.06945524474341513,421514.0,0.1385354439327672,1558.888448,412.0,4591.869952,0.0,0.0,0.0,17.625,113838.0,0.14306790936289157,24636.928,2.654208,1490.0,0.3979999999996835,4015.136768,0.0,607898.0,21.9,10.625,27875.71712,232.0,0.0023143619996517373,,0.0005906030000915052,0.134489835000295,0.009666280000146799,,,0.024019233999752032,,,,,,
98,61,,,1696171689,,,,,,,,,,,,,,,,,,,,,,,,,,,,,2.0,,,,296.0,2.112980842590332,,0.1737038270002813,2.0,0.0001,0.0026235130003442464,0.0,36.0
99,62,,,1696171690,,,,,,,,,,,,,,,,,,,,,,,,,,,,0.0024927209997258615,2.0,0.0006130199999461183,0.13048747399989225,0.009158554999885382,304.0,2.1887495517730713,0.02655408800001169,0.2722016129991971,2.0,0.0001,0.1028957549997358,0.0,37.0
100,62,,,1696171690,9.25,0.0,0.6119999999999948,5850.0096,0.012249009852655389,423806.0,0.19911818164984138,1558.888448,415.0,4591.890432,0.0,0.0,0.0,17.625,115053.0,0.2214630550702102,24625.68448,2.654208,1518.0,0.40000000000009095,4015.443968,0.0,611013.0,22.0,10.625,27875.979264,234.0,0.0023759829996379267,,0.0005787459999737621,0.13077105499996833,0.010484507000001031,,,0.029225796999980957,,,,,,
101,62,,,1696171690,,,,,,,,,,,,,,,,,,,,,,,,,,,,,2.0,,,,312.0,2.1138875484466553,,0.17553365599951576,2.0,0.0001,0.0020975679999537533,0.0,38.0
102,63,,,1696171691,9.25,0.0,0.6239999999999952,5846.806528,0.08577503339057237,425494.0,0.10672418123642703,1558.89664,420.0,4592.16896,0.0,0.0,0.0,17.625,115968.0,0.09537207257461404,24621.535232,2.654208,1533.0,0.40299999999979264,4015.476736,0.0,613282.0,22.0,10.625,27875.979264,235.0,0.0025152260000140814,,0.0005899969996789878,0.13018180700009907,,,,0.03348236400006499,,,,,,
103,64,,,1696171692,9.125,0.0,0.6319999999999908,5790.887936,0.004085596801027536,425848.0,0.0268436477410924,1558.89664,421.0,4592.16896,0.0,0.0,0.0,16.25,116198.0,0.02689950549975339,24669.540352,2.654208,1533.0,0.40299999999979264,4015.476736,0.0,613601.0,21.8,10.5,27875.979264,235.0,,,,,,,,,,,,,,
104,65,,,1696171693,9.125,0.0,0.6359999999999957,5790.887936,0.004085481184741817,426090.0,0.021217372021853195,1558.89664,422.0,4592.16896,0.0,0.0,0.0,16.25,116319.0,0.006136201247952116,24669.540352,2.654208,1533.0,0.40399999999999636,4015.476736,0.0,613773.0,21.8,10.5,27875.979264,235.0,,,,,,,,,,,,,,
105,66,,,1696171694,9.125,0.0,0.6399999999999864,5790.818304,0.004085498672773883,426380.0,0.021568560359343954,1558.89664,423.0,4592.16896,0.0,0.0,0.0,16.25,116492.0,0.006136227485127381,24669.605888,2.654208,1533.0,0.40399999999999636,4015.476736,0.0,613990.0,21.8,10.5,27875.979264,235.0,,,,,,,,,,,,,,
106,67,,,1696171695,9.125,0.0,0.6439999999999912,5790.818304,0.004085539476949932,426693.0,0.020691023186187173,1558.89664,424.0,4592.16896,0.0,0.0,0.0,16.25,116629.0,0.006136288802841537,24669.605888,2.654208,1533.0,0.40499999999974534,4015.476736,0.0,614215.0,21.8,10.5,27875.979264,235.0,,,,,,,,,,,,,,
107,68,,,1696171696,9.125,0.0,0.6479999999999961,5788.9792,0.00408657739077929,427207.0,0.05005259143515679,1558.89664,425.0,4592.16896,0.0,0.0,0.0,16.25,116902.0,0.029356311777701833,24671.440896,2.654208,1533.0,0.40599999999994907,4015.476736,0.0,614611.0,21.8,10.5,27875.979264,235.0,,,,,,,,,,,,,,
108,69,,,1696171697,9.125,0.0,0.6599999999999966,5789.052928,0.08579981813026008,427642.0,0.01012648523397383,1558.89664,430.0,4592.16896,0.0,0.0,0.0,14.875,117163.0,0.0416630255220908,24671.363072,2.654208,1533.0,0.4090000000001055,4015.476736,0.0,614959.0,21.8,10.25,27875.979264,235.0,,,,,,,,,,,,,,
109,70,,,1696171698,9.125,0.0,0.6639999999999873,5789.106176,0.004085274254396427,427981.0,0.2628379281116161,1558.89664,431.0,4592.16896,0.0,0.0,0.0,14.875,117347.0,0.024431855008367313,24671.326208,2.654208,1533.0,0.4099999999998545,4015.476736,0.0,615209.0,21.8,10.25,27875.979264,235.0,,,,,,,,,,,,,,
110,71,,,1696171699,9.125,0.0,0.6679999999999922,5789.106176,0.004085178082639018,428215.0,0.02121579788919186,1558.89664,432.0,4592.16896,0.0,0.0,0.0,14.875,117466.0,0.006135746002800481,24671.326208,2.654208,1533.0,0.4099999999998545,4015.476736,0.0,615374.0,21.8,10.25,27875.979264,235.0,,,,,,,,,,,,,,
111,72,,,1696171700,9.125,0.0,0.6759999999999877,5789.10208,0.004085619148137634,428578.0,0.021218088510256285,1558.89664,433.0,4592.16896,0.0,0.0,0.0,14.875,117647.0,0.006136408436201162,24671.326208,2.654208,1533.0,0.4110000000000582,4015.476736,0.0,615628.0,21.8,10.25,27875.979264,235.0,,,,,,,,,,,,,,
112,73,,,1696171701,9.125,0.0,0.6799999999999926,5789.036544,0.004085658015073617,428861.0,0.02121829035079988,1558.89664,434.0,4592.16896,0.0,0.0,0.0,14.875,117758.0,0.0061364668388222245,24671.391744,2.654208,1533.0,0.4119999999998072,4015.476736,0.0,615820.0,21.8,10.25,27875.979264,235.0,,,,,,,,,,,,,,
113,74,,,1696171702,9.0,0.0,0.6919999999999931,5789.024256,0.06945346091154289,429250.0,0.0220233860522329,1558.89664,440.0,4592.16896,0.0,0.0,0.0,13.750000000000002,117926.0,0.00737304663115466,24671.39584,2.654208,1533.0,0.4159999999997126,4015.476736,0.0,616077.0,21.8,10.125,27875.979264,235.0,,,,,,,,,,,,,,
114,75,,,1696171703,9.0,0.0,0.6999999999999886,5788.991488,0.004085853321688953,429877.0,0.05527074241155531,1558.89664,441.0,4592.16896,0.0,0.0,0.0,13.750000000000002,118189.0,0.03946998152151035,24671.428608,2.654208,1533.0,0.4169999999999163,4015.476736,0.0,616576.0,21.8,10.125,27875.979264,235.0,,,,,,,,,,,,,,
115,76,,,1696171704,9.0,0.0,0.7079999999999984,5789.372416,0.08580816453103579,430389.0,3.157384516806438,1558.89664,460.0,4592.16896,0.0,0.0,0.0,13.750000000000002,118406.0,0.014277418729616525,24671.051776,2.654208,1533.0,0.4359999999996944,4015.476736,0.0,617158.0,21.8,10.125,27875.979264,235.0,,,,,,,,,,,,,,
116,77,,,1696171705,9.0,0.0,0.7119999999999891,5804.064768,0.004085210137574178,494059.0,733.518214943037,1558.89664,461.0,4592.16896,0.0,0.0,0.0,13.750000000000002,129639.0,733.0088801984768,24656.367616,2.654208,1533.0,0.4359999999996944,4015.476736,0.0,657716.0,21.9,10.125,27875.979264,235.0,,,,,,,,,,,,,,
117,78,,,1696171706,,,,,,,,,,,,,,,,,,,,,,,,,,,,,2.0,,,15.42144660699978,320.0,2.168623924255371,,15.702451271999962,3.0,0.0001,0.11423527100032516,0.0,39.0
118,78,,,1696171706,9.0,0.0,0.7239999999999895,5823.987712,0.008169870489637842,543573.0,431.21202741828324,1558.888448,463.0,4592.177152,0.0,0.0,0.0,13.750000000000002,139151.0,435.94702585362705,24644.13696,2.654208,1619.0,0.43800000000010186,4015.476736,0.0,689265.0,21.9,10.125,27875.979264,247.0,0.00237470599995504,,0.000548483999864402,0.19945138299999599,,,,,,,,,,
119,78,,,1696171706,,,,,,,,,,,,,,,,,,,,,,,,,,,,,2.0,,,0.3150124789999609,328.0,2.1541497707366943,0.04620934800004761,0.5681137950000448,3.0,0.0001,0.0045173950002208585,0.0,40.0
120,79,,,1696171707,,,,,,,,,,,,,,,,,,,,,,,,,,,,0.002448431000175333,2.0,0.0006087149999984831,0.12907752599994637,0.009905190999688784,336.0,1.7701252698898315,0.02766952100000708,0.17249309499993615,3.0,0.0001,0.0027837110001200926,0.0,41.0
121,79,,,1696171707,9.375,0.0,0.7399999999999949,5865.009152,0.05719404355870654,560115.0,1.141359482001528,1558.888448,468.0,4592.177152,0.0,0.0,0.0,17.625,143214.0,1.3267773369296463,24610.816,2.654208,1685.0,0.44099999999980355,4015.476736,0.0,701546.0,22.0,11.0,27875.975168,250.0,0.002393837999989046,,0.0007154800000535033,0.12955373099975986,0.004032158999962121,,,0.03228933700029302,,,,,,
122,79,,,1696171707,,,,,,,,,,,,,,,,,,,,,,,,,,,,,2.0,,,,344.0,1.9539592266082764,,0.17101424299971768,3.0,0.0001,0.0020296979996601294,0.0,42.0
123,79,,,1696171707,,,,,,,,,,,,,,,,,,,,,,,,,,,,0.002352103000248462,2.0,0.0005954200000815035,0.13692725799955952,0.008379308000257879,352.0,1.9045761823654175,0.026105985999947734,0.1767478800002209,3.0,0.0001,0.002387805000125809,0.0,43.0
124,80,,,1696171708,9.375,0.0,0.755999999999986,5864.517632,0.012250293795182299,583686.0,1.5575658374934853,1558.888448,471.0,4592.177152,0.0,0.0,0.0,17.625,148686.0,1.7328742410564126,24611.30752,2.654208,1724.0,0.4420000000000073,4015.476736,0.0,718474.0,22.0,11.0,27875.975168,253.0,0.0024347200001102465,,0.0006183010000313516,0.1358922649997112,0.0036298219997661363,,,0.03244759800008978,,,,,,
125,80,,,1696171708,,,,,,,,,,,,,,,,,,,,,,,,,,,,,2.0,,,,360.0,1.9076045751571655,,0.28719730299962976,3.0,0.0001,0.11217459699992105,0.0,44.0
126,81,,,1696171709,,,,,,,,,,,,,,,,,,,,,,,,,,,,0.0025881420001496735,2.0,0.0006274140000641637,0.1320238140001493,0.010002465000070515,368.0,1.8300434350967407,0.029103608000241366,0.3748013460008224,3.0,0.0001,0.20045590300014737,0.0,45.0
127,81,,,1696171709,9.375,0.0,0.7679999999999865,5857.153024,0.0857716890554137,607011.0,1.4022139523374613,1558.888448,477.0,4592.177152,0.0,0.0,0.0,17.625,154072.0,1.7851551875931204,24618.676224,2.654208,1758.0,0.4459999999999127,4015.476736,0.0,735056.0,22.0,11.0,27875.975168,255.0,0.0025456100001974846,,0.0008077999996203289,0.13643497800012483,0.004609457999777078,,,0.027033679999931337,,,,,,
128,81,,,1696171709,,,,,,,,,,,,,,,,,,,,,,,,,,,,,2.0,,,,376.0,1.9689501523971558,,0.1912116209996384,3.0,0.0001,0.01978009499998734,0.0,46.0
129,82,,,1696171710,,,,,,,,,,,,,,,,,,,,,,,,,,,,0.0023397989998557023,2.0,0.0005796219998046581,0.1335684499999843,0.0045495750000554835,384.0,2.034006357192993,0.03051981699991302,0.3441036329995768,3.0,0.0001,0.17254636999996364,0.0,47.0
130,82,,,1696171710,9.375,0.0,0.7839999999999918,5854.019584,0.01226452831811076,629845.0,1.3655067124594809,1558.888448,480.0,4592.177152,0.0,0.0,0.0,17.625,159448.0,1.7847843049112022,24621.805568,2.654208,1798.0,0.4470000000001164,4015.476736,0.0,751291.0,22.0,11.0,27875.979264,260.0,0.0024849279998306883,,0.0007629750002706714,0.13160626599983516,0.009358866000184207,,,0.03292160799992416,,,,,,
131,82,,,1696171710,,,,,,,,,,,,,,,,,,,,,,,,,,,,,2.0,,,,392.0,2.0973291397094727,,0.2611852859999999,3.0,0.0001,0.08405064299995502,0.0,48.0
132,83,,,1696171711,,,,,,,,,,,,,,,,,,,,,,,,,,,,0.002565794000020105,2.0,0.0006044209999345185,0.13198158499972124,0.009690531000160263,400.0,2.0604054927825928,0.031917875000090135,0.4363405799999782,3.0,0.0001,0.25958037400005196,0.0,49.0
133,83,,,1696171711,9.375,0.0,0.7999999999999972,5853.884416,0.01634803225905645,652924.0,1.4135699670561037,1558.888448,484.0,4592.181248,0.0,0.0,0.0,17.625,164919.0,1.850408866153037,24621.940736,2.654208,1828.0,0.4499999999998181,4015.476736,0.0,767685.0,22.0,11.0,27875.979264,265.0,0.0023138000001381442,,0.0007686029998694721,0.13264424499993765,0.004290703000151552,,,0.031044269000176428,,,,,,
134,83,,,1696171711,,,,,,,,,,,,,,,,,,,,,,,,,,,,,2.0,,,,408.0,1.9940751791000366,,0.17367506600021443,3.0,0.0001,0.0026134459999411774,0.0,50.0
135,84,,,1696171712,,,,,,,,,,,,,,,,,,,,,,,,,,,,0.002411650999874837,2.0,0.0007397650001621514,0.13118475700002818,0.004000631000053545,416.0,1.999551773071289,0.032301435000135825,0.2744308690002981,3.0,0.0001,0.10379263000004357,0.0,51.0
136,84,,,1696171712,9.5,0.0,0.8119999999999976,5866.758144,0.012249164144226261,665135.0,0.7282909605947452,1558.880256,487.0,4592.173056,0.0,0.0,0.0,19.25,168189.0,0.9452191917441559,24616.751104,2.654208,1862.0,0.45100000000002183,4015.476736,0.0,777192.0,22.0,11.5,27875.979264,269.0,0.0025697780001792125,,0.0005526909999389318,0.12988486299991564,0.006635426000229927,,,0.03153274800024519,,,,,,
137,84,,,1696171712,,,,,,,,,,,,,,,,,,,,,,,,,,,,,2.0,,,,424.0,1.9016705751419067,,0.17305893700040542,3.0,0.0001,0.0018834309998965182,0.0,52.0
138,85,,,1696171713,,,,,,,,,,,,,,,,,,,,,,,,,,,,0.0022611780000261206,2.0,0.0006161000001156935,0.12837964400023338,0.0031366240000352263,432.0,2.3490359783172607,0.030620615999850997,0.26310442400017564,3.0,0.0001,0.09809026199991422,0.0,53.0
139,85,,,1696171713,9.5,0.0,0.8239999999999981,5892.28032,0.012254639643698445,667328.0,0.1733441116752293,1558.880256,490.0,4592.173056,0.0,0.0,0.0,19.25,169370.0,0.15552861016779268,24583.532544,2.654208,1893.0,0.45299999999997453,4015.476736,0.0,780397.0,22.1,11.5,27875.979264,274.0,0.0023654080000596878,,0.0005363790000956214,0.1297387740000886,0.010038540000095963,,,0.02940427399971668,,,,,,
140,85,,,1696171713,,,,,,,,,,,,,,,,,,,,,,,,,,,,,2.0,,,,440.0,2.06697678565979,,0.1743053640002472,3.0,0.0001,0.0022219890001906606,0.0,54.0
141,85,,,1696171713,,,,,,,,,,,,,,,,,,,,,,,,,,,,0.0023756089999551477,2.0,0.0007566399999632267,0.13239691099988704,0.010936611000033736,448.0,1.8482228517532349,0.031235104999723262,0.18403308699953413,3.0,0.0001,0.006332210999971721,0.0,55.0
142,86,,,1696171714,,,,,,,,,,,,,,,,,,,,,,,,,,,,0.002285679000124219,2.0,0.0007283159998223709,0.13208940699996674,0.009113525999964622,456.0,2.040316581726074,0.03551580599969384,0.18472526999994443,3.0,0.0001,0.004992536000372638,0.0,56.0
143,86,,,1696171714,9.5,0.0,0.847999999999999,5852.499968,0.08161750782088645,669745.0,0.1786259734136109,1558.888448,498.0,4592.185344,0.0,0.0,0.0,19.25,170591.0,0.14238429294994087,24623.325184,2.654208,1942.0,0.4580000000000837,4015.476736,0.0,783674.0,22.0,11.5,27875.979264,278.0,0.0023087700001269695,,,,,,,,,,,,,
144,86,,,1696171714,,,,,,,,,,,,,,,,,,,,,,,,,,,,,2.0,0.0006332839998322015,0.13299633499991614,0.009342795000065962,464.0,2.0708789825439453,0.031834462999995594,0.19479268799977945,3.0,0.0001,0.017677040999842575,0.0,57.0
145,87,,,1696171715,9.5,0.0,0.8559999999999945,5866.65984,0.008171125591863755,671768.0,0.10174008917834632,1558.880256,500.0,4592.177152,0.0,0.0,0.0,19.25,171561.0,0.11749184882756512,24601.464832,2.654208,1993.0,0.45899999999983265,4015.489024,0.0,786463.0,22.0,11.5,27875.979264,278.0,0.0022953779998715618,,0.0005367270000533608,0.13024373200005357,,,,0.030118393000066135,,,,,,
146,88,,,1696171716,9.5,0.0,0.8599999999999994,5817.397248,0.0040857435209439635,672214.0,0.026309953874570864,1558.880256,501.0,4592.177152,0.0,0.0,0.0,19.25,171772.0,0.02689249154796063,24643.252224,2.654208,1993.0,0.4600000000000364,4015.489024,0.0,786852.0,21.9,11.5,27875.979264,278.0,,,,,,,,,,,,,,
147,89,,,1696171717,9.375,0.0,0.867999999999995,5817.11872,0.02042798401058079,672460.0,0.02120999276972669,1558.880256,505.0,4592.177152,0.0,0.0,0.0,17.625,171880.0,0.006136374871889376,24643.305472,2.654208,1993.0,0.46299999999973807,4015.489024,0.0,787027.0,21.9,11.25,27875.979264,278.0,,,,,,,,,,,,,,
148,90,,,1696171718,9.375,0.0,0.8719999999999999,5817.040896,0.004085630809410856,672805.0,0.321105046384383,1558.880256,506.0,4592.177152,0.0,0.0,0.0,17.625,172058.0,0.020882999676904154,24643.387392,2.654208,1993.0,0.46299999999973807,4015.489024,0.0,787284.0,21.9,11.25,27875.979264,278.0,,,,,,,,,,,,,,
149,91,,,1696171719,9.375,0.0,0.8839999999999861,5817.008128,0.04902656700985814,673022.0,0.02120973552819808,1558.880256,509.0,4592.177152,0.0,0.0,0.0,17.625,172172.0,0.008841379600632412,24643.42016,2.654208,1993.0,0.46499999999969077,4015.489024,0.0,787439.0,21.9,11.25,27875.979264,278.0,,,,,,,,,,,,,,
150,92,,,1696171720,9.375,0.0,0.887999999999991,5816.97536,0.004085897051829539,673518.0,0.029511029877643636,1558.880256,510.0,4592.177152,0.0,0.0,0.0,17.625,172418.0,0.0700827107275867,24643.452928,2.654208,1993.0,0.4659999999998945,4015.489024,0.0,787826.0,21.9,11.25,27875.979264,278.0,,,,,,,,,,,,,,
151,93,,,1696171721,9.375,0.0,0.8959999999999866,5816.623104,0.0776347581692522,673788.0,0.020685577018051654,1558.880256,514.0,4592.177152,0.0,0.0,0.0,17.625,172529.0,0.005610324332973954,24643.7888,2.654208,1993.0,0.4679999999998472,4015.489024,0.0,788009.0,21.9,11.25,27875.979264,278.0,,,,,,,,,,,,,,
152,94,,,1696171722,9.375,0.0,0.8999999999999915,5816.623104,0.004085957299464177,674027.0,0.02121186426356395,1558.880256,515.0,4592.177152,0.0,0.0,0.0,16.25,172655.0,0.006136916323641884,24643.7888,2.654208,1993.0,0.46900000000005093,4015.489024,0.0,788180.0,21.9,11.125,27875.979264,278.0,,,,,,,,,,,,,,
153,95,,,1696171723,9.375,0.0,0.907999999999987,5816.623104,0.0040856162350977,674255.0,0.021210093650460837,1558.880256,516.0,4592.177152,0.0,0.0,0.0,16.25,172756.0,0.006136404087256677,24643.7888,2.654208,1993.0,0.46900000000005093,4015.489024,0.0,788335.0,21.9,11.125,27875.979264,278.0,,,,,,,,,,,,,,
154,96,,,1696171724,9.375,0.0,0.9119999999999919,5816.516608,0.004085544336674572,674505.0,0.021209720411052544,1558.880256,517.0,4592.177152,0.0,0.0,0.0,16.25,172878.0,0.006136296070165567,24643.895296,2.654208,1993.0,0.4699999999997999,4015.489024,0.0,788507.0,21.9,11.125,27875.979264,278.0,,,,,,,,,,,,,,
155,97,,,1696171725,9.375,0.0,0.9159999999999968,5816.549376,0.004085580283755455,674887.0,0.033594322258521755,1558.880256,518.0,4592.177152,0.0,0.0,0.0,16.25,173035.0,0.016557771665484222,24643.862528,2.654208,1993.0,0.47100000000000364,4015.489024,0.0,788777.0,21.9,11.125,27875.979264,278.0,,,,,,,,,,,,,,
156,98,,,1696171726,9.375,0.0,0.9239999999999924,5816.537088,0.028602272523165086,675280.0,0.023797984559779356,1558.880256,521.0,4592.177152,0.0,0.0,0.0,16.25,173192.0,0.008722735445664664,24643.862528,2.654208,1993.0,0.4719999999997526,4015.489024,0.0,789057.0,21.9,11.125,27875.979264,278.0,,,,,,,,,,,,,,
157,99,,,1696171727,9.375,0.0,0.931999999999988,5816.500224,0.37179744348755495,675850.0,0.05230795505754072,1558.880256,588.0,4592.177152,0.0,0.0,0.0,16.0,173447.0,0.03244609387271793,24643.899392,2.654208,1993.0,0.5489999999999782,4015.489024,0.0,789658.0,21.9,11.125,27875.979264,278.0,,,,,,,,,,,,,,
158,100,,,1696171728,9.375,0.0,0.9439999999999884,5827.465216,0.04902087807246048,703728.0,348.2856712039681,1558.880256,590.0,4592.177152,0.0,0.0,0.0,16.0,178523.0,351.2138787815184,24632.958976,2.654208,1993.0,0.5509999999999309,4015.489024,0.0,807262.0,21.9,11.125,27875.979264,278.0,,,,,,,,,,,,,,
159,101,,,1696171729,9.375,0.0,0.9519999999999982,5827.760128,0.004084840058455974,760409.0,759.132748107126,1558.880256,591.0,4592.177152,0.0,0.0,0.0,16.0,189397.0,740.4663454378422,24632.66816,2.654208,1993.0,0.5519999999996799,4015.489024,0.0,843356.0,21.9,11.125,27875.979264,278.0,,,,,,,,,,,,,,
160,101,,,1696171729,,,,,,,,,,,,,,,,,,,,,,,,,,,,,2.0,,,15.06722304799996,472.0,2.139857292175293,,15.232779052000296,4.0,0.0001,0.0023617740002919163,0.0,58.0
161,102,,,1696171730,9.375,0.0,0.9599999999999937,5823.176704,0.008165292436092373,789658.0,61.05139715319308,1558.888448,593.0,4592.185344,0.0,0.0,0.0,16.0,195228.0,77.4369223208074,24644.943872,2.654208,2054.0,0.5529999999998836,4015.489024,0.0,862092.0,21.9,11.125,27875.979264,287.0,0.002863417999833473,,0.0005582879998655699,0.19564954299994497,,,,0.04769830099985484,,,,,,
162,102,,,1696171730,,,,,,,,,,,,,,,,,,,,,,,,,,,,,2.0,,,0.30762151099997936,480.0,1.989096999168396,,0.5584056059997238,4.0,0.0001,0.004014545000245562,0.0,59.0
163,102,,,1696171730,,,,,,,,,,,,,,,,,,,,,,,,,,,,0.0023431570002685476,2.0,0.0005125079997014836,0.129438052000296,0.009720086000015726,488.0,2.0399715900421143,0.02971565699999701,0.17440596799997365,4.0,0.0001,0.002676507999694877,0.0,60.0
164,103,,,1696171731,,,,,,,,,,,,,,,,,,,,,,,,,,,,0.0023352920002253086,2.0,0.0005601479997494607,0.13007348900009674,0.009367548000227544,496.0,2.00164532661438,0.027834033999624808,0.1720571889995881,4.0,0.0001,0.0018866779996642435,0.0,61.0
165,103,,,1696171731,9.375,0.0,0.9799999999999898,5821.349888,0.07760930388994565,800081.0,1.7451323169637936,1558.880256,599.0,4592.177152,0.0,0.0,0.0,16.0,198768.0,1.3292667553215558,24669.847552,2.654208,2111.0,0.55600000000004,4015.489024,0.0,870560.0,21.8,11.125,27875.975168,289.0,0.0023415609998664877,,0.0005341800001588126,0.1350359030002437,,,,,,,,,,
166,103,,,1696171731,,,,,,,,,,,,,,,,,,,,,,,,,,,,,2.0,,,0.009207736999996996,504.0,1.8737590312957764,0.034412952000366204,0.18375178900078026,4.0,0.0001,0.0022194560001480568,0.0,62.0
167,104,,,1696171732,9.5,0.0,0.9879999999999995,5782.441984,0.008161748842636516,810499.0,1.7980316760811652,1562.345472,601.0,4593.676288,0.0,0.0,0.0,16.625,202482.0,1.3447517378618468,24708.763648,2.654208,2136.0,0.556999999999789,4015.489024,0.0,879612.0,21.7,11.375,27875.975168,289.0,,,,,,,,,,,,,,
168,105,,,1696171733,9.5,0.0,0.9919999999999902,5888.520192,0.004083036277839988,821415.0,1.8658917559639059,1562.361856,602.0,4594.057216,0.0,0.0,0.0,16.625,206213.0,1.4014543541050926,24587.317248,2.654208,2136.0,0.5579999999999927,4015.489024,0.0,888810.0,22.1,11.375,27875.975168,289.0,,,,,,,,,,,,,,
169,106,,,1696171734,,,,,,,,,,,,,,,,,,,,,,,,,,,,0.002913951000209636,2.0,0.0007927159999780997,0.18931840599998395,0.009389419999934034,512.0,1.9058531522750854,0.04615149500023108,2.0732461110005715,4.0,0.0001,1.8246801230002347,1.0,0.0
170,106,,,1696171734,,,,,,,,,,,,,,,,,,,,,,,,,,,,0.0023100589996829513,2.0,0.0005274439999993774,0.13037628499978382,0.009858042999894678,520.0,1.8937976360321045,0.029674204000002646,0.17473446299936768,4.0,0.0001,0.0019884280000042054,1.0,1.0
171,106,,,1696171734,9.5,0.0,1.0039999999999907,5883.322368,0.008155177975813718,823269.0,0.1597268061439117,1561.382912,604.0,4593.201152,0.0,0.0,0.0,16.625,207317.0,0.14187939027824356,24584.8064,2.654208,2184.0,0.5589999999997417,4015.489024,0.0,891519.0,22.1,11.375,27891.359744,292.0,,,,,,,,,,,,,,
172,106,,,1696171734,,,,,,,,,,,,,,,,,,,,,,,,,,,,0.0023593309997522738,2.0,0.0005644009997922694,0.1297654820000389,0.01006532800010973,528.0,1.8341176509857178,0.02917368999987957,0.1764049509997676,4.0,0.0001,0.004476719000194862,1.0,2.0
173,107,,,1696171735,,,,,,,,,,,,,,,,,,,,,,,,,,,,0.0023422079998454137,2.0,0.0005689659997187846,0.13157875299975785,0.009670374000052107,536.0,1.8874117136001587,0.02801837200013324,0.17409432199974617,4.0,0.0001,0.0019156490002387727,1.0,3.0
174,107,,,1696171735,9.5,0.0,1.0239999999999867,5846.904832,0.05306899054395778,825672.0,0.19149804911124574,1559.343104,610.0,4591.177728,0.0,0.0,0.0,16.625,208605.0,0.207731292025362,24621.232128,2.654208,2223.0,0.5619999999998981,4015.489024,0.0,894975.0,22.0,11.375,27875.975168,295.0,0.002347388999623945,,0.0006250110000109999,0.13112123000018983,0.009572066999680828,,,0.037081564999880356,,,,,,
175,107,,,1696171735,,,,,,,,,,,,,,,,,,,,,,,,,,,,,2.0,,,,544.0,1.7796604633331299,,0.18317112299973815,4.0,0.0001,0.00242386100035219,1.0,4.0
176,108,,,1696171736,,,,,,,,,,,,,,,,,,,,,,,,,,,,0.002375897000092664,2.0,0.0005653849998452642,0.1309506570000849,0.007069446000059543,552.0,1.8186999559402466,0.023625761999937822,0.1669907969999258,4.0,0.0001,0.0024036499999056105,1.0,5.0
177,108,,,1696171736,9.5,0.0,1.039999999999992,5874.229248,0.012254872752263437,827579.0,0.12104080372076294,1559.343104,613.0,4591.177728,0.0,0.0,0.0,16.625,209670.0,0.09766399568104547,24593.89952,2.654208,2251.0,0.5639999999998508,4015.489024,0.0,897865.0,22.1,11.375,27875.979264,298.0,0.0023648199999115604,,0.0005548409999391879,0.12981520600033036,0.009913554999911867,,,0.029746101000000635,,,,,,
178,108,,,1696171736,,,,,,,,,,,,,,,,,,,,,,,,,,,,,2.0,,,,560.0,1.746269941329956,,0.2072983859998203,4.0,0.0001,0.0349038629997267,1.0,6.0
179,108,,,1696171736,,,,,,,,,,,,,,,,,,,,,,,,,,,,0.0023190289998638036,2.0,0.000588997999784624,0.1306146839997382,0.008826969999972789,568.0,1.71401047706604,0.03404220599986729,0.1790700949991333,4.0,0.0001,0.00267820799990659,1.0,7.0
180,109,,,1696171737,,,,,,,,,,,,,,,,,,,,,,,,,,,,0.0023220279999804916,2.0,0.0005537850001928746,0.13116809899975124,0.008699417000116227,576.0,1.924294114112854,0.038243250000050466,0.19577688400022453,4.0,0.0001,0.01479030500013323,1.0,8.0
181,109,,,1696171737,9.625,0.0,1.063999999999993,5829.562368,0.1511734809674756,829924.0,0.16300784923426295,1559.351296,633.0,4591.18592,0.0,0.0,0.0,18.375,210883.0,0.15853903854605786,24638.3616,2.654208,2281.0,0.5799999999999272,4015.489024,0.0,901207.0,21.9,11.75,27875.979264,300.0,0.002329357000235177,,,,,,,,,,,,,
182,109,,,1696171737,,,,,,,,,,,,,,,,,,,,,,,,,,,,,2.0,0.0005933209999966493,0.12860491699984777,0.008185486999991554,584.0,2.092419147491455,0.03180545300028825,0.17433652700037783,4.0,0.0001,0.002817992000018421,1.0,9.0
183,110,,,1696171738,,,,,,,,,,,,,,,,,,,,,,,,,,,,0.002276594000250043,2.0,0.000616318000083993,0.13112106500011578,0.011074770999584871,592.0,2.09147310256958,0.02980126400007066,0.2503474009999991,4.0,0.0001,0.07545738899989374,1.0,10.0
184,110,,,1696171738,9.625,0.0,1.083999999999989,5855.289344,0.02859034550978177,832533.0,0.468765199009541,1562.816512,639.0,4594.651136,0.0,0.0,0.0,18.375,212155.0,0.21023157520654034,24612.855808,2.654208,2339.0,0.5839999999998327,4015.489024,0.0,904660.0,22.0,11.75,27875.975168,302.0,0.0022051249998185085,,0.0006289019997893774,0.12986908299990318,,,,0.029016255999977147,,,,,,
185,111,,,1696171739,9.625,0.0,1.0919999999999987,5796.72064,0.004084693407045738,833266.0,0.021739823308197136,1562.816512,640.0,4594.651136,0.0,0.0,0.0,18.375,212631.0,0.007188103069858522,24656.019456,2.654208,2340.0,0.5850000000000364,4015.489024,0.0,906208.0,21.9,11.75,27875.975168,302.0,,,,,,,,,,,,,,
186,112,,,1696171740,9.625,0.0,1.0959999999999894,5796.487168,0.004086043791497294,833616.0,0.02122029382640598,1562.816512,641.0,4594.651136,0.0,0.0,0.0,18.375,212788.0,0.006137046227895684,24656.248832,2.654208,2340.0,0.5850000000000364,4015.489024,0.0,906446.0,21.9,11.75,27875.975168,302.0,,,,,,,,,,,,,,
187,113,,,1696171741,9.625,0.0,1.0999999999999943,5808.283648,0.00408372148683108,834311.0,0.07991172966104894,1562.816512,642.0,4594.651136,0.0,0.0,0.0,18.375,213712.0,0.07920186401808095,24644.452352,2.654208,2340.0,0.5859999999997854,4015.489024,0.0,907278.0,21.9,11.75,27875.975168,302.0,,,,,,,,,,,,,,
188,114,,,1696171742,9.625,0.0,1.1119999999999948,5811.113984,0.07761725771252757,835707.0,0.02121549017072287,1562.816512,645.0,4594.651136,0.0,0.0,0.0,17.875,215043.0,0.006135656975404657,24641.630208,2.654208,2340.0,0.5879999999997381,4015.489024,0.0,908688.0,21.9,11.75,27875.975168,302.0,,,,,,,,,,,,,,
189,115,,,1696171743,9.625,0.0,1.1359999999999957,5801.39008,0.26557048669747396,836582.0,0.0727845074799231,1562.816512,662.0,4594.651136,0.0,0.0,0.0,17.875,216200.0,0.13888985341265214,24651.30496,2.654208,2340.0,0.5960000000000036,4015.489024,0.0,909690.0,21.9,11.75,27875.975168,302.0,,,,,,,,,,,,,,
190,116,,,1696171744,9.625,0.0,1.1439999999999912,5801.074688,0.00817161724699385,836812.0,0.0005266862720296147,1562.816512,664.0,4594.651136,0.0,0.0,0.0,17.875,216344.0,0.003399520446151165,24651.620352,2.654208,2340.0,0.5969999999997526,4015.489024,0.0,909854.0,21.9,11.75,27875.975168,302.0,,,,,,,,,,,,,,
191,117,,,1696171745,9.625,0.0,1.1479999999999961,5801.070592,0.004085409291071783,837158.0,0.021216998637673463,1562.816512,665.0,4594.651136,0.0,0.0,0.0,17.875,216457.0,0.00613609326702947,24651.620352,2.654208,2340.0,0.5979999999999563,4015.489024,0.0,910076.0,21.9,11.75,27875.975168,302.0,,,,,,,,,,,,,,
192,118,,,1696171746,9.625,0.0,1.1519999999999868,5801.033728,0.004085379174205263,837587.0,0.041907053546710336,1562.816512,666.0,4594.651136,0.0,0.0,0.0,17.875,216637.0,0.012272096007758415,24651.65312,2.654208,2340.0,0.5979999999999563,4015.489024,0.0,910375.0,21.9,11.75,27875.975168,302.0,,,,,,,,,,,,,,
193,119,,,1696171747,9.625,0.0,1.1559999999999917,5801.029632,0.004085540448531067,837826.0,0.021217679809431376,1562.816512,667.0,4594.651136,0.0,0.0,0.0,16.375,216745.0,0.006136290262110863,24651.65312,2.654208,2340.0,0.5989999999997053,4015.489024,0.0,910541.0,21.9,11.625,27875.975168,302.0,,,,,,,,,,,,,,
194,120,,,1696171748,9.625,0.0,1.1679999999999922,5800.964096,0.04901916465484173,838162.0,0.2058342169351602,1562.816512,670.0,4594.651136,0.0,0.0,0.0,16.375,216946.0,0.02178097648299424,24651.718656,2.654208,2340.0,0.6019999999998618,4015.489024,0.0,910806.0,21.9,11.625,27875.975168,302.0,,,,,,,,,,,,,,
195,121,,,1696171749,9.625,0.0,1.171999999999997,5800.955904,0.00408525093780098,838398.0,0.021216176261652037,1562.816512,671.0,4594.651136,0.0,0.0,0.0,16.375,217051.0,0.00613585540153635,24651.776,2.654208,2340.0,0.6019999999998618,4015.489024,0.0,910967.0,21.9,11.625,27875.975168,302.0,,,,,,,,,,,,,,
196,122,,,1696171750,9.625,0.0,1.1799999999999926,5800.923136,0.00408600006003026,839169.0,0.07434604795425562,1562.816512,672.0,4594.651136,0.0,0.0,0.0,16.375,217435.0,0.09783256785235821,24651.821056,2.654208,2340.0,0.6030000000000655,4015.489024,0.0,911639.0,21.9,11.625,27875.975168,302.0,,,,,,,,,,,,,,
197,123,,,1696171751,9.625,0.0,1.1839999999999975,5875.818496,0.004086922506411466,842914.0,60.29823912986172,1562.816512,673.0,4594.651136,0.0,0.0,0.0,16.375,218102.0,45.70015105252312,24576.913408,2.654208,2340.0,0.6030000000000655,4015.489024,0.0,914219.0,22.1,11.625,27875.975168,302.0,,,,,,,,,,,,,,
198,124,,,1696171752,9.875,0.0,1.1879999999999882,5885.411328,0.004076161976894765,906584.0,729.6552378295015,1562.816512,674.0,4594.651136,0.0,0.0,0.0,20.125,229645.0,774.7818777629121,24567.328768,2.654208,2340.0,0.6039999999998145,4015.489024,0.0,954429.0,22.1,12.375,27875.975168,302.0,,,,,,,,,,,,,,
199,125,,,1696171753,,,,,,,,,,,,,,,,,,,,,,,,,,,,,2.0,,,14.799485968999761,600.0,1.8309390544891357,,14.963806045999263,5.0,0.0001,0.002600711000013689,1.0,11.0
200,125,,,1696171753,9.875,0.0,1.1999999999999886,6097.989632,0.040810673341121505,951103.0,376.0928644729802,1562.816512,678.0,4594.655232,0.0,0.0,0.0,20.125,237936.0,346.49158385279907,24354.750464,2.654208,2375.0,0.6059999999997672,4015.489024,0.0,1072470.0,22.8,12.375,27875.975168,306.0,,,,,,,,,,,,,,
201,126,,,1696171754,9.875,0.0,1.2039999999999935,6180.261888,0.08571528255601896,951467.0,0.026275815789367836,1562.816512,683.0,4594.655232,0.0,0.0,0.0,20.125,238261.0,0.024753157767294247,24272.470016,2.654208,2375.0,0.6099999999996726,4015.489024,0.0,1122696.0,23.1,12.375,27875.975168,306.0,,,,,,,,,,,,,,
202,127,,,1696171755,9.875,0.0,1.2079999999999984,6180.261888,0.004085275224037194,951820.0,0.02325893999628762,1562.816512,684.0,4594.655232,0.0,0.0,0.0,20.125,238400.0,0.005848645982914627,24272.470016,2.654208,2375.0,0.6099999999996726,4015.489024,0.0,1122939.0,23.1,12.375,27875.975168,306.0,,,,,,,,,,,,,,
203,128,,,1696171756,9.875,0.0,1.211999999999989,6180.130816,0.004085733804187545,952409.0,0.06035235304873173,1562.816512,685.0,4594.655232,0.0,0.0,0.0,20.125,238626.0,0.06664853267740727,24272.601088,2.654208,2375.0,0.6109999999998763,4015.489024,0.0,1123353.0,23.1,12.375,27875.975168,306.0,,,,,,,,,,,,,,
204,129,,,1696171757,9.875,0.0,1.215999999999994,6181.392384,0.004085808624404157,952754.0,0.028121854666674672,1562.816512,686.0,4594.655232,0.0,0.0,0.0,18.5,238872.0,0.029095426263065605,24271.33952,2.654208,2375.0,0.6109999999998763,4015.489024,0.0,1123647.0,23.1,12.25,27875.975168,306.0,,,,,,,,,,,,,,
205,130,,,1696171758,9.875,0.0,1.2199999999999989,4011.52,0.004085375286376043,954483.0,0.369040248144557,1562.804224,687.0,4594.642944,0.0,0.0,0.0,18.5,239764.0,0.3016554936487893,26448.961536,2.654208,2398.0,0.61200000000008,4007.100416,0.0,1125307.0,16.2,12.25,27867.52512,306.0,,,,,,,,,,,,,,
206,131,,,1696171759,9.875,0.0,1.23599999999999,4011.528192,0.10212561512997136,954721.0,0.001579755606871042,1562.804224,691.0,4594.642944,0.0,0.0,0.0,18.5,239882.0,0.010156711551581007,26448.961536,2.654208,2398.0,0.6149999999997817,4007.104512,0.0,1125478.0,16.2,12.25,27867.52512,306.0,,,,,,,,,,,,,,
207,132,,,1696171760,9.875,0.0,1.2399999999999949,4011.25376,0.004084965355140596,954964.0,0.0018031292394302945,1562.804224,692.0,4594.642944,0.0,0.0,0.0,18.5,240011.0,0.0011808102911958398,26449.231872,2.654208,2398.0,0.6149999999997817,4007.104512,0.0,1125651.0,16.2,12.25,27867.52512,306.0,,,,,,,,,,,,,,
208,133,,,1696171761,9.875,0.0,1.2439999999999998,4011.25376,0.004085766841347934,955366.0,0.0,1562.804224,693.0,4594.642944,0.0,0.0,0.0,18.5,240093.0,0.0,26449.231872,2.654208,2398.0,0.6159999999999854,4007.104512,0.0,1125883.0,16.2,12.25,27867.52512,306.0,,,,,,,,,,,,,,
209,134,,,1696171762,9.75,0.0,1.2479999999999905,4011.25376,0.004085223739373431,955572.0,0.0,1562.804224,694.0,4594.642944,0.0,0.0,0.0,17.0,240194.0,0.0,26449.231872,2.654208,2398.0,0.6159999999999854,4007.104512,0.0,1126022.0,16.2,12.0,27867.52512,306.0,,,,,,,,,,,,,,
210,135,,,1696171763,9.75,0.0,1.2519999999999953,3886.186496,0.004085451065001014,956270.0,0.029356200152264766,1286.488064,695.0,4195.786752,0.0,0.0,0.0,17.0,240429.0,0.052201212669627475,26849.214464,2.654208,2410.0,0.6169999999997344,3851.075584,0.0,1126541.0,14.9,12.0,26951.02464,307.0,,,,,,,,,,,,,,
211,136,,,1696171764,9.75,0.0,1.255999999999986,3885.064192,0.004085227625100079,956972.0,0.0,972.804096,696.0,3877.916672,0.0,0.0,0.0,17.0,240963.0,0.0015798341037352088,27165.36832,2.654208,2421.0,0.6169999999997344,3792.355328,0.0,1127049.0,13.9,12.0,26578.591744,313.0,,,,,,,,,,,,,,
212,137,,,1696171765,9.75,0.0,1.259999999999991,3882.954752,0.04085312140939241,957265.0,0.0,972.804096,699.0,3877.900288,0.0,0.0,0.0,17.0,241097.0,0.0,27167.473664,2.654208,2426.0,0.6189999999996871,3767.201792,0.0,1127238.0,13.9,12.0,26553.413632,314.0,,,,,,,,,,,,,,
213,138,,,1696171766,9.75,0.0,1.2759999999999962,3880.779776,0.016343044041259053,957876.0,0.05424805340699256,972.804096,703.0,3877.904384,0.0,0.0,0.0,17.0,241355.0,0.06482155603113261,27169.640448,2.654208,2438.0,0.6219999999998436,3750.424576,0.0,1127649.0,13.9,12.0,26536.628224,314.0,,,,,,,,,,,,,,
214,139,,,1696171767,9.75,0.0,1.279999999999987,3881.45152,0.004085931063396954,958685.0,0.44362677301217934,972.804096,704.0,3877.892096,0.0,0.0,0.0,15.625,241881.0,0.4225427303055096,27168.976896,2.654208,2451.0,0.6230000000000473,3742.035968,0.0,1128379.0,13.9,11.75,26528.23552,314.0,,,,,,,,,,,,,,
